{"type": "FeatureCollection", "features": [{"type": "Feature", "properties": {"submitted": true, "locationType": "Unsafe pedestrian or tramway crossing", "greatestDangerTo": "Pedestrians", "layer": "DangerousLocations_hki", "status": "active_hazard"}, "geometry": {"type": "Point", "coordinates": [25.011202999359327, 60.23530900036636]}}, {"type": "Feature", "properties": {"submitted": true, "locationType": "Issue regarding the condition of the road or its maintenance", "greatestDangerTo": "Pedestrians", "layer": "DangerousLocations_hki", "status": "active_hazard"}, "geometry": {"type": "Point", "coordinates": [25.016996000817517, 60.23876599664964]}}, {"type": "Feature", "properties": {"submitted": true, "locationType": "A dangerous or difficult intersection", "greatestDangerTo": "Car drivers", "layer": "DangerousLocations_hki", "status": "active_hazard"}, "geometry": {"type": "Point", "coordinates": [25.01853300017323, 60.23836399941535]}}, {"type": "Feature", "properties": {"submitted": true, "locationType": "A dangerous or difficult intersection", "greatestDangerTo": "Cyclists (incl. e-bikes)", "layer": "DangerousLocations_hki", "status": "active_hazard"}, "geometry": {"type": "Point", "coordinates": [24.943916999302058, 60.19252000383019]}}, {"type": "Feature", "properties": {"submitted": true, "locationType": "A dangerous or difficult intersection", "greatestDangerTo": "Cyclists (incl. e-bikes)", "layer": "DangerousLocations_hki", "status": "active_hazard"}, "geometry": {"type": "Point", "coordinates": [24.9461550004779, 60.19187500011919]}}, {"type": "Feature", "properties": {"submitted": true, "locationType": "A dangerous or difficult intersection", "greatestDangerTo": "Cyclists (incl. e-bikes)", "layer": "DangerousLocations_hki", "status": "active_hazard"}, "geometry": {"type": "Point", "coordinates": [24.94310200044035, 60.19303800334635]}}, {"type": "Feature", "properties": {"submitted": true, "locationType": "A dangerous or difficult intersection", "greatestDangerTo": "Cyclists (incl. e-bikes)", "layer": "DangerousLocations_hki", "status": "active_hazard"}, "geometry": {"type": "Point", "coordinates": [24.94194099975225, 60.193638999964556]}}, {"type": "Feature", "properties": {"submitted": true, "locationType": "A dangerous or difficult intersection", "greatestDangerTo": "Cyclists (incl. e-bikes)", "layer": "DangerousLocations_hki", "status": "active_hazard"}, "geometry": {"type": "Point", "coordinates": [24.941084000192905, 60.1939650024699]}}, {"type": "Feature", "properties": {"submitted": true, "locationType": "A dangerous or difficult intersection", "greatestDangerTo": "Cyclists (incl. e-bikes)", "layer": "DangerousLocations_hki", "status": "active_hazard"}, "geometry": {"type": "Point", "coordinates": [24.940075000772133, 60.194407998644316]}}, {"type": "Feature", "properties": {"submitted": true, "locationType": "A dangerous or difficult intersection", "greatestDangerTo": "Cyclists (incl. e-bikes)", "layer": "DangerousLocations_hki", "status": "active_hazard"}, "geometry": {"type": "Point", "coordinates": [24.938359999619912, 60.19507600103875]}}, {"type": "Feature", "properties": {"submitted": true, "locationType": "Some other issue", "greatestDangerTo": "Pedestrians", "layer": "DangerousLocations_hki", "status": "active_hazard"}, "geometry": {"type": "Point", "coordinates": [24.944774000019073, 60.193129001621145]}}, {"type": "Feature", "properties": {"submitted": true, "locationType": "Issue regarding quality of the route or its continuity", "greatestDangerTo": "Cyclists (incl. e-bikes)", "layer": "DangerousLocations_hki", "status": "active_hazard"}, "geometry": {"type": "Point", "coordinates": [24.88141500044042, 60.150164001874984]}}, {"type": "Feature", "properties": {"submitted": true, "locationType": "Unsafe pedestrian or tramway crossing", "greatestDangerTo": "Pedestrians", "layer": "DangerousLocations_hki", "status": "active_hazard"}, "geometry": {"type": "Point", "coordinates": [24.87561099950377, 60.15773699594432]}}, {"type": "Feature", "properties": {"submitted": true, "locationType": "Issue regarding quality of the route or its continuity", "greatestDangerTo": "Cyclists (incl. e-bikes)", "layer": "DangerousLocations_hki", "status": "active_hazard"}, "geometry": {"type": "Point", "coordinates": [24.92032800025721, 60.17112499702803]}}, {"type": "Feature", "properties": {"submitted": true, "locationType": "Unsafe pedestrian or tramway crossing", "greatestDangerTo": "Pedestrians", "layer": "DangerousLocations_hki", "status": "active_hazard"}, "geometry": {"type": "Point", "coordinates": [24.922451000581162, 60.16220099569114]}}, {"type": "Feature", "properties": {"submitted": true, "locationType": "Some other issue", "greatestDangerTo": "Pedestrians", "layer": "DangerousLocations_hki", "status": "active_hazard"}, "geometry": {"type": "Point", "coordinates": [24.941450999824074, 60.17056799854635]}}, {"type": "Feature", "properties": {"submitted": true, "locationType": "Issue regarding quality of the route or its continuity", "greatestDangerTo": "Cyclists (incl. e-bikes)", "layer": "DangerousLocations_hki", "status": "active_hazard"}, "geometry": {"type": "Point", "coordinates": [24.929073999409052, 60.22627199640535]}}, {"type": "Feature", "properties": {"submitted": true, "locationType": "A dangerous or difficult intersection", "greatestDangerTo": "Cyclists (incl. e-bikes)", "layer": "DangerousLocations_hki", "status": "active_hazard"}, "geometry": {"type": "Point", "coordinates": [24.937136000237434, 60.172833003205064]}}, {"type": "Feature", "properties": {"submitted": true, "locationType": "Issue regarding quality of the route or its continuity", "greatestDangerTo": "Pedestrians", "layer": "DangerousLocations_hki", "status": "active_hazard"}, "geometry": {"type": "Point", "coordinates": [24.96147499968386, 60.19062499847019]}}, {"type": "Feature", "properties": {"submitted": true, "locationType": "Unsafe pedestrian or tramway crossing", "greatestDangerTo": "Pedestrians", "layer": "DangerousLocations_hki", "status": "active_hazard"}, "geometry": {"type": "Point", "coordinates": [24.962441000113188, 60.191081004432064]}}, {"type": "Feature", "properties": {"submitted": true, "locationType": "Unsafe pedestrian or tramway crossing", "greatestDangerTo": "Pedestrians", "layer": "DangerousLocations_hki", "status": "active_hazard"}, "geometry": {"type": "Point", "coordinates": [24.9646269992489, 60.19193500053034]}}, {"type": "Feature", "properties": {"submitted": true, "locationType": "Unsafe pedestrian or tramway crossing", "greatestDangerTo": "Pedestrians", "layer": "DangerousLocations_hki", "status": "active_hazard"}, "geometry": {"type": "Point", "coordinates": [24.875546999561145, 60.24153100096284]}}, {"type": "Feature", "properties": {"submitted": true, "locationType": "Unsafe pedestrian or tramway crossing", "greatestDangerTo": "Car drivers", "layer": "DangerousLocations_hki", "status": "active_hazard"}, "geometry": {"type": "Point", "coordinates": [24.891086999767797, 60.24807500021329]}}, {"type": "Feature", "properties": {"submitted": true, "locationType": "A dangerous or difficult intersection", "greatestDangerTo": "Cyclists (incl. e-bikes)", "layer": "DangerousLocations_hki", "status": "active_hazard"}, "geometry": {"type": "Point", "coordinates": [24.891746999142207, 60.2450250015892]}}, {"type": "Feature", "properties": {"submitted": true, "locationType": "Issue regarding the condition of the road or its maintenance", "greatestDangerTo": "Car drivers", "layer": "DangerousLocations_hki", "status": "active_hazard"}, "geometry": {"type": "Point", "coordinates": [24.897236999486445, 60.25363900072022]}}, {"type": "Feature", "properties": {"submitted": true, "locationType": "Issue regarding the condition of the road or its maintenance", "greatestDangerTo": "Car drivers", "layer": "DangerousLocations_hki", "status": "active_hazard"}, "geometry": {"type": "Point", "coordinates": [24.897162000148374, 60.25402899591951]}}, {"type": "Feature", "properties": {"submitted": true, "locationType": "Unclear signage", "greatestDangerTo": "Public transport users", "layer": "DangerousLocations_hki", "status": "active_hazard"}, "geometry": {"type": "Point", "coordinates": [24.89745299923803, 60.256770003131756]}}, {"type": "Feature", "properties": {"submitted": true, "locationType": "A dangerous or difficult intersection", "greatestDangerTo": "Cyclists (incl. e-bikes)", "layer": "DangerousLocations_hki", "status": "active_hazard"}, "geometry": {"type": "Point", "coordinates": [24.91591600033144, 60.1852199978709]}}, {"type": "Feature", "properties": {"submitted": true, "locationType": "Unsafe pedestrian or tramway crossing", "greatestDangerTo": "Pedestrians", "layer": "DangerousLocations_hki", "status": "active_hazard"}, "geometry": {"type": "Point", "coordinates": [24.976441999778874, 60.246794997954105]}}, {"type": "Feature", "properties": {"submitted": true, "locationType": "Unsafe pedestrian or tramway crossing", "greatestDangerTo": "Pedestrians", "layer": "DangerousLocations_hki", "status": "active_hazard"}, "geometry": {"type": "Point", "coordinates": [24.977930000456915, 60.24875599666609]}}, {"type": "Feature", "properties": {"submitted": true, "locationType": "Unsafe pedestrian or tramway crossing", "greatestDangerTo": "Pedestrians", "layer": "DangerousLocations_hki", "status": "active_hazard"}, "geometry": {"type": "Point", "coordinates": [24.990122999386607, 60.242870998211394]}}, {"type": "Feature", "properties": {"submitted": true, "locationType": "A dangerous or difficult intersection", "greatestDangerTo": "Pedestrians", "layer": "DangerousLocations_hki", "status": "active_hazard"}, "geometry": {"type": "Point", "coordinates": [24.995404999308676, 60.24275699709102]}}, {"type": "Feature", "properties": {"submitted": true, "locationType": "A dangerous or difficult intersection", "greatestDangerTo": "Pedestrians", "layer": "DangerousLocations_hki", "status": "active_hazard"}, "geometry": {"type": "Point", "coordinates": [24.990128999480685, 60.242825003815796]}}, {"type": "Feature", "properties": {"submitted": true, "locationType": "Unsafe pedestrian or tramway crossing", "greatestDangerTo": "Pedestrians", "layer": "DangerousLocations_hki", "status": "active_hazard"}, "geometry": {"type": "Point", "coordinates": [24.993194999490402, 60.245125001286944]}}, {"type": "Feature", "properties": {"submitted": true, "locationType": "A dangerous or difficult intersection", "greatestDangerTo": "Pedestrians", "layer": "DangerousLocations_hki", "status": "active_hazard"}, "geometry": {"type": "Point", "coordinates": [24.933042000214773, 60.1981030013432]}}, {"type": "Feature", "properties": {"submitted": true, "locationType": "Unsafe pedestrian or tramway crossing", "greatestDangerTo": "Pedestrians", "layer": "DangerousLocations_hki", "status": "active_hazard"}, "geometry": {"type": "Point", "coordinates": [24.928309999544155, 60.19816200148902]}}, {"type": "Feature", "properties": {"submitted": true, "locationType": "Unsafe pedestrian or tramway crossing", "greatestDangerTo": "Pedestrians", "layer": "DangerousLocations_hki", "status": "active_hazard"}, "geometry": {"type": "Point", "coordinates": [24.892513000324012, 60.25912700123347]}}, {"type": "Feature", "properties": {"submitted": true, "locationType": "Unsafe pedestrian or tramway crossing", "greatestDangerTo": "Pedestrians", "layer": "DangerousLocations_hki", "status": "active_hazard"}, "geometry": {"type": "Point", "coordinates": [24.89340000010129, 60.25930200245397]}}, {"type": "Feature", "properties": {"submitted": true, "locationType": "A dangerous or difficult intersection", "greatestDangerTo": "Cyclists (incl. e-bikes)", "layer": "DangerousLocations_hki", "status": "active_hazard"}, "geometry": {"type": "Point", "coordinates": [24.946199001083855, 60.16278599615056]}}, {"type": "Feature", "properties": {"submitted": true, "locationType": "Pedestrian traffic lights that change too fast", "greatestDangerTo": "Pedestrians", "layer": "DangerousLocations_hki", "status": "active_hazard"}, "geometry": {"type": "Point", "coordinates": [25.059758999361083, 60.201833004211046]}}, {"type": "Feature", "properties": {"submitted": true, "locationType": "Unsafe pedestrian or tramway crossing", "greatestDangerTo": "Pedestrians", "layer": "DangerousLocations_hki", "status": "active_hazard"}, "geometry": {"type": "Point", "coordinates": [24.934908999806385, 60.16853899865527]}}, {"type": "Feature", "properties": {"submitted": true, "locationType": "Unsafe pedestrian or tramway crossing", "greatestDangerTo": "Pedestrians", "layer": "DangerousLocations_hki", "status": "active_hazard"}, "geometry": {"type": "Point", "coordinates": [25.010798000564954, 60.18607499639406]}}, {"type": "Feature", "properties": {"submitted": true, "locationType": "A dangerous location related to parking", "greatestDangerTo": "Pedestrians", "layer": "DangerousLocations_hki", "status": "active_hazard"}, "geometry": {"type": "Point", "coordinates": [24.92553800048715, 60.16651700268842]}}, {"type": "Feature", "properties": {"submitted": true, "locationType": "A dangerous location related to parking", "greatestDangerTo": "Pedestrians", "layer": "DangerousLocations_hki", "status": "active_hazard"}, "geometry": {"type": "Point", "coordinates": [24.925518000638412, 60.16676499711566]}}, {"type": "Feature", "properties": {"submitted": true, "locationType": "A dangerous or difficult intersection", "greatestDangerTo": "Users of e-scooters or other light electric vehicles", "layer": "DangerousLocations_hki", "status": "active_hazard"}, "geometry": {"type": "Point", "coordinates": [24.958585999839457, 60.21567200066889]}}, {"type": "Feature", "properties": {"submitted": true, "locationType": "A dangerous or difficult intersection", "greatestDangerTo": "Users of e-scooters or other light electric vehicles", "layer": "DangerousLocations_hki", "status": "active_hazard"}, "geometry": {"type": "Point", "coordinates": [24.967860000189077, 60.224800003508996]}}, {"type": "Feature", "properties": {"submitted": true, "locationType": "Issue regarding quality of the route or its continuity", "greatestDangerTo": "Cyclists (incl. e-bikes)", "layer": "DangerousLocations_hki", "status": "active_hazard"}, "geometry": {"type": "Point", "coordinates": [24.962728000333463, 60.21025099953933]}}, {"type": "Feature", "properties": {"submitted": true, "locationType": "A dangerous or difficult intersection", "greatestDangerTo": "Cyclists (incl. e-bikes)", "layer": "DangerousLocations_hki", "status": "active_hazard"}, "geometry": {"type": "Point", "coordinates": [24.979633000506162, 60.21671399739552]}}, {"type": "Feature", "properties": {"submitted": true, "locationType": "Some other issue", "greatestDangerTo": "Pedestrians", "layer": "DangerousLocations_hki", "status": "active_hazard"}, "geometry": {"type": "Point", "coordinates": [24.941613999634253, 60.170412996322405]}}, {"type": "Feature", "properties": {"submitted": true, "locationType": "Unsafe pedestrian or tramway crossing", "greatestDangerTo": "Cyclists (incl. e-bikes)", "layer": "DangerousLocations_hki", "status": "active_hazard"}, "geometry": {"type": "Point", "coordinates": [24.93525799980641, 60.172469003788336]}}, {"type": "Feature", "properties": {"submitted": true, "locationType": "A dangerous location related to parking", "greatestDangerTo": "Car drivers", "layer": "DangerousLocations_hki", "status": "active_hazard"}, "geometry": {"type": "Point", "coordinates": [24.847100999703745, 60.23282699723963]}}, {"type": "Feature", "properties": {"submitted": true, "locationType": "A dangerous location related to parking", "greatestDangerTo": "Car drivers", "layer": "DangerousLocations_hki", "status": "active_hazard"}, "geometry": {"type": "Point", "coordinates": [24.852273999306483, 60.233397003135025]}}, {"type": "Feature", "properties": {"submitted": true, "locationType": "A dangerous location related to parking", "greatestDangerTo": "Pedestrians", "layer": "DangerousLocations_hki", "status": "active_hazard"}, "geometry": {"type": "Point", "coordinates": [24.85531599955974, 60.23522100354811]}}, {"type": "Feature", "properties": {"submitted": true, "locationType": "Some other issue", "greatestDangerTo": "Pedestrians", "layer": "DangerousLocations_hki", "status": "active_hazard"}, "geometry": {"type": "Point", "coordinates": [24.85834899958774, 60.22425400172524]}}, {"type": "Feature", "properties": {"submitted": true, "locationType": "Unsafe pedestrian or tramway crossing", "greatestDangerTo": "Pedestrians", "layer": "DangerousLocations_hki", "status": "active_hazard"}, "geometry": {"type": "Point", "coordinates": [24.853592999699476, 60.22686600282084]}}, {"type": "Feature", "properties": {"submitted": true, "locationType": "Unsafe pedestrian or tramway crossing", "greatestDangerTo": "Pedestrians", "layer": "DangerousLocations_hki", "status": "active_hazard"}, "geometry": {"type": "Point", "coordinates": [24.853961000318993, 60.22661300175839]}}, {"type": "Feature", "properties": {"submitted": true, "locationType": "Pedestrian traffic lights that change too fast", "greatestDangerTo": "Pedestrians", "layer": "DangerousLocations_hki", "status": "active_hazard"}, "geometry": {"type": "Point", "coordinates": [24.857032999823367, 60.22445700386917]}}, {"type": "Feature", "properties": {"submitted": true, "locationType": "Issue regarding quality of the route or its continuity", "greatestDangerTo": "Cyclists (incl. e-bikes)", "layer": "DangerousLocations_hki", "status": "active_hazard"}, "geometry": {"type": "Point", "coordinates": [24.94902800021601, 60.19770700134569]}}, {"type": "Feature", "properties": {"submitted": true, "locationType": "Unsafe pedestrian or tramway crossing", "greatestDangerTo": "Pedestrians", "layer": "DangerousLocations_hki", "status": "active_hazard"}, "geometry": {"type": "Point", "coordinates": [25.039609999567844, 60.19212800344207]}}, {"type": "Feature", "properties": {"submitted": true, "locationType": "A dangerous or difficult intersection", "greatestDangerTo": "Pedestrians", "layer": "DangerousLocations_hki", "status": "active_hazard"}, "geometry": {"type": "Point", "coordinates": [25.034230000952064, 60.19382199768056]}}, {"type": "Feature", "properties": {"submitted": true, "locationType": "Some other issue", "greatestDangerTo": "Pedestrians", "layer": "DangerousLocations_hki", "status": "active_hazard"}, "geometry": {"type": "Point", "coordinates": [25.037465999282905, 60.19474799897877]}}, {"type": "Feature", "properties": {"submitted": true, "locationType": "Some other issue", "greatestDangerTo": "Pedestrians", "layer": "DangerousLocations_hki", "status": "active_hazard"}, "geometry": {"type": "Point", "coordinates": [24.93698599923405, 60.170687004442435]}}, {"type": "Feature", "properties": {"submitted": true, "locationType": "Some other issue", "greatestDangerTo": "Pedestrians", "layer": "DangerousLocations_hki", "status": "active_hazard"}, "geometry": {"type": "Point", "coordinates": [24.921782000622148, 60.17647399823569]}}, {"type": "Feature", "properties": {"submitted": true, "locationType": "Unclear signage", "greatestDangerTo": "Pedestrians", "layer": "DangerousLocations_hki", "status": "active_hazard"}, "geometry": {"type": "Point", "coordinates": [24.936504000908464, 60.172739998597166]}}, {"type": "Feature", "properties": {"submitted": true, "locationType": "Unsafe pedestrian or tramway crossing", "greatestDangerTo": "Pedestrians", "layer": "DangerousLocations_hki", "status": "active_hazard"}, "geometry": {"type": "Point", "coordinates": [24.93868499982029, 60.16973900250057]}}, {"type": "Feature", "properties": {"submitted": true, "locationType": "Unsafe pedestrian or tramway crossing", "greatestDangerTo": "Pedestrians", "layer": "DangerousLocations_hki", "status": "active_hazard"}, "geometry": {"type": "Point", "coordinates": [24.939876000364016, 60.16900100227881]}}, {"type": "Feature", "properties": {"submitted": true, "locationType": "Unsafe pedestrian or tramway crossing", "greatestDangerTo": "Pedestrians", "layer": "DangerousLocations_hki", "status": "active_hazard"}, "geometry": {"type": "Point", "coordinates": [24.94106599969992, 60.16830500286899]}}, {"type": "Feature", "properties": {"submitted": true, "locationType": "Unsafe pedestrian or tramway crossing", "greatestDangerTo": "Pedestrians", "layer": "DangerousLocations_hki", "status": "active_hazard"}, "geometry": {"type": "Point", "coordinates": [24.934851000527598, 60.16860700438098]}}, {"type": "Feature", "properties": {"submitted": true, "locationType": "Unsafe pedestrian or tramway crossing", "greatestDangerTo": "Pedestrians", "layer": "DangerousLocations_hki", "status": "active_hazard"}, "geometry": {"type": "Point", "coordinates": [24.933840000635453, 60.168976003413874]}}, {"type": "Feature", "properties": {"submitted": true, "locationType": "Unsafe pedestrian or tramway crossing", "greatestDangerTo": "Pedestrians", "layer": "DangerousLocations_hki", "status": "active_hazard"}, "geometry": {"type": "Point", "coordinates": [24.924565999720382, 60.1713840035101]}}, {"type": "Feature", "properties": {"submitted": true, "locationType": "Unclear signage", "greatestDangerTo": "Cyclists (incl. e-bikes)", "layer": "DangerousLocations_hki", "status": "active_hazard"}, "geometry": {"type": "Point", "coordinates": [24.94682100028108, 60.19159999786136]}}, {"type": "Feature", "properties": {"submitted": false, "locationType": "A dangerous or difficult intersection", "greatestDangerTo": "Cyclists (incl. e-bikes)", "layer": "DangerousLocations_hki", "status": "active_hazard"}, "geometry": {"type": "Point", "coordinates": [25.029905000650302, 60.19481100417568]}}, {"type": "Feature", "properties": {"submitted": true, "locationType": "Unsafe pedestrian or tramway crossing", "greatestDangerTo": "Pedestrians", "layer": "DangerousLocations_hki", "status": "active_hazard"}, "geometry": {"type": "Point", "coordinates": [24.974060000737346, 60.18101899802765]}}, {"type": "Feature", "properties": {"submitted": true, "locationType": "A dangerous location related to construction site arrangements", "greatestDangerTo": "Pedestrians", "layer": "DangerousLocations_hki", "status": "active_hazard"}, "geometry": {"type": "Point", "coordinates": [24.97498900013428, 60.17940999605626]}}, {"type": "Feature", "properties": {"submitted": true, "locationType": "Some other issue", "greatestDangerTo": "Pedestrians", "layer": "DangerousLocations_hki", "status": "active_hazard"}, "geometry": {"type": "Point", "coordinates": [25.156284000817923, 60.207339998835366]}}, {"type": "Feature", "properties": {"submitted": true, "locationType": "Unsafe pedestrian or tramway crossing", "greatestDangerTo": "Pedestrians", "layer": "DangerousLocations_hki", "status": "active_hazard"}, "geometry": {"type": "Point", "coordinates": [25.151481999059843, 60.20676800192808]}}, {"type": "Feature", "properties": {"submitted": true, "locationType": "Unsafe pedestrian or tramway crossing", "greatestDangerTo": "Pedestrians", "layer": "DangerousLocations_hki", "status": "active_hazard"}, "geometry": {"type": "Point", "coordinates": [24.934254999855398, 60.19981200399899]}}, {"type": "Feature", "properties": {"submitted": true, "locationType": "Unsafe pedestrian or tramway crossing", "greatestDangerTo": "Cyclists (incl. e-bikes)", "layer": "DangerousLocations_hki", "status": "active_hazard"}, "geometry": {"type": "Point", "coordinates": [25.20955199955264, 60.260288001133894]}}, {"type": "Feature", "properties": {"submitted": true, "locationType": "Some other issue", "greatestDangerTo": "Car drivers", "layer": "DangerousLocations_hki", "status": "active_hazard"}, "geometry": {"type": "Point", "coordinates": [24.9625149992278, 60.190631000359275]}}, {"type": "Feature", "properties": {"submitted": true, "locationType": "Unsafe pedestrian or tramway crossing", "greatestDangerTo": "Pedestrians", "layer": "DangerousLocations_hki", "status": "active_hazard"}, "geometry": {"type": "Point", "coordinates": [25.001174000269632, 60.18772999751112]}}, {"type": "Feature", "properties": {"submitted": true, "locationType": "Unsafe pedestrian or tramway crossing", "greatestDangerTo": "Pedestrians", "layer": "DangerousLocations_hki", "status": "active_hazard"}, "geometry": {"type": "Point", "coordinates": [25.012858999177467, 60.18962800021704]}}, {"type": "Feature", "properties": {"submitted": false, "locationType": "A dangerous location related to parking", "greatestDangerTo": "Car drivers", "layer": "DangerousLocations_hki", "status": "active_hazard"}, "geometry": {"type": "Point", "coordinates": [25.00433799994839, 60.18900999658926]}}, {"type": "Feature", "properties": {"submitted": true, "locationType": "A dangerous or difficult intersection", "greatestDangerTo": "Car drivers", "layer": "DangerousLocations_hki", "status": "active_hazard"}, "geometry": {"type": "Point", "coordinates": [25.03162499971771, 60.19407400012207]}}, {"type": "Feature", "properties": {"submitted": true, "locationType": "Unsafe pedestrian or tramway crossing", "greatestDangerTo": "Pedestrians", "layer": "DangerousLocations_hki", "status": "active_hazard"}, "geometry": {"type": "Point", "coordinates": [25.03206300039511, 60.196107002212734]}}, {"type": "Feature", "properties": {"submitted": true, "locationType": "Unsafe pedestrian or tramway crossing", "greatestDangerTo": "Pedestrians", "layer": "DangerousLocations_hki", "status": "active_hazard"}, "geometry": {"type": "Point", "coordinates": [25.031687999162212, 60.196140999418176]}}, {"type": "Feature", "properties": {"submitted": true, "locationType": "A dangerous location related to parking", "greatestDangerTo": "Cyclists (incl. e-bikes)", "layer": "DangerousLocations_hki", "status": "active_hazard"}, "geometry": {"type": "Point", "coordinates": [24.92351199965463, 60.247870998292434]}}, {"type": "Feature", "properties": {"submitted": true, "locationType": "A dangerous or difficult intersection", "greatestDangerTo": "Cyclists (incl. e-bikes)", "layer": "DangerousLocations_hki", "status": "active_hazard"}, "geometry": {"type": "Point", "coordinates": [24.911548999893434, 60.16590499830725]}}, {"type": "Feature", "properties": {"submitted": false, "locationType": null, "greatestDangerTo": null, "layer": "DangerousLocations_hki", "status": "active_hazard"}, "geometry": {"type": "Point", "coordinates": [24.95325000064061, 60.21706699748109]}}, {"type": "Feature", "properties": {"submitted": true, "locationType": "Some other issue", "greatestDangerTo": "Public transport users", "layer": "DangerousLocations_hki", "status": "active_hazard"}, "geometry": {"type": "Point", "coordinates": [24.897366999524877, 60.25449799551386]}}, {"type": "Feature", "properties": {"submitted": true, "locationType": "Unclear signage", "greatestDangerTo": "Pedestrians", "layer": "DangerousLocations_hki", "status": "active_hazard"}, "geometry": {"type": "Point", "coordinates": [24.897483000713372, 60.254773999213995]}}, {"type": "Feature", "properties": {"submitted": true, "locationType": "Unsafe pedestrian or tramway crossing", "greatestDangerTo": "Pedestrians", "layer": "DangerousLocations_hki", "status": "active_hazard"}, "geometry": {"type": "Point", "coordinates": [25.010868999645858, 60.186060002548864]}}, {"type": "Feature", "properties": {"submitted": true, "locationType": "A dangerous or difficult intersection", "greatestDangerTo": "Pedestrians", "layer": "DangerousLocations_hki", "status": "active_hazard"}, "geometry": {"type": "Point", "coordinates": [24.97968699955916, 60.1828560040812]}}, {"type": "Feature", "properties": {"submitted": true, "locationType": "A dangerous or difficult intersection", "greatestDangerTo": "Public transport users", "layer": "DangerousLocations_hki", "status": "active_hazard"}, "geometry": {"type": "Point", "coordinates": [24.978770999335065, 60.19033399964805]}}, {"type": "Feature", "properties": {"submitted": true, "locationType": "Unsafe pedestrian or tramway crossing", "greatestDangerTo": "Persons using mobility aids (such as a wheelchair or walker)", "layer": "DangerousLocations_hki", "status": "active_hazard"}, "geometry": {"type": "Point", "coordinates": [24.888657000087992, 60.26217499654464]}}, {"type": "Feature", "properties": {"submitted": false, "locationType": "Unsafe pedestrian or tramway crossing", "greatestDangerTo": "Car drivers", "layer": "DangerousLocations_hki", "status": "active_hazard"}, "geometry": {"type": "Point", "coordinates": [25.01015899928831, 60.236207000339576]}}, {"type": "Feature", "properties": {"submitted": true, "locationType": "A dangerous location related to construction site arrangements", "greatestDangerTo": "Pedestrians", "layer": "DangerousLocations_hki", "status": "active_hazard"}, "geometry": {"type": "Point", "coordinates": [24.92344900071228, 60.16745100212496]}}, {"type": "Feature", "properties": {"submitted": true, "locationType": "Some other issue", "greatestDangerTo": "Pedestrians", "layer": "DangerousLocations_hki", "status": "active_hazard"}, "geometry": {"type": "Point", "coordinates": [24.921222000523713, 60.16952500275663]}}, {"type": "Feature", "properties": {"submitted": true, "locationType": "Some other issue", "greatestDangerTo": "Car drivers", "layer": "DangerousLocations_hki", "status": "active_hazard"}, "geometry": {"type": "Point", "coordinates": [24.9796560007884, 60.182864998397854]}}, {"type": "Feature", "properties": {"submitted": false, "locationType": null, "greatestDangerTo": null, "layer": "DangerousLocations_hki", "status": "active_hazard"}, "geometry": {"type": "Point", "coordinates": [24.93313199931855, 60.197867999617166]}}, {"type": "Feature", "properties": {"submitted": true, "locationType": "Unsafe pedestrian or tramway crossing", "greatestDangerTo": "Pedestrians", "layer": "DangerousLocations_hki", "status": "active_hazard"}, "geometry": {"type": "Point", "coordinates": [25.021074999556156, 60.23916199853523]}}, {"type": "Feature", "properties": {"submitted": true, "locationType": "Some other issue", "greatestDangerTo": "Pedestrians", "layer": "DangerousLocations_hki", "status": "active_hazard"}, "geometry": {"type": "Point", "coordinates": [24.925326999275452, 60.16652900405136]}}, {"type": "Feature", "properties": {"submitted": true, "locationType": "A dangerous or difficult intersection", "greatestDangerTo": "Car drivers", "layer": "DangerousLocations_hki", "status": "active_hazard"}, "geometry": {"type": "Point", "coordinates": [24.884951000549435, 60.214235996853006]}}, {"type": "Feature", "properties": {"submitted": true, "locationType": "Unsafe pedestrian or tramway crossing", "greatestDangerTo": "Pedestrians", "layer": "DangerousLocations_hki", "status": "active_hazard"}, "geometry": {"type": "Point", "coordinates": [24.95608600029296, 60.23200300132307]}}, {"type": "Feature", "properties": {"submitted": true, "locationType": "Unsafe pedestrian or tramway crossing", "greatestDangerTo": "Pedestrians", "layer": "DangerousLocations_hki", "status": "active_hazard"}, "geometry": {"type": "Point", "coordinates": [24.929332999670383, 60.23601899704729]}}, {"type": "Feature", "properties": {"submitted": true, "locationType": "Unsafe pedestrian or tramway crossing", "greatestDangerTo": "Pedestrians", "layer": "DangerousLocations_hki", "status": "active_hazard"}, "geometry": {"type": "Point", "coordinates": [24.963457000152804, 60.23796899766055]}}, {"type": "Feature", "properties": {"submitted": true, "locationType": "Unsafe pedestrian or tramway crossing", "greatestDangerTo": "Pedestrians", "layer": "DangerousLocations_hki", "status": "active_hazard"}, "geometry": {"type": "Point", "coordinates": [24.963968999970515, 60.22662300030306]}}, {"type": "Feature", "properties": {"submitted": false, "locationType": "Some other issue", "greatestDangerTo": "Users of e-scooters or other light electric vehicles", "layer": "DangerousLocations_hki", "status": "active_hazard"}, "geometry": {"type": "Point", "coordinates": [24.903444999744995, 60.217395003954586]}}, {"type": "Feature", "properties": {"submitted": false, "locationType": "A dangerous or difficult intersection", "greatestDangerTo": "Users of e-scooters or other light electric vehicles", "layer": "DangerousLocations_hki", "status": "active_hazard"}, "geometry": {"type": "Point", "coordinates": [24.900151999362926, 60.21889599676439]}}, {"type": "Feature", "properties": {"submitted": true, "locationType": "Unsafe pedestrian or tramway crossing", "greatestDangerTo": "Pedestrians", "layer": "DangerousLocations_hki", "status": "active_hazard"}, "geometry": {"type": "Point", "coordinates": [24.938584000090383, 60.1728939987093]}}, {"type": "Feature", "properties": {"submitted": true, "locationType": "Unsafe pedestrian or tramway crossing", "greatestDangerTo": "Pedestrians", "layer": "DangerousLocations_hki", "status": "active_hazard"}, "geometry": {"type": "Point", "coordinates": [24.944698999520465, 60.17072899723385]}}, {"type": "Feature", "properties": {"submitted": true, "locationType": "A poorly placed public transport stop", "greatestDangerTo": "Persons using mobility aids (such as a wheelchair or walker)", "layer": "DangerousLocations_hki", "status": "active_hazard"}, "geometry": {"type": "Point", "coordinates": [24.93538000072902, 60.16878199910839]}}, {"type": "Feature", "properties": {"submitted": true, "locationType": "Unsafe pedestrian or tramway crossing", "greatestDangerTo": "Pedestrians", "layer": "DangerousLocations_hki", "status": "active_hazard"}, "geometry": {"type": "Point", "coordinates": [24.976060000869083, 60.1907880002686]}}, {"type": "Feature", "properties": {"submitted": true, "locationType": "A dangerous or difficult intersection", "greatestDangerTo": "Pedestrians", "layer": "DangerousLocations_hki", "status": "active_hazard"}, "geometry": {"type": "Point", "coordinates": [24.972930001068644, 60.18822499571278]}}, {"type": "Feature", "properties": {"submitted": true, "locationType": "Unsafe pedestrian or tramway crossing", "greatestDangerTo": "Pedestrians", "layer": "DangerousLocations_hki", "status": "active_hazard"}, "geometry": {"type": "Point", "coordinates": [24.97833799983762, 60.186067996385255]}}, {"type": "Feature", "properties": {"submitted": true, "locationType": "Unsafe pedestrian or tramway crossing", "greatestDangerTo": "Pedestrians", "layer": "DangerousLocations_hki", "status": "active_hazard"}, "geometry": {"type": "Point", "coordinates": [24.96993599958402, 60.188154995599824]}}, {"type": "Feature", "properties": {"submitted": true, "locationType": "Unsafe pedestrian or tramway crossing", "greatestDangerTo": "Pedestrians", "layer": "DangerousLocations_hki", "status": "active_hazard"}, "geometry": {"type": "Point", "coordinates": [24.949526999667984, 60.18123900269383]}}, {"type": "Feature", "properties": {"submitted": true, "locationType": "Unclear signage", "greatestDangerTo": "Pedestrians", "layer": "DangerousLocations_hki", "status": "active_hazard"}, "geometry": {"type": "Point", "coordinates": [24.978737999980506, 60.18600100273994]}}, {"type": "Feature", "properties": {"submitted": true, "locationType": "A dangerous or difficult intersection", "greatestDangerTo": "Cyclists (incl. e-bikes)", "layer": "DangerousLocations_hki", "status": "active_hazard"}, "geometry": {"type": "Point", "coordinates": [24.982189999208842, 60.18680500131572]}}, {"type": "Feature", "properties": {"submitted": true, "locationType": "Issue regarding the condition of the road or its maintenance", "greatestDangerTo": "Pedestrians", "layer": "DangerousLocations_hki", "status": "active_hazard"}, "geometry": {"type": "Point", "coordinates": [25.007464000036848, 60.276730996460024]}}, {"type": "Feature", "properties": {"submitted": true, "locationType": "Some other issue", "greatestDangerTo": "Pedestrians", "layer": "DangerousLocations_hki", "status": "active_hazard"}, "geometry": {"type": "Point", "coordinates": [25.008208999753187, 60.277271003015066]}}, {"type": "Feature", "properties": {"submitted": true, "locationType": "A dangerous location related to construction site arrangements", "greatestDangerTo": "Pedestrians", "layer": "DangerousLocations_hki", "status": "active_hazard"}, "geometry": {"type": "Point", "coordinates": [25.00428700012721, 60.275169996287744]}}, {"type": "Feature", "properties": {"submitted": true, "locationType": "Some other issue", "greatestDangerTo": "Car drivers", "layer": "DangerousLocations_hki", "status": "active_hazard"}, "geometry": {"type": "Point", "coordinates": [25.004045999789515, 60.27552699647998]}}, {"type": "Feature", "properties": {"submitted": true, "locationType": "Unsafe pedestrian or tramway crossing", "greatestDangerTo": "Pedestrians", "layer": "DangerousLocations_hki", "status": "active_hazard"}, "geometry": {"type": "Point", "coordinates": [24.875393999799762, 60.24141100296613]}}, {"type": "Feature", "properties": {"submitted": true, "locationType": "Unsafe pedestrian or tramway crossing", "greatestDangerTo": "Pedestrians", "layer": "DangerousLocations_hki", "status": "active_hazard"}, "geometry": {"type": "Point", "coordinates": [24.937343000458593, 60.19554199913585]}}, {"type": "Feature", "properties": {"submitted": true, "locationType": "Unsafe pedestrian or tramway crossing", "greatestDangerTo": "Cyclists (incl. e-bikes)", "layer": "DangerousLocations_hki", "status": "active_hazard"}, "geometry": {"type": "Point", "coordinates": [24.918397000044425, 60.18972299731821]}}, {"type": "Feature", "properties": {"submitted": true, "locationType": "A dangerous or difficult intersection", "greatestDangerTo": "Cyclists (incl. e-bikes)", "layer": "DangerousLocations_hki", "status": "active_hazard"}, "geometry": {"type": "Point", "coordinates": [24.911543000566144, 60.157813996296376]}}, {"type": "Feature", "properties": {"submitted": true, "locationType": "Unsafe pedestrian or tramway crossing", "greatestDangerTo": "Pedestrians", "layer": "DangerousLocations_hki", "status": "active_hazard"}, "geometry": {"type": "Point", "coordinates": [24.95826400049055, 60.213467997972444]}}, {"type": "Feature", "properties": {"submitted": true, "locationType": "Some other issue", "greatestDangerTo": "Pedestrians", "layer": "DangerousLocations_hki", "status": "active_hazard"}, "geometry": {"type": "Point", "coordinates": [24.92538800001361, 60.16656000408506]}}, {"type": "Feature", "properties": {"submitted": true, "locationType": "Unsafe pedestrian or tramway crossing", "greatestDangerTo": "Pedestrians", "layer": "DangerousLocations_hki", "status": "active_hazard"}, "geometry": {"type": "Point", "coordinates": [24.930129999729356, 60.17054399850416]}}, {"type": "Feature", "properties": {"submitted": true, "locationType": "A dangerous or difficult intersection", "greatestDangerTo": "Pedestrians", "layer": "DangerousLocations_hki", "status": "active_hazard"}, "geometry": {"type": "Point", "coordinates": [24.969360000423798, 60.18534599736601]}}, {"type": "Feature", "properties": {"submitted": false, "locationType": null, "greatestDangerTo": null, "layer": "DangerousLocations_hki", "status": "active_hazard"}, "geometry": {"type": "Point", "coordinates": [24.892143000245113, 60.16120800171183]}}, {"type": "Feature", "properties": {"submitted": true, "locationType": "Unclear signage", "greatestDangerTo": "Pedestrians", "layer": "DangerousLocations_hki", "status": "active_hazard"}, "geometry": {"type": "Point", "coordinates": [24.939222000111354, 60.171203996654974]}}, {"type": "Feature", "properties": {"submitted": true, "locationType": "Some other issue", "greatestDangerTo": "Pedestrians", "layer": "DangerousLocations_hki", "status": "active_hazard"}, "geometry": {"type": "Point", "coordinates": [24.90524099981095, 60.229495000036685]}}, {"type": "Feature", "properties": {"submitted": true, "locationType": "Unsafe pedestrian or tramway crossing", "greatestDangerTo": "Pedestrians", "layer": "DangerousLocations_hki", "status": "active_hazard"}, "geometry": {"type": "Point", "coordinates": [24.953186000229532, 60.19287400108956]}}, {"type": "Feature", "properties": {"submitted": true, "locationType": "Unsafe pedestrian or tramway crossing", "greatestDangerTo": "Pedestrians", "layer": "DangerousLocations_hki", "status": "active_hazard"}, "geometry": {"type": "Point", "coordinates": [24.953936999560494, 60.19312900414344]}}, {"type": "Feature", "properties": {"submitted": true, "locationType": "Unsafe pedestrian or tramway crossing", "greatestDangerTo": "Pedestrians", "layer": "DangerousLocations_hki", "status": "active_hazard"}, "geometry": {"type": "Point", "coordinates": [24.954317000626936, 60.19324900175524]}}, {"type": "Feature", "properties": {"submitted": true, "locationType": "Unsafe pedestrian or tramway crossing", "greatestDangerTo": "Pedestrians", "layer": "DangerousLocations_hki", "status": "active_hazard"}, "geometry": {"type": "Point", "coordinates": [24.954897999927127, 60.193479998753276]}}, {"type": "Feature", "properties": {"submitted": true, "locationType": "Pedestrian traffic lights that change too fast", "greatestDangerTo": "Persons using mobility aids (such as a wheelchair or walker)", "layer": "DangerousLocations_hki", "status": "active_hazard"}, "geometry": {"type": "Point", "coordinates": [24.949065000719685, 60.190487997686645]}}, {"type": "Feature", "properties": {"submitted": true, "locationType": "Pedestrian traffic lights that change too fast", "greatestDangerTo": "Persons using mobility aids (such as a wheelchair or walker)", "layer": "DangerousLocations_hki", "status": "active_hazard"}, "geometry": {"type": "Point", "coordinates": [24.949435999762933, 60.19074900330739]}}, {"type": "Feature", "properties": {"submitted": true, "locationType": "A dangerous location related to construction site arrangements", "greatestDangerTo": "Pedestrians", "layer": "DangerousLocations_hki", "status": "active_hazard"}, "geometry": {"type": "Point", "coordinates": [24.946592000644483, 60.192525001215536]}}, {"type": "Feature", "properties": {"submitted": true, "locationType": "Issue regarding the condition of the road or its maintenance", "greatestDangerTo": "Cyclists (incl. e-bikes)", "layer": "DangerousLocations_hki", "status": "active_hazard"}, "geometry": {"type": "Point", "coordinates": [24.946176000684247, 60.192530996492096]}}, {"type": "Feature", "properties": {"submitted": true, "locationType": "Unclear signage", "greatestDangerTo": "Pedestrians", "layer": "DangerousLocations_hki", "status": "active_hazard"}, "geometry": {"type": "Point", "coordinates": [24.949294000668846, 60.19166100332101]}}, {"type": "Feature", "properties": {"submitted": true, "locationType": "Unclear signage", "greatestDangerTo": "Pedestrians", "layer": "DangerousLocations_hki", "status": "active_hazard"}, "geometry": {"type": "Point", "coordinates": [24.947694999003403, 60.19318100191555]}}, {"type": "Feature", "properties": {"submitted": true, "locationType": "Unsafe pedestrian or tramway crossing", "greatestDangerTo": "Pedestrians", "layer": "DangerousLocations_hki", "status": "active_hazard"}, "geometry": {"type": "Point", "coordinates": [24.858908000606295, 60.22424199910545]}}, {"type": "Feature", "properties": {"submitted": false, "locationType": "A dangerous or difficult intersection", "greatestDangerTo": "Pedestrians", "layer": "DangerousLocations_hki", "status": "active_hazard"}, "geometry": {"type": "Point", "coordinates": [24.875407999619494, 60.16101699839125]}}, {"type": "Feature", "properties": {"submitted": false, "locationType": "Unsafe pedestrian or tramway crossing", "greatestDangerTo": "Pedestrians", "layer": "DangerousLocations_hki", "status": "active_hazard"}, "geometry": {"type": "Point", "coordinates": [24.885087001023916, 60.160683996596596]}}, {"type": "Feature", "properties": {"submitted": true, "locationType": "A dangerous or difficult intersection", "greatestDangerTo": "Cyclists (incl. e-bikes)", "layer": "DangerousLocations_hki", "status": "active_hazard"}, "geometry": {"type": "Point", "coordinates": [24.935186999306058, 60.174439996961915]}}, {"type": "Feature", "properties": {"submitted": true, "locationType": "A dangerous or difficult intersection", "greatestDangerTo": "Cyclists (incl. e-bikes)", "layer": "DangerousLocations_hki", "status": "active_hazard"}, "geometry": {"type": "Point", "coordinates": [24.931179999744586, 60.18118500142788]}}, {"type": "Feature", "properties": {"submitted": false, "locationType": "A dangerous or difficult intersection", "greatestDangerTo": "Car drivers", "layer": "DangerousLocations_hki", "status": "active_hazard"}, "geometry": {"type": "Point", "coordinates": [24.982932000652397, 60.255508000068396]}}, {"type": "Feature", "properties": {"submitted": true, "locationType": "Some other issue", "greatestDangerTo": "Pedestrians", "layer": "DangerousLocations_hki", "status": "active_hazard"}, "geometry": {"type": "Point", "coordinates": [25.03682199995297, 60.18957600010695]}}, {"type": "Feature", "properties": {"submitted": true, "locationType": "Issue regarding the condition of the road or its maintenance", "greatestDangerTo": "Pedestrians", "layer": "DangerousLocations_hki", "status": "active_hazard"}, "geometry": {"type": "Point", "coordinates": [24.949441999118907, 60.174049003389875]}}, {"type": "Feature", "properties": {"submitted": true, "locationType": "Unsafe pedestrian or tramway crossing", "greatestDangerTo": "Pedestrians", "layer": "DangerousLocations_hki", "status": "active_hazard"}, "geometry": {"type": "Point", "coordinates": [25.052571000606093, 60.178186003281354]}}, {"type": "Feature", "properties": {"submitted": true, "locationType": "A dangerous or difficult intersection", "greatestDangerTo": "Pedestrians", "layer": "DangerousLocations_hki", "status": "active_hazard"}, "geometry": {"type": "Point", "coordinates": [24.944189998972085, 60.173050002989044]}}, {"type": "Feature", "properties": {"submitted": true, "locationType": "Some other issue", "greatestDangerTo": "Pedestrians", "layer": "DangerousLocations_hki", "status": "active_hazard"}, "geometry": {"type": "Point", "coordinates": [24.880057999939442, 60.23729099955679]}}, {"type": "Feature", "properties": {"submitted": true, "locationType": "Unsafe pedestrian or tramway crossing", "greatestDangerTo": "Pedestrians", "layer": "DangerousLocations_hki", "status": "active_hazard"}, "geometry": {"type": "Point", "coordinates": [24.90839099950921, 60.1928540002357]}}, {"type": "Feature", "properties": {"submitted": true, "locationType": "Unsafe pedestrian or tramway crossing", "greatestDangerTo": "Pedestrians", "layer": "DangerousLocations_hki", "status": "active_hazard"}, "geometry": {"type": "Point", "coordinates": [24.88789500064513, 60.2381349995241]}}, {"type": "Feature", "properties": {"submitted": true, "locationType": "Unsafe pedestrian or tramway crossing", "greatestDangerTo": "Users of e-scooters or other light electric vehicles", "layer": "DangerousLocations_hki", "status": "active_hazard"}, "geometry": {"type": "Point", "coordinates": [24.88021900058026, 60.241318995580066]}}, {"type": "Feature", "properties": {"submitted": true, "locationType": "Unsafe pedestrian or tramway crossing", "greatestDangerTo": "Pedestrians", "layer": "DangerousLocations_hki", "status": "active_hazard"}, "geometry": {"type": "Point", "coordinates": [24.882153999875847, 60.24103800156196]}}, {"type": "Feature", "properties": {"submitted": true, "locationType": "Some other issue", "greatestDangerTo": "Pedestrians", "layer": "DangerousLocations_hki", "status": "active_hazard"}, "geometry": {"type": "Point", "coordinates": [24.84808899955836, 60.23523099554827]}}, {"type": "Feature", "properties": {"submitted": true, "locationType": "A dangerous or difficult intersection", "greatestDangerTo": "Pedestrians", "layer": "DangerousLocations_hki", "status": "active_hazard"}, "geometry": {"type": "Point", "coordinates": [24.846397000118827, 60.23284300224406]}}, {"type": "Feature", "properties": {"submitted": true, "locationType": "Unsafe pedestrian or tramway crossing", "greatestDangerTo": "Pedestrians", "layer": "DangerousLocations_hki", "status": "active_hazard"}, "geometry": {"type": "Point", "coordinates": [24.84768599910545, 60.23707900338432]}}, {"type": "Feature", "properties": {"submitted": true, "locationType": "Unsafe pedestrian or tramway crossing", "greatestDangerTo": "Pedestrians", "layer": "DangerousLocations_hki", "status": "active_hazard"}, "geometry": {"type": "Point", "coordinates": [24.847636999681765, 60.23861800066519]}}, {"type": "Feature", "properties": {"submitted": true, "locationType": "A dangerous or difficult intersection", "greatestDangerTo": "Car drivers", "layer": "DangerousLocations_hki", "status": "active_hazard"}, "geometry": {"type": "Point", "coordinates": [24.84807100047795, 60.238626998515706]}}, {"type": "Feature", "properties": {"submitted": true, "locationType": "A dangerous or difficult intersection", "greatestDangerTo": "Pedestrians", "layer": "DangerousLocations_hki", "status": "active_hazard"}, "geometry": {"type": "Point", "coordinates": [24.851626999346028, 60.238941999479174]}}, {"type": "Feature", "properties": {"submitted": true, "locationType": "A poorly placed public transport stop", "greatestDangerTo": "Pedestrians", "layer": "DangerousLocations_hki", "status": "active_hazard"}, "geometry": {"type": "Point", "coordinates": [24.84659900070282, 60.232549995733464]}}, {"type": "Feature", "properties": {"submitted": true, "locationType": "Unsafe pedestrian or tramway crossing", "greatestDangerTo": "Cyclists (incl. e-bikes)", "layer": "DangerousLocations_hki", "status": "active_hazard"}, "geometry": {"type": "Point", "coordinates": [24.937454999895902, 60.19552000245952]}}, {"type": "Feature", "properties": {"submitted": true, "locationType": "Unclear signage", "greatestDangerTo": "Pedestrians", "layer": "DangerousLocations_hki", "status": "active_hazard"}, "geometry": {"type": "Point", "coordinates": [24.941354999620472, 60.195177999169836]}}, {"type": "Feature", "properties": {"submitted": true, "locationType": "Some other issue", "greatestDangerTo": "Public transport users", "layer": "DangerousLocations_hki", "status": "active_hazard"}, "geometry": {"type": "Point", "coordinates": [24.871827000278962, 60.15785499984679]}}, {"type": "Feature", "properties": {"submitted": true, "locationType": "Unsafe pedestrian or tramway crossing", "greatestDangerTo": "Pedestrians", "layer": "DangerousLocations_hki", "status": "active_hazard"}, "geometry": {"type": "Point", "coordinates": [24.96575300082131, 60.20383200112697]}}, {"type": "Feature", "properties": {"submitted": true, "locationType": "Some other issue", "greatestDangerTo": "Cyclists (incl. e-bikes)", "layer": "DangerousLocations_hki", "status": "active_hazard"}, "geometry": {"type": "Point", "coordinates": [24.95294099942808, 60.200886997315784]}}, {"type": "Feature", "properties": {"submitted": true, "locationType": "Some other issue", "greatestDangerTo": "Pedestrians", "layer": "DangerousLocations_hki", "status": "active_hazard"}, "geometry": {"type": "Point", "coordinates": [24.963223999705143, 60.20380499663458]}}, {"type": "Feature", "properties": {"submitted": true, "locationType": "Unsafe pedestrian or tramway crossing", "greatestDangerTo": "Pedestrians", "layer": "DangerousLocations_hki", "status": "active_hazard"}, "geometry": {"type": "Point", "coordinates": [24.92857299918474, 60.19749300286882]}}, {"type": "Feature", "properties": {"submitted": true, "locationType": "Issue regarding quality of the route or its continuity", "greatestDangerTo": "Cyclists (incl. e-bikes)", "layer": "DangerousLocations_hki", "status": "active_hazard"}, "geometry": {"type": "Point", "coordinates": [24.94162900018628, 60.1705739973927]}}, {"type": "Feature", "properties": {"submitted": true, "locationType": "A dangerous or difficult intersection", "greatestDangerTo": "Cyclists (incl. e-bikes)", "layer": "DangerousLocations_hki", "status": "active_hazard"}, "geometry": {"type": "Point", "coordinates": [24.932701000812077, 60.19799099680398]}}, {"type": "Feature", "properties": {"submitted": true, "locationType": "Issue regarding quality of the route or its continuity", "greatestDangerTo": "Cyclists (incl. e-bikes)", "layer": "DangerousLocations_hki", "status": "active_hazard"}, "geometry": {"type": "Point", "coordinates": [24.964301000187778, 60.207080996009246]}}, {"type": "Feature", "properties": {"submitted": true, "locationType": "Issue regarding quality of the route or its continuity", "greatestDangerTo": "Cyclists (incl. e-bikes)", "layer": "DangerousLocations_hki", "status": "active_hazard"}, "geometry": {"type": "Point", "coordinates": [24.948663000956774, 60.2200249990147]}}, {"type": "Feature", "properties": {"submitted": true, "locationType": "A dangerous or difficult intersection", "greatestDangerTo": "Cyclists (incl. e-bikes)", "layer": "DangerousLocations_hki", "status": "active_hazard"}, "geometry": {"type": "Point", "coordinates": [25.012876999360806, 60.189625000705895]}}, {"type": "Feature", "properties": {"submitted": true, "locationType": "Unclear signage", "greatestDangerTo": "Cyclists (incl. e-bikes)", "layer": "DangerousLocations_hki", "status": "active_hazard"}, "geometry": {"type": "Point", "coordinates": [24.927017999314124, 60.19727100394523]}}, {"type": "Feature", "properties": {"submitted": true, "locationType": "Issue regarding quality of the route or its continuity", "greatestDangerTo": "Pedestrians", "layer": "DangerousLocations_hki", "status": "active_hazard"}, "geometry": {"type": "Point", "coordinates": [24.947603999461265, 60.20004699839305]}}, {"type": "Feature", "properties": {"submitted": true, "locationType": "Unsafe pedestrian or tramway crossing", "greatestDangerTo": "Pedestrians", "layer": "DangerousLocations_hki", "status": "active_hazard"}, "geometry": {"type": "Point", "coordinates": [24.960908000211933, 60.19647700435368]}}, {"type": "Feature", "properties": {"submitted": true, "locationType": "Some other issue", "greatestDangerTo": "Pedestrians", "layer": "DangerousLocations_hki", "status": "active_hazard"}, "geometry": {"type": "Point", "coordinates": [24.941749000502885, 60.19486300421355]}}, {"type": "Feature", "properties": {"submitted": true, "locationType": "Unsafe pedestrian or tramway crossing", "greatestDangerTo": "Cyclists (incl. e-bikes)", "layer": "DangerousLocations_hki", "status": "active_hazard"}, "geometry": {"type": "Point", "coordinates": [24.93727599959025, 60.19553899856873]}}, {"type": "Feature", "properties": {"submitted": true, "locationType": "Unsafe pedestrian or tramway crossing", "greatestDangerTo": "Pedestrians", "layer": "DangerousLocations_hki", "status": "active_hazard"}, "geometry": {"type": "Point", "coordinates": [24.960948000120855, 60.19655199846041]}}, {"type": "Feature", "properties": {"submitted": true, "locationType": "Unsafe pedestrian or tramway crossing", "greatestDangerTo": "Pedestrians", "layer": "DangerousLocations_hki", "status": "active_hazard"}, "geometry": {"type": "Point", "coordinates": [24.952349000596183, 60.21105399741632]}}, {"type": "Feature", "properties": {"submitted": false, "locationType": "Some other issue", "greatestDangerTo": "Pedestrians", "layer": "DangerousLocations_hki", "status": "active_hazard"}, "geometry": {"type": "Point", "coordinates": [24.889452000187017, 60.161055996011164]}}, {"type": "Feature", "properties": {"submitted": false, "locationType": null, "greatestDangerTo": null, "layer": "DangerousLocations_hki", "status": "active_hazard"}, "geometry": {"type": "Point", "coordinates": [24.89224100084624, 60.16338899776037]}}, {"type": "Feature", "properties": {"submitted": true, "locationType": "Unsafe pedestrian or tramway crossing", "greatestDangerTo": "Pedestrians", "layer": "DangerousLocations_hki", "status": "active_hazard"}, "geometry": {"type": "Point", "coordinates": [24.944704999561623, 60.21026399776647]}}, {"type": "Feature", "properties": {"submitted": true, "locationType": "Unsafe pedestrian or tramway crossing", "greatestDangerTo": "Pedestrians", "layer": "DangerousLocations_hki", "status": "active_hazard"}, "geometry": {"type": "Point", "coordinates": [24.948551000081917, 60.20952300435429]}}, {"type": "Feature", "properties": {"submitted": true, "locationType": "Unsafe pedestrian or tramway crossing", "greatestDangerTo": "Pedestrians", "layer": "DangerousLocations_hki", "status": "active_hazard"}, "geometry": {"type": "Point", "coordinates": [24.902538999260166, 60.22203600079184]}}, {"type": "Feature", "properties": {"submitted": true, "locationType": "Unsafe pedestrian or tramway crossing", "greatestDangerTo": "Pedestrians", "layer": "DangerousLocations_hki", "status": "active_hazard"}, "geometry": {"type": "Point", "coordinates": [24.910453999994804, 60.18956800230458]}}, {"type": "Feature", "properties": {"submitted": true, "locationType": "Unsafe pedestrian or tramway crossing", "greatestDangerTo": "Pedestrians", "layer": "DangerousLocations_hki", "status": "active_hazard"}, "geometry": {"type": "Point", "coordinates": [24.941716999192714, 60.160745002406124]}}, {"type": "Feature", "properties": {"submitted": true, "locationType": "A dangerous or difficult intersection", "greatestDangerTo": "Pedestrians", "layer": "DangerousLocations_hki", "status": "active_hazard"}, "geometry": {"type": "Point", "coordinates": [24.940231998867976, 60.16204400431431]}}, {"type": "Feature", "properties": {"submitted": true, "locationType": "A dangerous or difficult intersection", "greatestDangerTo": "Pedestrians", "layer": "DangerousLocations_hki", "status": "active_hazard"}, "geometry": {"type": "Point", "coordinates": [24.940947998995572, 60.15810100194376]}}, {"type": "Feature", "properties": {"submitted": true, "locationType": "Unsafe pedestrian or tramway crossing", "greatestDangerTo": "Pedestrians", "layer": "DangerousLocations_hki", "status": "active_hazard"}, "geometry": {"type": "Point", "coordinates": [25.01155499886056, 60.23254900413797]}}, {"type": "Feature", "properties": {"submitted": true, "locationType": "Issue regarding quality of the route or its continuity", "greatestDangerTo": "Cyclists (incl. e-bikes)", "layer": "DangerousLocations_hki", "status": "active_hazard"}, "geometry": {"type": "Point", "coordinates": [25.01125299979416, 60.234617998492226]}}, {"type": "Feature", "properties": {"submitted": true, "locationType": "A dangerous or difficult intersection", "greatestDangerTo": "Car drivers", "layer": "DangerousLocations_hki", "status": "active_hazard"}, "geometry": {"type": "Point", "coordinates": [25.007119998998363, 60.2369910016422]}}, {"type": "Feature", "properties": {"submitted": true, "locationType": "Issue regarding quality of the route or its continuity", "greatestDangerTo": "Cyclists (incl. e-bikes)", "layer": "DangerousLocations_hki", "status": "active_hazard"}, "geometry": {"type": "Point", "coordinates": [25.000208999396243, 60.23903000266214]}}, {"type": "Feature", "properties": {"submitted": true, "locationType": "Some other issue", "greatestDangerTo": "Pedestrians", "layer": "DangerousLocations_hki", "status": "active_hazard"}, "geometry": {"type": "Point", "coordinates": [25.011992000075132, 60.23260499719891]}}, {"type": "Feature", "properties": {"submitted": true, "locationType": "Unsafe pedestrian or tramway crossing", "greatestDangerTo": "Pedestrians", "layer": "DangerousLocations_hki", "status": "active_hazard"}, "geometry": {"type": "Point", "coordinates": [24.96267800055587, 60.19590400388825]}}, {"type": "Feature", "properties": {"submitted": true, "locationType": "Unsafe pedestrian or tramway crossing", "greatestDangerTo": "Pedestrians", "layer": "DangerousLocations_hki", "status": "active_hazard"}, "geometry": {"type": "Point", "coordinates": [24.958802000053662, 60.193623000771346]}}, {"type": "Feature", "properties": {"submitted": true, "locationType": "Unsafe pedestrian or tramway crossing", "greatestDangerTo": "Cyclists (incl. e-bikes)", "layer": "DangerousLocations_hki", "status": "active_hazard"}, "geometry": {"type": "Point", "coordinates": [25.00119899982184, 60.22858300188685]}}, {"type": "Feature", "properties": {"submitted": true, "locationType": "Unsafe pedestrian or tramway crossing", "greatestDangerTo": "Pedestrians", "layer": "DangerousLocations_hki", "status": "active_hazard"}, "geometry": {"type": "Point", "coordinates": [25.02753000044612, 60.227669996334605]}}, {"type": "Feature", "properties": {"submitted": false, "locationType": null, "greatestDangerTo": null, "layer": "DangerousLocations_hki", "status": "active_hazard"}, "geometry": {"type": "Point", "coordinates": [24.92907200074713, 60.16973699718937]}}, {"type": "Feature", "properties": {"submitted": true, "locationType": "A poorly placed public transport stop", "greatestDangerTo": "Pedestrians", "layer": "DangerousLocations_hki", "status": "active_hazard"}, "geometry": {"type": "Point", "coordinates": [24.94209500030777, 60.17082400012166]}}, {"type": "Feature", "properties": {"submitted": true, "locationType": "Unsafe pedestrian or tramway crossing", "greatestDangerTo": "Pedestrians", "layer": "DangerousLocations_hki", "status": "active_hazard"}, "geometry": {"type": "Point", "coordinates": [25.050380999431773, 60.17833499955375]}}, {"type": "Feature", "properties": {"submitted": true, "locationType": "Unsafe pedestrian or tramway crossing", "greatestDangerTo": "Pedestrians", "layer": "DangerousLocations_hki", "status": "active_hazard"}, "geometry": {"type": "Point", "coordinates": [24.941127999384697, 60.158213999575594]}}, {"type": "Feature", "properties": {"submitted": true, "locationType": "Unsafe pedestrian or tramway crossing", "greatestDangerTo": "Pedestrians", "layer": "DangerousLocations_hki", "status": "active_hazard"}, "geometry": {"type": "Point", "coordinates": [24.94137700038448, 60.15806900227711]}}, {"type": "Feature", "properties": {"submitted": true, "locationType": "Unsafe pedestrian or tramway crossing", "greatestDangerTo": "Pedestrians", "layer": "DangerousLocations_hki", "status": "active_hazard"}, "geometry": {"type": "Point", "coordinates": [24.944885000464108, 60.15822499605324]}}, {"type": "Feature", "properties": {"submitted": true, "locationType": "Unsafe pedestrian or tramway crossing", "greatestDangerTo": "Pedestrians", "layer": "DangerousLocations_hki", "status": "active_hazard"}, "geometry": {"type": "Point", "coordinates": [24.96488200073844, 60.19198999556174]}}, {"type": "Feature", "properties": {"submitted": true, "locationType": "Unsafe pedestrian or tramway crossing", "greatestDangerTo": "Pedestrians", "layer": "DangerousLocations_hki", "status": "active_hazard"}, "geometry": {"type": "Point", "coordinates": [24.912105000837563, 60.19120199753071]}}, {"type": "Feature", "properties": {"submitted": true, "locationType": "A dangerous or difficult intersection", "greatestDangerTo": null, "layer": "DangerousLocations_hki", "status": "active_hazard"}, "geometry": {"type": "Point", "coordinates": [25.08170500045569, 60.2331850028537]}}, {"type": "Feature", "properties": {"submitted": true, "locationType": "A dangerous or difficult intersection", "greatestDangerTo": "Pedestrians", "layer": "DangerousLocations_hki", "status": "active_hazard"}, "geometry": {"type": "Point", "coordinates": [25.081899000432788, 60.23636500169055]}}, {"type": "Feature", "properties": {"submitted": true, "locationType": "Unclear signage", "greatestDangerTo": "Cyclists (incl. e-bikes)", "layer": "DangerousLocations_hki", "status": "active_hazard"}, "geometry": {"type": "Point", "coordinates": [24.929424000485636, 60.16184900298049]}}, {"type": "Feature", "properties": {"submitted": true, "locationType": "A dangerous or difficult intersection", "greatestDangerTo": "Cyclists (incl. e-bikes)", "layer": "DangerousLocations_hki", "status": "active_hazard"}, "geometry": {"type": "Point", "coordinates": [24.925736000086626, 60.16509499953053]}}, {"type": "Feature", "properties": {"submitted": true, "locationType": "A dangerous or difficult intersection", "greatestDangerTo": "Cyclists (incl. e-bikes)", "layer": "DangerousLocations_hki", "status": "active_hazard"}, "geometry": {"type": "Point", "coordinates": [24.92686000066592, 60.16561899835694]}}, {"type": "Feature", "properties": {"submitted": true, "locationType": "Unsafe pedestrian or tramway crossing", "greatestDangerTo": "Cyclists (incl. e-bikes)", "layer": "DangerousLocations_hki", "status": "active_hazard"}, "geometry": {"type": "Point", "coordinates": [24.863441000132752, 60.22328000249387]}}, {"type": "Feature", "properties": {"submitted": true, "locationType": "A dangerous or difficult intersection", "greatestDangerTo": "Car drivers", "layer": "DangerousLocations_hki", "status": "active_hazard"}, "geometry": {"type": "Point", "coordinates": [24.940138999591614, 60.17029499978833]}}, {"type": "Feature", "properties": {"submitted": true, "locationType": "Unsafe pedestrian or tramway crossing", "greatestDangerTo": "Car drivers", "layer": "DangerousLocations_hki", "status": "active_hazard"}, "geometry": {"type": "Point", "coordinates": [24.94480199928345, 60.160929002913164]}}, {"type": "Feature", "properties": {"submitted": true, "locationType": "Some other issue", "greatestDangerTo": "Pedestrians", "layer": "DangerousLocations_hki", "status": "active_hazard"}, "geometry": {"type": "Point", "coordinates": [24.94317900003133, 60.19411299614627]}}, {"type": "Feature", "properties": {"submitted": true, "locationType": "Unsafe pedestrian or tramway crossing", "greatestDangerTo": "Pedestrians", "layer": "DangerousLocations_hki", "status": "active_hazard"}, "geometry": {"type": "Point", "coordinates": [24.944004000571514, 60.19366399752043]}}, {"type": "Feature", "properties": {"submitted": true, "locationType": null, "greatestDangerTo": "Pedestrians", "layer": "DangerousLocations_hki", "status": "active_hazard"}, "geometry": {"type": "Point", "coordinates": [24.905759000751242, 60.19129999561206]}}, {"type": "Feature", "properties": {"submitted": true, "locationType": "Unclear signage", "greatestDangerTo": "Car drivers", "layer": "DangerousLocations_hki", "status": "active_hazard"}, "geometry": {"type": "Point", "coordinates": [24.94618399948135, 60.19187500032931]}}, {"type": "Feature", "properties": {"submitted": true, "locationType": "Unsafe pedestrian or tramway crossing", "greatestDangerTo": "Cyclists (incl. e-bikes)", "layer": "DangerousLocations_hki", "status": "active_hazard"}, "geometry": {"type": "Point", "coordinates": [24.937289001024638, 60.195585996769594]}}, {"type": "Feature", "properties": {"submitted": true, "locationType": "Unclear signage", "greatestDangerTo": "Car drivers", "layer": "DangerousLocations_hki", "status": "active_hazard"}, "geometry": {"type": "Point", "coordinates": [24.94205899990957, 60.19370700174874]}}, {"type": "Feature", "properties": {"submitted": true, "locationType": "Unclear signage", "greatestDangerTo": "Car drivers", "layer": "DangerousLocations_hki", "status": "active_hazard"}, "geometry": {"type": "Point", "coordinates": [24.94127300025156, 60.194040996816526]}}, {"type": "Feature", "properties": {"submitted": true, "locationType": "Unclear signage", "greatestDangerTo": "Car drivers", "layer": "DangerousLocations_hki", "status": "active_hazard"}, "geometry": {"type": "Point", "coordinates": [24.94012099962387, 60.19449099689479]}}, {"type": "Feature", "properties": {"submitted": true, "locationType": "Unsafe pedestrian or tramway crossing", "greatestDangerTo": "Pedestrians", "layer": "DangerousLocations_hki", "status": "active_hazard"}, "geometry": {"type": "Point", "coordinates": [24.88568699999255, 60.26297499827553]}}, {"type": "Feature", "properties": {"submitted": true, "locationType": "A dangerous or difficult intersection", "greatestDangerTo": "Cyclists (incl. e-bikes)", "layer": "DangerousLocations_hki", "status": "active_hazard"}, "geometry": {"type": "Point", "coordinates": [24.944180000253606, 60.16418200326617]}}, {"type": "Feature", "properties": {"submitted": true, "locationType": "A dangerous or difficult intersection", "greatestDangerTo": "Cyclists (incl. e-bikes)", "layer": "DangerousLocations_hki", "status": "active_hazard"}, "geometry": {"type": "Point", "coordinates": [24.941714000677, 60.16594800132001]}}, {"type": "Feature", "properties": {"submitted": true, "locationType": "A dangerous or difficult intersection", "greatestDangerTo": "Cyclists (incl. e-bikes)", "layer": "DangerousLocations_hki", "status": "active_hazard"}, "geometry": {"type": "Point", "coordinates": [24.949393999705194, 60.173943998355206]}}, {"type": "Feature", "properties": {"submitted": true, "locationType": "Unsafe pedestrian or tramway crossing", "greatestDangerTo": "Cyclists (incl. e-bikes)", "layer": "DangerousLocations_hki", "status": "active_hazard"}, "geometry": {"type": "Point", "coordinates": [24.950266000287126, 60.17634399664827]}}, {"type": "Feature", "properties": {"submitted": true, "locationType": "A dangerous or difficult intersection", "greatestDangerTo": "Cyclists (incl. e-bikes)", "layer": "DangerousLocations_hki", "status": "active_hazard"}, "geometry": {"type": "Point", "coordinates": [25.013515000491864, 60.18876600286848]}}, {"type": "Feature", "properties": {"submitted": true, "locationType": "Unsafe pedestrian or tramway crossing", "greatestDangerTo": "Cyclists (incl. e-bikes)", "layer": "DangerousLocations_hki", "status": "active_hazard"}, "geometry": {"type": "Point", "coordinates": [25.049888999469406, 60.20445299921815]}}, {"type": "Feature", "properties": {"submitted": true, "locationType": "Unsafe pedestrian or tramway crossing", "greatestDangerTo": "Pedestrians", "layer": "DangerousLocations_hki", "status": "active_hazard"}, "geometry": {"type": "Point", "coordinates": [25.107352000332526, 60.21862299722696]}}, {"type": "Feature", "properties": {"submitted": true, "locationType": "Some other issue", "greatestDangerTo": "Pedestrians", "layer": "DangerousLocations_hki", "status": "active_hazard"}, "geometry": {"type": "Point", "coordinates": [24.956341999595512, 60.182116001972076]}}, {"type": "Feature", "properties": {"submitted": false, "locationType": "Issue regarding the condition of the road or its maintenance", "greatestDangerTo": "Pedestrians", "layer": "DangerousLocations_hki", "status": "active_hazard"}, "geometry": {"type": "Point", "coordinates": [24.89680400009743, 60.251123003488196]}}, {"type": "Feature", "properties": {"submitted": false, "locationType": "A dangerous location related to parking", "greatestDangerTo": "Pedestrians", "layer": "DangerousLocations_hki", "status": "active_hazard"}, "geometry": {"type": "Point", "coordinates": [24.894883000714838, 60.25413499989837]}}, {"type": "Feature", "properties": {"submitted": true, "locationType": "Issue regarding quality of the route or its continuity", "greatestDangerTo": "Cyclists (incl. e-bikes)", "layer": "DangerousLocations_hki", "status": "active_hazard"}, "geometry": {"type": "Point", "coordinates": [24.884869999747885, 60.2408659974854]}}, {"type": "Feature", "properties": {"submitted": true, "locationType": "Unsafe pedestrian or tramway crossing", "greatestDangerTo": "Pedestrians", "layer": "DangerousLocations_hki", "status": "active_hazard"}, "geometry": {"type": "Point", "coordinates": [24.928118000108633, 60.20039900323915]}}, {"type": "Feature", "properties": {"submitted": true, "locationType": "Some other issue", "greatestDangerTo": "Cyclists (incl. e-bikes)", "layer": "DangerousLocations_hki", "status": "active_hazard"}, "geometry": {"type": "Point", "coordinates": [24.962610999477572, 60.18797100281787]}}, {"type": "Feature", "properties": {"submitted": true, "locationType": "Unsafe pedestrian or tramway crossing", "greatestDangerTo": "Pedestrians", "layer": "DangerousLocations_hki", "status": "active_hazard"}, "geometry": {"type": "Point", "coordinates": [24.961243999133373, 60.196696003332505]}}, {"type": "Feature", "properties": {"submitted": true, "locationType": "Unsafe pedestrian or tramway crossing", "greatestDangerTo": "Pedestrians", "layer": "DangerousLocations_hki", "status": "active_hazard"}, "geometry": {"type": "Point", "coordinates": [24.96577399989288, 60.19621399664534]}}, {"type": "Feature", "properties": {"submitted": true, "locationType": "Pedestrian traffic lights that change too fast", "greatestDangerTo": "Pedestrians", "layer": "DangerousLocations_hki", "status": "active_hazard"}, "geometry": {"type": "Point", "coordinates": [24.961386000232366, 60.192046996535446]}}, {"type": "Feature", "properties": {"submitted": true, "locationType": "Pedestrian traffic lights that change too fast", "greatestDangerTo": "Persons using mobility aids (such as a wheelchair or walker)", "layer": "DangerousLocations_hki", "status": "active_hazard"}, "geometry": {"type": "Point", "coordinates": [24.949277999533685, 60.19060999805464]}}, {"type": "Feature", "properties": {"submitted": true, "locationType": "Unsafe pedestrian or tramway crossing", "greatestDangerTo": "Pedestrians", "layer": "DangerousLocations_hki", "status": "active_hazard"}, "geometry": {"type": "Point", "coordinates": [24.96980699968713, 60.212059995749605]}}, {"type": "Feature", "properties": {"submitted": true, "locationType": "Some other issue", "greatestDangerTo": "Pedestrians", "layer": "DangerousLocations_hki", "status": "active_hazard"}, "geometry": {"type": "Point", "coordinates": [24.97502400063143, 60.18947800288483]}}, {"type": "Feature", "properties": {"submitted": true, "locationType": "A dangerous or difficult intersection", "greatestDangerTo": "Cyclists (incl. e-bikes)", "layer": "DangerousLocations_hki", "status": "active_hazard"}, "geometry": {"type": "Point", "coordinates": [24.949595000245942, 60.19069099666059]}}, {"type": "Feature", "properties": {"submitted": true, "locationType": "A dangerous or difficult intersection", "greatestDangerTo": "Pedestrians", "layer": "DangerousLocations_hki", "status": "active_hazard"}, "geometry": {"type": "Point", "coordinates": [25.04989400018644, 60.176617001073566]}}, {"type": "Feature", "properties": {"submitted": true, "locationType": "Some other issue", "greatestDangerTo": "Pedestrians", "layer": "DangerousLocations_hki", "status": "active_hazard"}, "geometry": {"type": "Point", "coordinates": [25.035305000077965, 60.269912997843484]}}, {"type": "Feature", "properties": {"submitted": true, "locationType": "Unsafe pedestrian or tramway crossing", "greatestDangerTo": "Pedestrians", "layer": "DangerousLocations_hki", "status": "active_hazard"}, "geometry": {"type": "Point", "coordinates": [25.02875699981707, 60.28092200126431]}}, {"type": "Feature", "properties": {"submitted": true, "locationType": "Unsafe pedestrian or tramway crossing", "greatestDangerTo": "Cyclists (incl. e-bikes)", "layer": "DangerousLocations_hki", "status": "active_hazard"}, "geometry": {"type": "Point", "coordinates": [24.997122000214972, 60.242075002675]}}, {"type": "Feature", "properties": {"submitted": true, "locationType": "A dangerous or difficult intersection", "greatestDangerTo": "Pedestrians", "layer": "DangerousLocations_hki", "status": "active_hazard"}, "geometry": {"type": "Point", "coordinates": [24.89543200045863, 60.22581999752265]}}, {"type": "Feature", "properties": {"submitted": true, "locationType": "A dangerous location related to construction site arrangements", "greatestDangerTo": "Cyclists (incl. e-bikes)", "layer": "DangerousLocations_hki", "status": "active_hazard"}, "geometry": {"type": "Point", "coordinates": [24.98087299958836, 60.18559199717534]}}, {"type": "Feature", "properties": {"submitted": true, "locationType": "A dangerous or difficult intersection", "greatestDangerTo": "Pedestrians", "layer": "DangerousLocations_hki", "status": "active_hazard"}, "geometry": {"type": "Point", "coordinates": [24.993388999767642, 60.26721000335241]}}, {"type": "Feature", "properties": {"submitted": true, "locationType": "A dangerous or difficult intersection", "greatestDangerTo": "Cyclists (incl. e-bikes)", "layer": "DangerousLocations_hki", "status": "active_hazard"}, "geometry": {"type": "Point", "coordinates": [24.94915499960831, 60.190591999508754]}}, {"type": "Feature", "properties": {"submitted": true, "locationType": "Unsafe pedestrian or tramway crossing", "greatestDangerTo": "Pedestrians", "layer": "DangerousLocations_hki", "status": "active_hazard"}, "geometry": {"type": "Point", "coordinates": [24.887098000392776, 60.15336199589241]}}, {"type": "Feature", "properties": {"submitted": true, "locationType": "Unsafe pedestrian or tramway crossing", "greatestDangerTo": "Pedestrians", "layer": "DangerousLocations_hki", "status": "active_hazard"}, "geometry": {"type": "Point", "coordinates": [24.89103100062262, 60.15969199668669]}}, {"type": "Feature", "properties": {"submitted": true, "locationType": "Some other issue", "greatestDangerTo": "Pedestrians", "layer": "DangerousLocations_hki", "status": "active_hazard"}, "geometry": {"type": "Point", "coordinates": [24.938854999289955, 60.162977999830126]}}, {"type": "Feature", "properties": {"submitted": true, "locationType": "Some other issue", "greatestDangerTo": "Cyclists (incl. e-bikes)", "layer": "DangerousLocations_hki", "status": "active_hazard"}, "geometry": {"type": "Point", "coordinates": [24.93618899967131, 60.17270699712576]}}, {"type": "Feature", "properties": {"submitted": true, "locationType": "A dangerous or difficult intersection", "greatestDangerTo": "Cyclists (incl. e-bikes)", "layer": "DangerousLocations_hki", "status": "active_hazard"}, "geometry": {"type": "Point", "coordinates": [24.974748999743703, 60.18739700216135]}}, {"type": "Feature", "properties": {"submitted": true, "locationType": "A dangerous or difficult intersection", "greatestDangerTo": "Pedestrians", "layer": "DangerousLocations_hki", "status": "active_hazard"}, "geometry": {"type": "Point", "coordinates": [24.950298000455913, 60.175858003613584]}}, {"type": "Feature", "properties": {"submitted": true, "locationType": "Issue regarding quality of the route or its continuity", "greatestDangerTo": "Cyclists (incl. e-bikes)", "layer": "DangerousLocations_hki", "status": "active_hazard"}, "geometry": {"type": "Point", "coordinates": [24.958066000711327, 60.16860000167275]}}, {"type": "Feature", "properties": {"submitted": true, "locationType": "Issue regarding quality of the route or its continuity", "greatestDangerTo": "Cyclists (incl. e-bikes)", "layer": "DangerousLocations_hki", "status": "active_hazard"}, "geometry": {"type": "Point", "coordinates": [24.955554999175025, 60.1678740013001]}}, {"type": "Feature", "properties": {"submitted": true, "locationType": "A dangerous or difficult intersection", "greatestDangerTo": "Pedestrians", "layer": "DangerousLocations_hki", "status": "active_hazard"}, "geometry": {"type": "Point", "coordinates": [24.94175800004385, 60.16743699572815]}}, {"type": "Feature", "properties": {"submitted": true, "locationType": "Unsafe pedestrian or tramway crossing", "greatestDangerTo": "Pedestrians", "layer": "DangerousLocations_hki", "status": "active_hazard"}, "geometry": {"type": "Point", "coordinates": [24.921363999828635, 60.16006399772939]}}, {"type": "Feature", "properties": {"submitted": true, "locationType": "Issue regarding quality of the route or its continuity", "greatestDangerTo": "Pedestrians", "layer": "DangerousLocations_hki", "status": "active_hazard"}, "geometry": {"type": "Point", "coordinates": [24.921095999179112, 60.16162800009436]}}, {"type": "Feature", "properties": {"submitted": true, "locationType": "Issue regarding quality of the route or its continuity", "greatestDangerTo": "Cyclists (incl. e-bikes)", "layer": "DangerousLocations_hki", "status": "active_hazard"}, "geometry": {"type": "Point", "coordinates": [24.971145000276557, 60.18911699619414]}}, {"type": "Feature", "properties": {"submitted": true, "locationType": "Unsafe pedestrian or tramway crossing", "greatestDangerTo": "Pedestrians", "layer": "DangerousLocations_hki", "status": "active_hazard"}, "geometry": {"type": "Point", "coordinates": [24.908932999466217, 60.159625999904804]}}, {"type": "Feature", "properties": {"submitted": true, "locationType": "Some other issue", "greatestDangerTo": "Pedestrians", "layer": "DangerousLocations_hki", "status": "active_hazard"}, "geometry": {"type": "Point", "coordinates": [24.914806999768697, 60.15773300391258]}}, {"type": "Feature", "properties": {"submitted": true, "locationType": "Unsafe pedestrian or tramway crossing", "greatestDangerTo": "Pedestrians", "layer": "DangerousLocations_hki", "status": "active_hazard"}, "geometry": {"type": "Point", "coordinates": [24.91352499950949, 60.15616599955826]}}, {"type": "Feature", "properties": {"submitted": true, "locationType": "A dangerous or difficult intersection", "greatestDangerTo": "Pedestrians", "layer": "DangerousLocations_hki", "status": "active_hazard"}, "geometry": {"type": "Point", "coordinates": [24.93375400048863, 60.15771199572246]}}, {"type": "Feature", "properties": {"submitted": true, "locationType": "Issue regarding quality of the route or its continuity", "greatestDangerTo": "Pedestrians", "layer": "DangerousLocations_hki", "status": "active_hazard"}, "geometry": {"type": "Point", "coordinates": [24.95172600011705, 60.15520699613723]}}, {"type": "Feature", "properties": {"submitted": true, "locationType": "Pedestrian traffic lights that change too fast", "greatestDangerTo": "Pedestrians", "layer": "DangerousLocations_hki", "status": "active_hazard"}, "geometry": {"type": "Point", "coordinates": [24.943216000504698, 60.166687000831764]}}, {"type": "Feature", "properties": {"submitted": true, "locationType": "Issue regarding quality of the route or its continuity", "greatestDangerTo": "Pedestrians", "layer": "DangerousLocations_hki", "status": "active_hazard"}, "geometry": {"type": "Point", "coordinates": [24.947191000205766, 60.17144500188337]}}, {"type": "Feature", "properties": {"submitted": true, "locationType": "Pedestrian traffic lights that change too fast", "greatestDangerTo": "Pedestrians", "layer": "DangerousLocations_hki", "status": "active_hazard"}, "geometry": {"type": "Point", "coordinates": [24.950166000802994, 60.17590300015303]}}, {"type": "Feature", "properties": {"submitted": true, "locationType": "Issue regarding quality of the route or its continuity", "greatestDangerTo": "Pedestrians", "layer": "DangerousLocations_hki", "status": "active_hazard"}, "geometry": {"type": "Point", "coordinates": [24.945395000609352, 60.1696740028278]}}, {"type": "Feature", "properties": {"submitted": true, "locationType": "Unsafe pedestrian or tramway crossing", "greatestDangerTo": "Pedestrians", "layer": "DangerousLocations_hki", "status": "active_hazard"}, "geometry": {"type": "Point", "coordinates": [24.950981999695692, 60.16894300372534]}}, {"type": "Feature", "properties": {"submitted": true, "locationType": "A dangerous or difficult intersection", "greatestDangerTo": "Cyclists (incl. e-bikes)", "layer": "DangerousLocations_hki", "status": "active_hazard"}, "geometry": {"type": "Point", "coordinates": [24.92970400065549, 60.161833995906115]}}, {"type": "Feature", "properties": {"submitted": true, "locationType": "Unsafe pedestrian or tramway crossing", "greatestDangerTo": "Pedestrians", "layer": "DangerousLocations_hki", "status": "active_hazard"}, "geometry": {"type": "Point", "coordinates": [24.929018000194723, 60.22088599746009]}}, {"type": "Feature", "properties": {"submitted": true, "locationType": "Unclear signage", "greatestDangerTo": "Pedestrians", "layer": "DangerousLocations_hki", "status": "active_hazard"}, "geometry": {"type": "Point", "coordinates": [24.978805000578966, 60.18598399792915]}}, {"type": "Feature", "properties": {"submitted": true, "locationType": "A dangerous or difficult intersection", "greatestDangerTo": "Pedestrians", "layer": "DangerousLocations_hki", "status": "active_hazard"}, "geometry": {"type": "Point", "coordinates": [24.948505999958254, 60.19788800282794]}}, {"type": "Feature", "properties": {"submitted": true, "locationType": "Unsafe pedestrian or tramway crossing", "greatestDangerTo": "Cyclists (incl. e-bikes)", "layer": "DangerousLocations_hki", "status": "active_hazard"}, "geometry": {"type": "Point", "coordinates": [24.966112999816904, 60.18946200072552]}}, {"type": "Feature", "properties": {"submitted": true, "locationType": "A dangerous or difficult intersection", "greatestDangerTo": "Pedestrians", "layer": "DangerousLocations_hki", "status": "active_hazard"}, "geometry": {"type": "Point", "coordinates": [24.89031399986226, 60.23458300047006]}}, {"type": "Feature", "properties": {"submitted": true, "locationType": "A dangerous or difficult intersection", "greatestDangerTo": "Car drivers", "layer": "DangerousLocations_hki", "status": "active_hazard"}, "geometry": {"type": "Point", "coordinates": [24.99638300027354, 60.24084500049511]}}, {"type": "Feature", "properties": {"submitted": true, "locationType": "Unsafe pedestrian or tramway crossing", "greatestDangerTo": "Pedestrians", "layer": "DangerousLocations_hki", "status": "active_hazard"}, "geometry": {"type": "Point", "coordinates": [24.91844500032258, 60.20797800016193]}}, {"type": "Feature", "properties": {"submitted": true, "locationType": "A dangerous or difficult intersection", "greatestDangerTo": "Car drivers", "layer": "DangerousLocations_hki", "status": "active_hazard"}, "geometry": {"type": "Point", "coordinates": [24.947200000389056, 60.22144799778842]}}, {"type": "Feature", "properties": {"submitted": true, "locationType": "Some other issue", "greatestDangerTo": "Car drivers", "layer": "DangerousLocations_hki", "status": "active_hazard"}, "geometry": {"type": "Point", "coordinates": [24.995238000769234, 60.240947998844696]}}, {"type": "Feature", "properties": {"submitted": true, "locationType": "A dangerous or difficult intersection", "greatestDangerTo": "Car drivers", "layer": "DangerousLocations_hki", "status": "active_hazard"}, "geometry": {"type": "Point", "coordinates": [24.99706100095418, 60.242065998423854]}}, {"type": "Feature", "properties": {"submitted": true, "locationType": "Some other issue", "greatestDangerTo": "Cyclists (incl. e-bikes)", "layer": "DangerousLocations_hki", "status": "active_hazard"}, "geometry": {"type": "Point", "coordinates": [24.95797499974831, 60.1770640018082]}}, {"type": "Feature", "properties": {"submitted": true, "locationType": "Some other issue", "greatestDangerTo": "Cyclists (incl. e-bikes)", "layer": "DangerousLocations_hki", "status": "active_hazard"}, "geometry": {"type": "Point", "coordinates": [24.941282999815467, 60.1705419993294]}}, {"type": "Feature", "properties": {"submitted": true, "locationType": "Some other issue", "greatestDangerTo": "Cyclists (incl. e-bikes)", "layer": "DangerousLocations_hki", "status": "active_hazard"}, "geometry": {"type": "Point", "coordinates": [24.939794000136704, 60.168824004126456]}}, {"type": "Feature", "properties": {"submitted": true, "locationType": "Unclear signage", "greatestDangerTo": "Cyclists (incl. e-bikes)", "layer": "DangerousLocations_hki", "status": "active_hazard"}, "geometry": {"type": "Point", "coordinates": [24.952499999932563, 60.16618100375378]}}, {"type": "Feature", "properties": {"submitted": true, "locationType": "Unsafe pedestrian or tramway crossing", "greatestDangerTo": "Cyclists (incl. e-bikes)", "layer": "DangerousLocations_hki", "status": "active_hazard"}, "geometry": {"type": "Point", "coordinates": [24.952696000209375, 60.167785995617585]}}, {"type": "Feature", "properties": {"submitted": true, "locationType": "Unclear signage", "greatestDangerTo": "Cyclists (incl. e-bikes)", "layer": "DangerousLocations_hki", "status": "active_hazard"}, "geometry": {"type": "Point", "coordinates": [24.95739200082182, 60.168290999965215]}}, {"type": "Feature", "properties": {"submitted": true, "locationType": "Unsafe pedestrian or tramway crossing", "greatestDangerTo": "Pedestrians", "layer": "DangerousLocations_hki", "status": "active_hazard"}, "geometry": {"type": "Point", "coordinates": [25.042841000137795, 60.2757769960348]}}, {"type": "Feature", "properties": {"submitted": true, "locationType": "A dangerous location related to parking", "greatestDangerTo": "Car drivers", "layer": "DangerousLocations_hki", "status": "active_hazard"}, "geometry": {"type": "Point", "coordinates": [25.04221200098516, 60.27594999565044]}}, {"type": "Feature", "properties": {"submitted": true, "locationType": "Unsafe pedestrian or tramway crossing", "greatestDangerTo": "Pedestrians", "layer": "DangerousLocations_hki", "status": "active_hazard"}, "geometry": {"type": "Point", "coordinates": [25.05188499937196, 60.27104900029432]}}, {"type": "Feature", "properties": {"submitted": true, "locationType": "Unsafe pedestrian or tramway crossing", "greatestDangerTo": "Pedestrians", "layer": "DangerousLocations_hki", "status": "active_hazard"}, "geometry": {"type": "Point", "coordinates": [25.039440000572615, 60.27669599986903]}}, {"type": "Feature", "properties": {"submitted": true, "locationType": "A dangerous or difficult intersection", "greatestDangerTo": "Pedestrians", "layer": "DangerousLocations_hki", "status": "active_hazard"}, "geometry": {"type": "Point", "coordinates": [24.84552800066224, 60.24392899676934]}}, {"type": "Feature", "properties": {"submitted": true, "locationType": "Some other issue", "greatestDangerTo": "Car drivers", "layer": "DangerousLocations_hki", "status": "active_hazard"}, "geometry": {"type": "Point", "coordinates": [24.842951999449816, 60.243140001973146]}}, {"type": "Feature", "properties": {"submitted": true, "locationType": "Issue regarding quality of the route or its continuity", "greatestDangerTo": "Cyclists (incl. e-bikes)", "layer": "DangerousLocations_hki", "status": "active_hazard"}, "geometry": {"type": "Point", "coordinates": [24.84342600100795, 60.24190199795412]}}, {"type": "Feature", "properties": {"submitted": true, "locationType": "Some other issue", "greatestDangerTo": "Pedestrians", "layer": "DangerousLocations_hki", "status": "active_hazard"}, "geometry": {"type": "Point", "coordinates": [24.83867199939403, 60.24059000172667]}}, {"type": "Feature", "properties": {"submitted": true, "locationType": "A dangerous or difficult intersection", "greatestDangerTo": "Car drivers", "layer": "DangerousLocations_hki", "status": "active_hazard"}, "geometry": {"type": "Point", "coordinates": [24.856266000366947, 60.23518499748919]}}, {"type": "Feature", "properties": {"submitted": true, "locationType": "A dangerous or difficult intersection", "greatestDangerTo": "Car drivers", "layer": "DangerousLocations_hki", "status": "active_hazard"}, "geometry": {"type": "Point", "coordinates": [24.84635600060516, 60.23285699555822]}}, {"type": "Feature", "properties": {"submitted": true, "locationType": "Unsafe pedestrian or tramway crossing", "greatestDangerTo": "Pedestrians", "layer": "DangerousLocations_hki", "status": "active_hazard"}, "geometry": {"type": "Point", "coordinates": [24.85329799937615, 60.237680998850074]}}, {"type": "Feature", "properties": {"submitted": true, "locationType": "A dangerous or difficult intersection", "greatestDangerTo": "Car drivers", "layer": "DangerousLocations_hki", "status": "active_hazard"}, "geometry": {"type": "Point", "coordinates": [24.83669500089152, 60.240395996246875]}}, {"type": "Feature", "properties": {"submitted": true, "locationType": "Unsafe pedestrian or tramway crossing", "greatestDangerTo": "Pedestrians", "layer": "DangerousLocations_hki", "status": "active_hazard"}, "geometry": {"type": "Point", "coordinates": [24.84287599987221, 60.24189700087925]}}, {"type": "Feature", "properties": {"submitted": true, "locationType": "A dangerous or difficult intersection", "greatestDangerTo": "Pedestrians", "layer": "DangerousLocations_hki", "status": "active_hazard"}, "geometry": {"type": "Point", "coordinates": [24.846622999536397, 60.23856199903807]}}, {"type": "Feature", "properties": {"submitted": true, "locationType": "A dangerous or difficult intersection", "greatestDangerTo": "Car drivers", "layer": "DangerousLocations_hki", "status": "active_hazard"}, "geometry": {"type": "Point", "coordinates": [24.85063800104361, 60.23959899573497]}}, {"type": "Feature", "properties": {"submitted": true, "locationType": "A dangerous or difficult intersection", "greatestDangerTo": "Car drivers", "layer": "DangerousLocations_hki", "status": "active_hazard"}, "geometry": {"type": "Point", "coordinates": [24.850892999445115, 60.239389998069505]}}, {"type": "Feature", "properties": {"submitted": true, "locationType": "A dangerous or difficult intersection", "greatestDangerTo": "Car drivers", "layer": "DangerousLocations_hki", "status": "active_hazard"}, "geometry": {"type": "Point", "coordinates": [24.84970800054574, 60.239911002903625]}}, {"type": "Feature", "properties": {"submitted": true, "locationType": "Issue regarding the condition of the road or its maintenance", "greatestDangerTo": "Car drivers", "layer": "DangerousLocations_hki", "status": "active_hazard"}, "geometry": {"type": "Point", "coordinates": [24.854808000608266, 60.23681199623861]}}, {"type": "Feature", "properties": {"submitted": true, "locationType": "Issue regarding the condition of the road or its maintenance", "greatestDangerTo": "Car drivers", "layer": "DangerousLocations_hki", "status": "active_hazard"}, "geometry": {"type": "Point", "coordinates": [24.83761400098163, 60.24057299710956]}}, {"type": "Feature", "properties": {"submitted": true, "locationType": "Issue regarding quality of the route or its continuity", "greatestDangerTo": "Car drivers", "layer": "DangerousLocations_hki", "status": "active_hazard"}, "geometry": {"type": "Point", "coordinates": [24.9611709993486, 60.18937399765056]}}, {"type": "Feature", "properties": {"submitted": true, "locationType": "Issue regarding quality of the route or its continuity", "greatestDangerTo": "Pedestrians", "layer": "DangerousLocations_hki", "status": "active_hazard"}, "geometry": {"type": "Point", "coordinates": [25.01099800032047, 60.26211699751008]}}, {"type": "Feature", "properties": {"submitted": false, "locationType": "Issue regarding quality of the route or its continuity", "greatestDangerTo": "Pedestrians", "layer": "DangerousLocations_hki", "status": "active_hazard"}, "geometry": {"type": "Point", "coordinates": [24.948762999787114, 60.16780200408651]}}, {"type": "Feature", "properties": {"submitted": true, "locationType": "A dangerous or difficult intersection", "greatestDangerTo": "Pedestrians", "layer": "DangerousLocations_hki", "status": "active_hazard"}, "geometry": {"type": "Point", "coordinates": [24.911462000902198, 60.15778299757565]}}, {"type": "Feature", "properties": {"submitted": true, "locationType": "A dangerous location related to parking", "greatestDangerTo": "Users of e-scooters or other light electric vehicles", "layer": "DangerousLocations_hki", "status": "active_hazard"}, "geometry": {"type": "Point", "coordinates": [24.971423000406144, 60.188667002922465]}}, {"type": "Feature", "properties": {"submitted": true, "locationType": "Unsafe pedestrian or tramway crossing", "greatestDangerTo": "Pedestrians", "layer": "DangerousLocations_hki", "status": "active_hazard"}, "geometry": {"type": "Point", "coordinates": [24.88123100061852, 60.21115300429455]}}, {"type": "Feature", "properties": {"submitted": true, "locationType": "Unsafe pedestrian or tramway crossing", "greatestDangerTo": "Pedestrians", "layer": "DangerousLocations_hki", "status": "active_hazard"}, "geometry": {"type": "Point", "coordinates": [25.07129900073165, 60.227601997460205]}}, {"type": "Feature", "properties": {"submitted": true, "locationType": "Unclear signage", "greatestDangerTo": "Cyclists (incl. e-bikes)", "layer": "DangerousLocations_hki", "status": "active_hazard"}, "geometry": {"type": "Point", "coordinates": [24.943906999469686, 60.19259100352453]}}, {"type": "Feature", "properties": {"submitted": true, "locationType": "Some other issue", "greatestDangerTo": "Cyclists (incl. e-bikes)", "layer": "DangerousLocations_hki", "status": "active_hazard"}, "geometry": {"type": "Point", "coordinates": [24.996092000116864, 60.18634199565675]}}, {"type": "Feature", "properties": {"submitted": true, "locationType": "Unclear signage", "greatestDangerTo": "Cyclists (incl. e-bikes)", "layer": "DangerousLocations_hki", "status": "active_hazard"}, "geometry": {"type": "Point", "coordinates": [24.95186199955626, 60.191833997598586]}}, {"type": "Feature", "properties": {"submitted": true, "locationType": "Issue regarding quality of the route or its continuity", "greatestDangerTo": "Cyclists (incl. e-bikes)", "layer": "DangerousLocations_hki", "status": "active_hazard"}, "geometry": {"type": "Point", "coordinates": [24.96319199960898, 60.19045500390567]}}, {"type": "Feature", "properties": {"submitted": true, "locationType": "Unclear signage", "greatestDangerTo": "Cyclists (incl. e-bikes)", "layer": "DangerousLocations_hki", "status": "active_hazard"}, "geometry": {"type": "Point", "coordinates": [24.977579000881693, 60.18754699785047]}}, {"type": "Feature", "properties": {"submitted": true, "locationType": "A dangerous or difficult intersection", "greatestDangerTo": "Car drivers", "layer": "DangerousLocations_hki", "status": "active_hazard"}, "geometry": {"type": "Point", "coordinates": [25.05051199925046, 60.17550999821248]}}, {"type": "Feature", "properties": {"submitted": true, "locationType": "Some other issue", "greatestDangerTo": "Persons using mobility aids (such as a wheelchair or walker)", "layer": "DangerousLocations_hki", "status": "active_hazard"}, "geometry": {"type": "Point", "coordinates": [24.83886100018769, 60.240846000312516]}}, {"type": "Feature", "properties": {"submitted": true, "locationType": "A dangerous location related to construction site arrangements", "greatestDangerTo": "Car drivers", "layer": "DangerousLocations_hki", "status": "active_hazard"}, "geometry": {"type": "Point", "coordinates": [25.06638999995979, 60.2080459973477]}}, {"type": "Feature", "properties": {"submitted": true, "locationType": "A dangerous location related to construction site arrangements", "greatestDangerTo": "Car drivers", "layer": "DangerousLocations_hki", "status": "active_hazard"}, "geometry": {"type": "Point", "coordinates": [25.040312999793297, 60.201753002868145]}}, {"type": "Feature", "properties": {"submitted": true, "locationType": "Unsafe pedestrian or tramway crossing", "greatestDangerTo": "Pedestrians", "layer": "DangerousLocations_hki", "status": "active_hazard"}, "geometry": {"type": "Point", "coordinates": [24.958358999699296, 60.2135179984744]}}, {"type": "Feature", "properties": {"submitted": true, "locationType": "Unsafe pedestrian or tramway crossing", "greatestDangerTo": "Pedestrians", "layer": "DangerousLocations_hki", "status": "active_hazard"}, "geometry": {"type": "Point", "coordinates": [24.95075899973751, 60.17408099977324]}}, {"type": "Feature", "properties": {"submitted": true, "locationType": "Unsafe pedestrian or tramway crossing", "greatestDangerTo": "Pedestrians", "layer": "DangerousLocations_hki", "status": "active_hazard"}, "geometry": {"type": "Point", "coordinates": [24.975196000347164, 60.189959003089655]}}, {"type": "Feature", "properties": {"submitted": true, "locationType": "Unsafe pedestrian or tramway crossing", "greatestDangerTo": "Pedestrians", "layer": "DangerousLocations_hki", "status": "active_hazard"}, "geometry": {"type": "Point", "coordinates": [24.976168999965143, 60.190862004172146]}}, {"type": "Feature", "properties": {"submitted": true, "locationType": "Unsafe pedestrian or tramway crossing", "greatestDangerTo": "Pedestrians", "layer": "DangerousLocations_hki", "status": "active_hazard"}, "geometry": {"type": "Point", "coordinates": [24.94574200027914, 60.20673299739109]}}, {"type": "Feature", "properties": {"submitted": false, "locationType": "A dangerous or difficult intersection", "greatestDangerTo": "Cyclists (incl. e-bikes)", "layer": "DangerousLocations_hki", "status": "active_hazard"}, "geometry": {"type": "Point", "coordinates": [24.97067000040665, 60.188845002798594]}}, {"type": "Feature", "properties": {"submitted": false, "locationType": "A dangerous location related to parking", "greatestDangerTo": "Cyclists (incl. e-bikes)", "layer": "DangerousLocations_hki", "status": "active_hazard"}, "geometry": {"type": "Point", "coordinates": [24.97002600028207, 60.188932002024906]}}, {"type": "Feature", "properties": {"submitted": false, "locationType": "Pedestrian traffic lights that change too fast", "greatestDangerTo": "Pedestrians", "layer": "DangerousLocations_hki", "status": "active_hazard"}, "geometry": {"type": "Point", "coordinates": [24.949069000673354, 60.190486999710025]}}, {"type": "Feature", "properties": {"submitted": false, "locationType": "Pedestrian traffic lights that change too fast", "greatestDangerTo": "Cyclists (incl. e-bikes)", "layer": "DangerousLocations_hki", "status": "active_hazard"}, "geometry": {"type": "Point", "coordinates": [24.924690000349344, 60.191162001584026]}}, {"type": "Feature", "properties": {"submitted": true, "locationType": "A dangerous or difficult intersection", "greatestDangerTo": "Cyclists (incl. e-bikes)", "layer": "DangerousLocations_hki", "status": "active_hazard"}, "geometry": {"type": "Point", "coordinates": [24.937249000863133, 60.185182000480864]}}, {"type": "Feature", "properties": {"submitted": true, "locationType": "A dangerous or difficult intersection", "greatestDangerTo": "Pedestrians", "layer": "DangerousLocations_hki", "status": "active_hazard"}, "geometry": {"type": "Point", "coordinates": [24.94333100043162, 60.17296400007271]}}, {"type": "Feature", "properties": {"submitted": true, "locationType": "Unclear signage", "greatestDangerTo": "Car drivers", "layer": "DangerousLocations_hki", "status": "active_hazard"}, "geometry": {"type": "Point", "coordinates": [24.885524000814783, 60.214214999411425]}}, {"type": "Feature", "properties": {"submitted": true, "locationType": "Unsafe pedestrian or tramway crossing", "greatestDangerTo": "Pedestrians", "layer": "DangerousLocations_hki", "status": "active_hazard"}, "geometry": {"type": "Point", "coordinates": [25.021981000939196, 60.192094998559]}}, {"type": "Feature", "properties": {"submitted": true, "locationType": "A dangerous location related to parking", "greatestDangerTo": "Cyclists (incl. e-bikes)", "layer": "DangerousLocations_hki", "status": "active_hazard"}, "geometry": {"type": "Point", "coordinates": [25.031960000749716, 60.19670599692015]}}, {"type": "Feature", "properties": {"submitted": true, "locationType": "Unsafe pedestrian or tramway crossing", "greatestDangerTo": "Cyclists (incl. e-bikes)", "layer": "DangerousLocations_hki", "status": "active_hazard"}, "geometry": {"type": "Point", "coordinates": [25.042474000751582, 60.265639996772144]}}, {"type": "Feature", "properties": {"submitted": true, "locationType": "Issue regarding quality of the route or its continuity", "greatestDangerTo": "Cyclists (incl. e-bikes)", "layer": "DangerousLocations_hki", "status": "active_hazard"}, "geometry": {"type": "Point", "coordinates": [25.04937399942128, 60.1575940024567]}}, {"type": "Feature", "properties": {"submitted": true, "locationType": "A dangerous or difficult intersection", "greatestDangerTo": "Pedestrians", "layer": "DangerousLocations_hki", "status": "active_hazard"}, "geometry": {"type": "Point", "coordinates": [24.964366999741653, 60.192011997610116]}}, {"type": "Feature", "properties": {"submitted": true, "locationType": "A dangerous or difficult intersection", "greatestDangerTo": "Car drivers", "layer": "DangerousLocations_hki", "status": "active_hazard"}, "geometry": {"type": "Point", "coordinates": [24.979675999406243, 60.18285500108817]}}, {"type": "Feature", "properties": {"submitted": true, "locationType": "Unsafe pedestrian or tramway crossing", "greatestDangerTo": "Pedestrians", "layer": "DangerousLocations_hki", "status": "active_hazard"}, "geometry": {"type": "Point", "coordinates": [24.87767099933292, 60.16073200007723]}}, {"type": "Feature", "properties": {"submitted": true, "locationType": "Unsafe pedestrian or tramway crossing", "greatestDangerTo": "Pedestrians", "layer": "DangerousLocations_hki", "status": "active_hazard"}, "geometry": {"type": "Point", "coordinates": [24.87548200038748, 60.16085100029342]}}, {"type": "Feature", "properties": {"submitted": true, "locationType": "Unsafe pedestrian or tramway crossing", "greatestDangerTo": "Persons using mobility aids (such as a wheelchair or walker)", "layer": "DangerousLocations_hki", "status": "active_hazard"}, "geometry": {"type": "Point", "coordinates": [24.96485399934181, 60.19195600043742]}}, {"type": "Feature", "properties": {"submitted": true, "locationType": "A dangerous or difficult intersection", "greatestDangerTo": "Pedestrians", "layer": "DangerousLocations_hki", "status": "active_hazard"}, "geometry": {"type": "Point", "coordinates": [24.957409000404326, 60.19457500068388]}}, {"type": "Feature", "properties": {"submitted": true, "locationType": "Unsafe pedestrian or tramway crossing", "greatestDangerTo": "Cyclists (incl. e-bikes)", "layer": "DangerousLocations_hki", "status": "active_hazard"}, "geometry": {"type": "Point", "coordinates": [24.8664899995451, 60.25114799623206]}}, {"type": "Feature", "properties": {"submitted": true, "locationType": "Unsafe pedestrian or tramway crossing", "greatestDangerTo": "Cyclists (incl. e-bikes)", "layer": "DangerousLocations_hki", "status": "active_hazard"}, "geometry": {"type": "Point", "coordinates": [24.88954400046994, 60.23617199844518]}}, {"type": "Feature", "properties": {"submitted": true, "locationType": "Unsafe pedestrian or tramway crossing", "greatestDangerTo": "Cyclists (incl. e-bikes)", "layer": "DangerousLocations_hki", "status": "active_hazard"}, "geometry": {"type": "Point", "coordinates": [24.865280000096348, 60.24963799810295]}}, {"type": "Feature", "properties": {"submitted": true, "locationType": "Some other issue", "greatestDangerTo": "Cyclists (incl. e-bikes)", "layer": "DangerousLocations_hki", "status": "active_hazard"}, "geometry": {"type": "Point", "coordinates": [24.963431999431922, 60.229080995883855]}}, {"type": "Feature", "properties": {"submitted": true, "locationType": "Unclear signage", "greatestDangerTo": "Users of e-scooters or other light electric vehicles", "layer": "DangerousLocations_hki", "status": "active_hazard"}, "geometry": {"type": "Point", "coordinates": [24.932669000434956, 60.1591730004565]}}, {"type": "Feature", "properties": {"submitted": true, "locationType": "A dangerous or difficult intersection", "greatestDangerTo": "Pedestrians", "layer": "DangerousLocations_hki", "status": "active_hazard"}, "geometry": {"type": "Point", "coordinates": [24.970498999491035, 60.18812200414019]}}, {"type": "Feature", "properties": {"submitted": true, "locationType": "Unsafe pedestrian or tramway crossing", "greatestDangerTo": "Pedestrians", "layer": "DangerousLocations_hki", "status": "active_hazard"}, "geometry": {"type": "Point", "coordinates": [24.875684999159624, 60.205577000880616]}}, {"type": "Feature", "properties": {"submitted": true, "locationType": "A dangerous or difficult intersection", "greatestDangerTo": "Car drivers", "layer": "DangerousLocations_hki", "status": "active_hazard"}, "geometry": {"type": "Point", "coordinates": [25.049763000473693, 60.17548399616459]}}, {"type": "Feature", "properties": {"submitted": true, "locationType": "A dangerous or difficult intersection", "greatestDangerTo": "Car drivers", "layer": "DangerousLocations_hki", "status": "active_hazard"}, "geometry": {"type": "Point", "coordinates": [25.05069799905475, 60.1782640012298]}}, {"type": "Feature", "properties": {"submitted": true, "locationType": "Issue regarding quality of the route or its continuity", "greatestDangerTo": "Persons using mobility aids (such as a wheelchair or walker)", "layer": "DangerousLocations_hki", "status": "active_hazard"}, "geometry": {"type": "Point", "coordinates": [25.050557999120457, 60.178088003386165]}}, {"type": "Feature", "properties": {"submitted": true, "locationType": "A dangerous or difficult intersection", "greatestDangerTo": "Cyclists (incl. e-bikes)", "layer": "DangerousLocations_hki", "status": "active_hazard"}, "geometry": {"type": "Point", "coordinates": [25.021960999026767, 60.19213700393675]}}, {"type": "Feature", "properties": {"submitted": true, "locationType": "Unsafe pedestrian or tramway crossing", "greatestDangerTo": "Pedestrians", "layer": "DangerousLocations_hki", "status": "active_hazard"}, "geometry": {"type": "Point", "coordinates": [24.99317299999155, 60.24510799852846]}}, {"type": "Feature", "properties": {"submitted": true, "locationType": "Unsafe pedestrian or tramway crossing", "greatestDangerTo": "Pedestrians", "layer": "DangerousLocations_hki", "status": "active_hazard"}, "geometry": {"type": "Point", "coordinates": [24.992660999440663, 60.24588799689906]}}, {"type": "Feature", "properties": {"submitted": false, "locationType": "Unsafe pedestrian or tramway crossing", "greatestDangerTo": "Pedestrians", "layer": "DangerousLocations_hki", "status": "active_hazard"}, "geometry": {"type": "Point", "coordinates": [24.96304400041167, 60.22534999635172]}}, {"type": "Feature", "properties": {"submitted": false, "locationType": "Unsafe pedestrian or tramway crossing", "greatestDangerTo": "Pedestrians", "layer": "DangerousLocations_hki", "status": "active_hazard"}, "geometry": {"type": "Point", "coordinates": [24.966006000072472, 60.22583499962528]}}, {"type": "Feature", "properties": {"submitted": true, "locationType": "A dangerous or difficult intersection", "greatestDangerTo": "Pedestrians", "layer": "DangerousLocations_hki", "status": "active_hazard"}, "geometry": {"type": "Point", "coordinates": [24.983405000442907, 60.26441000244032]}}, {"type": "Feature", "properties": {"submitted": true, "locationType": "A dangerous or difficult intersection", "greatestDangerTo": "Car drivers", "layer": "DangerousLocations_hki", "status": "active_hazard"}, "geometry": {"type": "Point", "coordinates": [24.9514040008542, 60.25650699804879]}}, {"type": "Feature", "properties": {"submitted": true, "locationType": "Issue regarding quality of the route or its continuity", "greatestDangerTo": "Cyclists (incl. e-bikes)", "layer": "DangerousLocations_hki", "status": "active_hazard"}, "geometry": {"type": "Point", "coordinates": [24.976949999509785, 60.18345800057389]}}, {"type": "Feature", "properties": {"submitted": true, "locationType": "Unsafe pedestrian or tramway crossing", "greatestDangerTo": "Pedestrians", "layer": "DangerousLocations_hki", "status": "active_hazard"}, "geometry": {"type": "Point", "coordinates": [24.981379000369056, 60.18525299703863]}}, {"type": "Feature", "properties": {"submitted": true, "locationType": "Some other issue", "greatestDangerTo": "Pedestrians", "layer": "DangerousLocations_hki", "status": "active_hazard"}, "geometry": {"type": "Point", "coordinates": [24.973286000842858, 60.22573099783185]}}, {"type": "Feature", "properties": {"submitted": true, "locationType": "A dangerous or difficult intersection", "greatestDangerTo": "Pedestrians", "layer": "DangerousLocations_hki", "status": "active_hazard"}, "geometry": {"type": "Point", "coordinates": [24.969934000451072, 60.188172003561235]}}, {"type": "Feature", "properties": {"submitted": true, "locationType": "Unsafe pedestrian or tramway crossing", "greatestDangerTo": "Pedestrians", "layer": "DangerousLocations_hki", "status": "active_hazard"}, "geometry": {"type": "Point", "coordinates": [24.963519000536845, 60.18804200041056]}}, {"type": "Feature", "properties": {"submitted": true, "locationType": "Unsafe pedestrian or tramway crossing", "greatestDangerTo": "Pedestrians", "layer": "DangerousLocations_hki", "status": "active_hazard"}, "geometry": {"type": "Point", "coordinates": [24.895337999313888, 60.22806899681908]}}, {"type": "Feature", "properties": {"submitted": true, "locationType": "Unclear signage", "greatestDangerTo": "Car drivers", "layer": "DangerousLocations_hki", "status": "active_hazard"}, "geometry": {"type": "Point", "coordinates": [24.895509000880427, 60.225450998115775]}}, {"type": "Feature", "properties": {"submitted": true, "locationType": "A dangerous or difficult intersection", "greatestDangerTo": "Pedestrians", "layer": "DangerousLocations_hki", "status": "active_hazard"}, "geometry": {"type": "Point", "coordinates": [24.89531099938803, 60.22810599652436]}}, {"type": "Feature", "properties": {"submitted": true, "locationType": "Unsafe pedestrian or tramway crossing", "greatestDangerTo": "Pedestrians", "layer": "DangerousLocations_hki", "status": "active_hazard"}, "geometry": {"type": "Point", "coordinates": [24.895520999773225, 60.225411999911096]}}, {"type": "Feature", "properties": {"submitted": true, "locationType": "A dangerous or difficult intersection", "greatestDangerTo": "Pedestrians", "layer": "DangerousLocations_hki", "status": "active_hazard"}, "geometry": {"type": "Point", "coordinates": [24.895428999681982, 60.22570000396435]}}, {"type": "Feature", "properties": {"submitted": true, "locationType": "Unsafe pedestrian or tramway crossing", "greatestDangerTo": "Pedestrians", "layer": "DangerousLocations_hki", "status": "active_hazard"}, "geometry": {"type": "Point", "coordinates": [24.90897600097591, 60.159519998734375]}}, {"type": "Feature", "properties": {"submitted": true, "locationType": "Unsafe pedestrian or tramway crossing", "greatestDangerTo": "Pedestrians", "layer": "DangerousLocations_hki", "status": "active_hazard"}, "geometry": {"type": "Point", "coordinates": [24.909689000263832, 60.159029998711716]}}, {"type": "Feature", "properties": {"submitted": true, "locationType": "Unsafe pedestrian or tramway crossing", "greatestDangerTo": "Pedestrians", "layer": "DangerousLocations_hki", "status": "active_hazard"}, "geometry": {"type": "Point", "coordinates": [24.91158999981738, 60.156885004465444]}}, {"type": "Feature", "properties": {"submitted": true, "locationType": "Unsafe pedestrian or tramway crossing", "greatestDangerTo": "Pedestrians", "layer": "DangerousLocations_hki", "status": "active_hazard"}, "geometry": {"type": "Point", "coordinates": [24.921745999281722, 60.15940900398811]}}, {"type": "Feature", "properties": {"submitted": true, "locationType": "A dangerous or difficult intersection", "greatestDangerTo": "Pedestrians", "layer": "DangerousLocations_hki", "status": "active_hazard"}, "geometry": {"type": "Point", "coordinates": [24.93022899964527, 60.16645099653439]}}, {"type": "Feature", "properties": {"submitted": true, "locationType": "Unsafe pedestrian or tramway crossing", "greatestDangerTo": "Pedestrians", "layer": "DangerousLocations_hki", "status": "active_hazard"}, "geometry": {"type": "Point", "coordinates": [24.908236000312755, 60.192841000567626]}}, {"type": "Feature", "properties": {"submitted": true, "locationType": "Unsafe pedestrian or tramway crossing", "greatestDangerTo": "Pedestrians", "layer": "DangerousLocations_hki", "status": "active_hazard"}, "geometry": {"type": "Point", "coordinates": [25.061012000258955, 60.21594600141078]}}, {"type": "Feature", "properties": {"submitted": true, "locationType": "Some other issue", "greatestDangerTo": "Pedestrians", "layer": "DangerousLocations_hki", "status": "active_hazard"}, "geometry": {"type": "Point", "coordinates": [24.933132000744003, 60.220779001160096]}}, {"type": "Feature", "properties": {"submitted": true, "locationType": "Unsafe pedestrian or tramway crossing", "greatestDangerTo": "Pedestrians", "layer": "DangerousLocations_hki", "status": "active_hazard"}, "geometry": {"type": "Point", "coordinates": [24.967984999962155, 60.207720001157725]}}, {"type": "Feature", "properties": {"submitted": true, "locationType": "Unsafe pedestrian or tramway crossing", "greatestDangerTo": "Cyclists (incl. e-bikes)", "layer": "DangerousLocations_hki", "status": "active_hazard"}, "geometry": {"type": "Point", "coordinates": [24.941854999930612, 60.19358800369079]}}, {"type": "Feature", "properties": {"submitted": true, "locationType": "A dangerous or difficult intersection", "greatestDangerTo": "Pedestrians", "layer": "DangerousLocations_hki", "status": "active_hazard"}, "geometry": {"type": "Point", "coordinates": [24.94856099982226, 60.19118700326206]}}, {"type": "Feature", "properties": {"submitted": true, "locationType": "Unsafe pedestrian or tramway crossing", "greatestDangerTo": "Pedestrians", "layer": "DangerousLocations_hki", "status": "active_hazard"}, "geometry": {"type": "Point", "coordinates": [24.948235000968026, 60.19116899680019]}}, {"type": "Feature", "properties": {"submitted": true, "locationType": "Unsafe pedestrian or tramway crossing", "greatestDangerTo": "Pedestrians", "layer": "DangerousLocations_hki", "status": "active_hazard"}, "geometry": {"type": "Point", "coordinates": [24.964537998952043, 60.19192500237534]}}, {"type": "Feature", "properties": {"submitted": true, "locationType": "Unsafe pedestrian or tramway crossing", "greatestDangerTo": "Pedestrians", "layer": "DangerousLocations_hki", "status": "active_hazard"}, "geometry": {"type": "Point", "coordinates": [24.96477700067022, 60.192935997161946]}}, {"type": "Feature", "properties": {"submitted": true, "locationType": "Unsafe pedestrian or tramway crossing", "greatestDangerTo": "Persons using mobility aids (such as a wheelchair or walker)", "layer": "DangerousLocations_hki", "status": "active_hazard"}, "geometry": {"type": "Point", "coordinates": [24.96280799900059, 60.19599200299746]}}, {"type": "Feature", "properties": {"submitted": true, "locationType": "Unsafe pedestrian or tramway crossing", "greatestDangerTo": "Pedestrians", "layer": "DangerousLocations_hki", "status": "active_hazard"}, "geometry": {"type": "Point", "coordinates": [24.96108700113445, 60.19652299618798]}}, {"type": "Feature", "properties": {"submitted": true, "locationType": "A dangerous or difficult intersection", "greatestDangerTo": "Cyclists (incl. e-bikes)", "layer": "DangerousLocations_hki", "status": "active_hazard"}, "geometry": {"type": "Point", "coordinates": [24.93633800015829, 60.17452399859838]}}, {"type": "Feature", "properties": {"submitted": true, "locationType": "Issue regarding quality of the route or its continuity", "greatestDangerTo": "Cyclists (incl. e-bikes)", "layer": "DangerousLocations_hki", "status": "active_hazard"}, "geometry": {"type": "Point", "coordinates": [24.94438600024364, 60.17193600403598]}}, {"type": "Feature", "properties": {"submitted": true, "locationType": "Unsafe pedestrian or tramway crossing", "greatestDangerTo": "Pedestrians", "layer": "DangerousLocations_hki", "status": "active_hazard"}, "geometry": {"type": "Point", "coordinates": [24.89190700072362, 60.20881699875811]}}, {"type": "Feature", "properties": {"submitted": true, "locationType": "Unsafe pedestrian or tramway crossing", "greatestDangerTo": "Pedestrians", "layer": "DangerousLocations_hki", "status": "active_hazard"}, "geometry": {"type": "Point", "coordinates": [24.888260999398604, 60.21055599896495]}}, {"type": "Feature", "properties": {"submitted": true, "locationType": "Unsafe pedestrian or tramway crossing", "greatestDangerTo": "Users of e-scooters or other light electric vehicles", "layer": "DangerousLocations_hki", "status": "active_hazard"}, "geometry": {"type": "Point", "coordinates": [25.033853999948366, 60.23460599674107]}}, {"type": "Feature", "properties": {"submitted": true, "locationType": "Unsafe pedestrian or tramway crossing", "greatestDangerTo": "Pedestrians", "layer": "DangerousLocations_hki", "status": "active_hazard"}, "geometry": {"type": "Point", "coordinates": [25.04111500073208, 60.23522700088904]}}, {"type": "Feature", "properties": {"submitted": true, "locationType": "A dangerous or difficult intersection", "greatestDangerTo": "Cyclists (incl. e-bikes)", "layer": "DangerousLocations_hki", "status": "active_hazard"}, "geometry": {"type": "Point", "coordinates": [25.027614000374825, 60.22761699611677]}}, {"type": "Feature", "properties": {"submitted": true, "locationType": "Some other issue", "greatestDangerTo": "Users of e-scooters or other light electric vehicles", "layer": "DangerousLocations_hki", "status": "active_hazard"}, "geometry": {"type": "Point", "coordinates": [24.967962999482552, 60.18618099852604]}}, {"type": "Feature", "properties": {"submitted": true, "locationType": "A dangerous or difficult intersection", "greatestDangerTo": "Cyclists (incl. e-bikes)", "layer": "DangerousLocations_hki", "status": "active_hazard"}, "geometry": {"type": "Point", "coordinates": [24.96828000054721, 60.18621999817701]}}, {"type": "Feature", "properties": {"submitted": true, "locationType": "A dangerous or difficult intersection", "greatestDangerTo": "Car drivers", "layer": "DangerousLocations_hki", "status": "active_hazard"}, "geometry": {"type": "Point", "coordinates": [25.050432999048144, 60.17825700446943]}}, {"type": "Feature", "properties": {"submitted": true, "locationType": "Unsafe pedestrian or tramway crossing", "greatestDangerTo": "Cyclists (incl. e-bikes)", "layer": "DangerousLocations_hki", "status": "active_hazard"}, "geometry": {"type": "Point", "coordinates": [24.937606000244436, 60.25635399757442]}}, {"type": "Feature", "properties": {"submitted": true, "locationType": "Issue regarding the condition of the road or its maintenance", "greatestDangerTo": "Pedestrians", "layer": "DangerousLocations_hki", "status": "active_hazard"}, "geometry": {"type": "Point", "coordinates": [24.928629000594842, 60.238355000186715]}}, {"type": "Feature", "properties": {"submitted": true, "locationType": "Unsafe pedestrian or tramway crossing", "greatestDangerTo": "Pedestrians", "layer": "DangerousLocations_hki", "status": "active_hazard"}, "geometry": {"type": "Point", "coordinates": [24.929106999042755, 60.237024003891555]}}, {"type": "Feature", "properties": {"submitted": true, "locationType": "A dangerous or difficult intersection", "greatestDangerTo": "Cyclists (incl. e-bikes)", "layer": "DangerousLocations_hki", "status": "active_hazard"}, "geometry": {"type": "Point", "coordinates": [24.94437400043268, 60.23989600209133]}}, {"type": "Feature", "properties": {"submitted": true, "locationType": "Issue regarding the condition of the road or its maintenance", "greatestDangerTo": "Pedestrians", "layer": "DangerousLocations_hki", "status": "active_hazard"}, "geometry": {"type": "Point", "coordinates": [24.9436510010316, 60.244803996209285]}}, {"type": "Feature", "properties": {"submitted": true, "locationType": "Unsafe pedestrian or tramway crossing", "greatestDangerTo": "Pedestrians", "layer": "DangerousLocations_hki", "status": "active_hazard"}, "geometry": {"type": "Point", "coordinates": [24.92321000002488, 60.247496002043164]}}, {"type": "Feature", "properties": {"submitted": true, "locationType": "Some other issue", "greatestDangerTo": "Pedestrians", "layer": "DangerousLocations_hki", "status": "active_hazard"}, "geometry": {"type": "Point", "coordinates": [25.02464399925334, 60.266780001991364]}}, {"type": "Feature", "properties": {"submitted": true, "locationType": "Unsafe pedestrian or tramway crossing", "greatestDangerTo": "Pedestrians", "layer": "DangerousLocations_hki", "status": "active_hazard"}, "geometry": {"type": "Point", "coordinates": [25.026608999323052, 60.26358799754291]}}, {"type": "Feature", "properties": {"submitted": true, "locationType": "A dangerous or difficult intersection", "greatestDangerTo": "Cyclists (incl. e-bikes)", "layer": "DangerousLocations_hki", "status": "active_hazard"}, "geometry": {"type": "Point", "coordinates": [24.982244999593423, 60.18646999927483]}}, {"type": "Feature", "properties": {"submitted": true, "locationType": "A dangerous or difficult intersection", "greatestDangerTo": "Pedestrians", "layer": "DangerousLocations_hki", "status": "active_hazard"}, "geometry": {"type": "Point", "coordinates": [25.030615000188774, 60.19443400290865]}}, {"type": "Feature", "properties": {"submitted": true, "locationType": "A dangerous or difficult intersection", "greatestDangerTo": "Car drivers", "layer": "DangerousLocations_hki", "status": "active_hazard"}, "geometry": {"type": "Point", "coordinates": [25.05047299946892, 60.17824500063422]}}, {"type": "Feature", "properties": {"submitted": true, "locationType": "Issue regarding quality of the route or its continuity", "greatestDangerTo": "Pedestrians", "layer": "DangerousLocations_hki", "status": "active_hazard"}, "geometry": {"type": "Point", "coordinates": [24.956771000214363, 60.21786699778884]}}, {"type": "Feature", "properties": {"submitted": true, "locationType": "A dangerous or difficult intersection", "greatestDangerTo": "Car drivers", "layer": "DangerousLocations_hki", "status": "active_hazard"}, "geometry": {"type": "Point", "coordinates": [24.95411500041846, 60.216964998542956]}}, {"type": "Feature", "properties": {"submitted": true, "locationType": "Unsafe pedestrian or tramway crossing", "greatestDangerTo": "Pedestrians", "layer": "DangerousLocations_hki", "status": "active_hazard"}, "geometry": {"type": "Point", "coordinates": [24.908146999988865, 60.15415700154146]}}, {"type": "Feature", "properties": {"submitted": true, "locationType": "Unclear signage", "greatestDangerTo": "Pedestrians", "layer": "DangerousLocations_hki", "status": "active_hazard"}, "geometry": {"type": "Point", "coordinates": [24.902137000100286, 60.161766995912174]}}, {"type": "Feature", "properties": {"submitted": true, "locationType": "Some other issue", "greatestDangerTo": "Pedestrians", "layer": "DangerousLocations_hki", "status": "active_hazard"}, "geometry": {"type": "Point", "coordinates": [24.956857999550678, 60.19717299816314]}}, {"type": "Feature", "properties": {"submitted": true, "locationType": "Unsafe pedestrian or tramway crossing", "greatestDangerTo": "Pedestrians", "layer": "DangerousLocations_hki", "status": "active_hazard"}, "geometry": {"type": "Point", "coordinates": [24.960958000885253, 60.19655899646491]}}, {"type": "Feature", "properties": {"submitted": true, "locationType": "Unsafe pedestrian or tramway crossing", "greatestDangerTo": "Persons using mobility aids (such as a wheelchair or walker)", "layer": "DangerousLocations_hki", "status": "active_hazard"}, "geometry": {"type": "Point", "coordinates": [24.962708999203045, 60.19601200219016]}}, {"type": "Feature", "properties": {"submitted": true, "locationType": "Unsafe pedestrian or tramway crossing", "greatestDangerTo": "Pedestrians", "layer": "DangerousLocations_hki", "status": "active_hazard"}, "geometry": {"type": "Point", "coordinates": [24.955193999338633, 60.19516999851797]}}, {"type": "Feature", "properties": {"submitted": true, "locationType": "A dangerous or difficult intersection", "greatestDangerTo": "Pedestrians", "layer": "DangerousLocations_hki", "status": "active_hazard"}, "geometry": {"type": "Point", "coordinates": [24.95705499980116, 60.194496002059246]}}, {"type": "Feature", "properties": {"submitted": true, "locationType": "Unsafe pedestrian or tramway crossing", "greatestDangerTo": "Pedestrians", "layer": "DangerousLocations_hki", "status": "active_hazard"}, "geometry": {"type": "Point", "coordinates": [25.05133200071641, 60.20535699809175]}}, {"type": "Feature", "properties": {"submitted": true, "locationType": "Unsafe pedestrian or tramway crossing", "greatestDangerTo": "Pedestrians", "layer": "DangerousLocations_hki", "status": "active_hazard"}, "geometry": {"type": "Point", "coordinates": [24.951261001054842, 60.16566799651143]}}, {"type": "Feature", "properties": {"submitted": true, "locationType": "A dangerous or difficult intersection", "greatestDangerTo": "Pedestrians", "layer": "DangerousLocations_hki", "status": "active_hazard"}, "geometry": {"type": "Point", "coordinates": [25.064526999995447, 60.269629997898036]}}, {"type": "Feature", "properties": {"submitted": true, "locationType": "A dangerous or difficult intersection", "greatestDangerTo": "Pedestrians", "layer": "DangerousLocations_hki", "status": "active_hazard"}, "geometry": {"type": "Point", "coordinates": [24.953207999241208, 60.18554800160566]}}, {"type": "Feature", "properties": {"submitted": true, "locationType": "A dangerous or difficult intersection", "greatestDangerTo": "Pedestrians", "layer": "DangerousLocations_hki", "status": "active_hazard"}, "geometry": {"type": "Point", "coordinates": [24.953951000177504, 60.21694899579411]}}, {"type": "Feature", "properties": {"submitted": true, "locationType": "Unsafe pedestrian or tramway crossing", "greatestDangerTo": "Cyclists (incl. e-bikes)", "layer": "DangerousLocations_hki", "status": "active_hazard"}, "geometry": {"type": "Point", "coordinates": [25.031859999428043, 60.19599199620148]}}, {"type": "Feature", "properties": {"submitted": true, "locationType": "Some other issue", "greatestDangerTo": "Cyclists (incl. e-bikes)", "layer": "DangerousLocations_hki", "status": "active_hazard"}, "geometry": {"type": "Point", "coordinates": [25.03081200074056, 60.20066099681815]}}, {"type": "Feature", "properties": {"submitted": true, "locationType": "A dangerous or difficult intersection", "greatestDangerTo": "Pedestrians", "layer": "DangerousLocations_hki", "status": "active_hazard"}, "geometry": {"type": "Point", "coordinates": [25.02980600012463, 60.19482799925396]}}, {"type": "Feature", "properties": {"submitted": true, "locationType": "A dangerous or difficult intersection", "greatestDangerTo": "Pedestrians", "layer": "DangerousLocations_hki", "status": "active_hazard"}, "geometry": {"type": "Point", "coordinates": [25.03142800050497, 60.19830200088316]}}, {"type": "Feature", "properties": {"submitted": true, "locationType": "Some other issue", "greatestDangerTo": "Cyclists (incl. e-bikes)", "layer": "DangerousLocations_hki", "status": "active_hazard"}, "geometry": {"type": "Point", "coordinates": [24.980434000564138, 60.235254999363555]}}, {"type": "Feature", "properties": {"submitted": true, "locationType": "Issue regarding the condition of the road or its maintenance", "greatestDangerTo": "Cyclists (incl. e-bikes)", "layer": "DangerousLocations_hki", "status": "active_hazard"}, "geometry": {"type": "Point", "coordinates": [24.955554999935384, 60.22270100394671]}}, {"type": "Feature", "properties": {"submitted": true, "locationType": "A dangerous location related to construction site arrangements", "greatestDangerTo": "Cyclists (incl. e-bikes)", "layer": "DangerousLocations_hki", "status": "active_hazard"}, "geometry": {"type": "Point", "coordinates": [24.963518000493863, 60.18860900171011]}}, {"type": "Feature", "properties": {"submitted": true, "locationType": "Pedestrian traffic lights that change too fast", "greatestDangerTo": "Pedestrians", "layer": "DangerousLocations_hki", "status": "active_hazard"}, "geometry": {"type": "Point", "coordinates": [24.94651500020788, 60.20874600286813]}}, {"type": "Feature", "properties": {"submitted": true, "locationType": "Pedestrian traffic lights that change too fast", "greatestDangerTo": "Pedestrians", "layer": "DangerousLocations_hki", "status": "active_hazard"}, "geometry": {"type": "Point", "coordinates": [24.944654001041282, 60.21036599619604]}}, {"type": "Feature", "properties": {"submitted": true, "locationType": "A dangerous or difficult intersection", "greatestDangerTo": "Cyclists (incl. e-bikes)", "layer": "DangerousLocations_hki", "status": "active_hazard"}, "geometry": {"type": "Point", "coordinates": [24.966398000119348, 60.18879799704449]}}, {"type": "Feature", "properties": {"submitted": true, "locationType": "Some other issue", "greatestDangerTo": "Car drivers", "layer": "DangerousLocations_hki", "status": "active_hazard"}, "geometry": {"type": "Point", "coordinates": [25.035670000652463, 60.19506099616234]}}, {"type": "Feature", "properties": {"submitted": true, "locationType": "A dangerous location related to construction site arrangements", "greatestDangerTo": "Car drivers", "layer": "DangerousLocations_hki", "status": "active_hazard"}, "geometry": {"type": "Point", "coordinates": [25.151061000297666, 60.207346997954204]}}, {"type": "Feature", "properties": {"submitted": true, "locationType": "A dangerous or difficult intersection", "greatestDangerTo": "Car drivers", "layer": "DangerousLocations_hki", "status": "active_hazard"}, "geometry": {"type": "Point", "coordinates": [24.979206000770354, 60.24351300081025]}}, {"type": "Feature", "properties": {"submitted": true, "locationType": "A dangerous or difficult intersection", "greatestDangerTo": "Car drivers", "layer": "DangerousLocations_hki", "status": "active_hazard"}, "geometry": {"type": "Point", "coordinates": [24.98635699963451, 60.262322002311514]}}, {"type": "Feature", "properties": {"submitted": true, "locationType": "A dangerous or difficult intersection", "greatestDangerTo": "Car drivers", "layer": "DangerousLocations_hki", "status": "active_hazard"}, "geometry": {"type": "Point", "coordinates": [25.06962900027486, 60.2699570008652]}}, {"type": "Feature", "properties": {"submitted": true, "locationType": "A dangerous or difficult intersection", "greatestDangerTo": "Car drivers", "layer": "DangerousLocations_hki", "status": "active_hazard"}, "geometry": {"type": "Point", "coordinates": [24.98653999920819, 60.25168400106402]}}, {"type": "Feature", "properties": {"submitted": true, "locationType": "Unsafe pedestrian or tramway crossing", "greatestDangerTo": "Pedestrians", "layer": "DangerousLocations_hki", "status": "active_hazard"}, "geometry": {"type": "Point", "coordinates": [25.08189799998308, 60.21234200212743]}}, {"type": "Feature", "properties": {"submitted": true, "locationType": "A poorly placed public transport stop", "greatestDangerTo": "Public transport users", "layer": "DangerousLocations_hki", "status": "active_hazard"}, "geometry": {"type": "Point", "coordinates": [25.128480000696964, 60.23112300098584]}}, {"type": "Feature", "properties": {"submitted": true, "locationType": "A dangerous or difficult intersection", "greatestDangerTo": "Pedestrians", "layer": "DangerousLocations_hki", "status": "active_hazard"}, "geometry": {"type": "Point", "coordinates": [24.966462999373043, 60.2029360040814]}}, {"type": "Feature", "properties": {"submitted": true, "locationType": "Unsafe pedestrian or tramway crossing", "greatestDangerTo": "Pedestrians", "layer": "DangerousLocations_hki", "status": "active_hazard"}, "geometry": {"type": "Point", "coordinates": [24.910589999511814, 60.1912979997202]}}, {"type": "Feature", "properties": {"submitted": true, "locationType": "Unsafe pedestrian or tramway crossing", "greatestDangerTo": "Pedestrians", "layer": "DangerousLocations_hki", "status": "active_hazard"}, "geometry": {"type": "Point", "coordinates": [24.90711899954563, 60.191086002530106]}}, {"type": "Feature", "properties": {"submitted": true, "locationType": "Unsafe pedestrian or tramway crossing", "greatestDangerTo": "Pedestrians", "layer": "DangerousLocations_hki", "status": "active_hazard"}, "geometry": {"type": "Point", "coordinates": [24.960940999978394, 60.19644100061842]}}, {"type": "Feature", "properties": {"submitted": true, "locationType": "Unsafe pedestrian or tramway crossing", "greatestDangerTo": "Pedestrians", "layer": "DangerousLocations_hki", "status": "active_hazard"}, "geometry": {"type": "Point", "coordinates": [24.956819999068394, 60.19472800207128]}}, {"type": "Feature", "properties": {"submitted": true, "locationType": "Issue regarding the condition of the road or its maintenance", "greatestDangerTo": "Pedestrians", "layer": "DangerousLocations_hki", "status": "active_hazard"}, "geometry": {"type": "Point", "coordinates": [24.914173000978586, 60.228781996037576]}}, {"type": "Feature", "properties": {"submitted": true, "locationType": "Issue regarding the condition of the road or its maintenance", "greatestDangerTo": "Pedestrians", "layer": "DangerousLocations_hki", "status": "active_hazard"}, "geometry": {"type": "Point", "coordinates": [24.910104000236036, 60.237909000419435]}}, {"type": "Feature", "properties": {"submitted": true, "locationType": "Unsafe pedestrian or tramway crossing", "greatestDangerTo": "Pedestrians", "layer": "DangerousLocations_hki", "status": "active_hazard"}, "geometry": {"type": "Point", "coordinates": [25.020519000733383, 60.2501529983534]}}, {"type": "Feature", "properties": {"submitted": true, "locationType": "Unclear signage", "greatestDangerTo": "Pedestrians", "layer": "DangerousLocations_hki", "status": "active_hazard"}, "geometry": {"type": "Point", "coordinates": [25.029364000286993, 60.27532800212048]}}, {"type": "Feature", "properties": {"submitted": false, "locationType": "Issue regarding quality of the route or its continuity", "greatestDangerTo": "Cyclists (incl. e-bikes)", "layer": "DangerousLocations_hki", "status": "active_hazard"}, "geometry": {"type": "Point", "coordinates": [24.956480999853028, 60.194819996729436]}}, {"type": "Feature", "properties": {"submitted": false, "locationType": "Unclear signage", "greatestDangerTo": "Cyclists (incl. e-bikes)", "layer": "DangerousLocations_hki", "status": "active_hazard"}, "geometry": {"type": "Point", "coordinates": [24.942134000460957, 60.1865510037517]}}, {"type": "Feature", "properties": {"submitted": false, "locationType": "Issue regarding the condition of the road or its maintenance", "greatestDangerTo": "Cyclists (incl. e-bikes)", "layer": "DangerousLocations_hki", "status": "active_hazard"}, "geometry": {"type": "Point", "coordinates": [24.944554000566843, 60.18764599698538]}}, {"type": "Feature", "properties": {"submitted": true, "locationType": "A dangerous or difficult intersection", "greatestDangerTo": "Cyclists (incl. e-bikes)", "layer": "DangerousLocations_hki", "status": "active_hazard"}, "geometry": {"type": "Point", "coordinates": [24.965568999316837, 60.200396997248525]}}, {"type": "Feature", "properties": {"submitted": true, "locationType": "Issue regarding quality of the route or its continuity", "greatestDangerTo": "Cyclists (incl. e-bikes)", "layer": "DangerousLocations_hki", "status": "active_hazard"}, "geometry": {"type": "Point", "coordinates": [24.966175999888033, 60.201298998255716]}}, {"type": "Feature", "properties": {"submitted": true, "locationType": "A dangerous location related to parking", "greatestDangerTo": "Cyclists (incl. e-bikes)", "layer": "DangerousLocations_hki", "status": "active_hazard"}, "geometry": {"type": "Point", "coordinates": [25.00995199959595, 60.24767899701198]}}, {"type": "Feature", "properties": {"submitted": true, "locationType": "Unsafe pedestrian or tramway crossing", "greatestDangerTo": "Cyclists (incl. e-bikes)", "layer": "DangerousLocations_hki", "status": "active_hazard"}, "geometry": {"type": "Point", "coordinates": [24.997126999047165, 60.2420700034561]}}, {"type": "Feature", "properties": {"submitted": true, "locationType": "Issue regarding quality of the route or its continuity", "greatestDangerTo": "Cyclists (incl. e-bikes)", "layer": "DangerousLocations_hki", "status": "active_hazard"}, "geometry": {"type": "Point", "coordinates": [24.934591999826747, 60.19825600423462]}}, {"type": "Feature", "properties": {"submitted": true, "locationType": "A dangerous or difficult intersection", "greatestDangerTo": "Pedestrians", "layer": "DangerousLocations_hki", "status": "active_hazard"}, "geometry": {"type": "Point", "coordinates": [24.943468000560134, 60.221703995690895]}}, {"type": "Feature", "properties": {"submitted": true, "locationType": "A dangerous or difficult intersection", "greatestDangerTo": "Pedestrians", "layer": "DangerousLocations_hki", "status": "active_hazard"}, "geometry": {"type": "Point", "coordinates": [24.935309999672565, 60.17247300266311]}}, {"type": "Feature", "properties": {"submitted": true, "locationType": "A dangerous or difficult intersection", "greatestDangerTo": "Cyclists (incl. e-bikes)", "layer": "DangerousLocations_hki", "status": "active_hazard"}, "geometry": {"type": "Point", "coordinates": [25.038265000059397, 60.278682001795396]}}, {"type": "Feature", "properties": {"submitted": true, "locationType": "Unclear signage", "greatestDangerTo": "Cyclists (incl. e-bikes)", "layer": "DangerousLocations_hki", "status": "active_hazard"}, "geometry": {"type": "Point", "coordinates": [24.9636170001719, 60.2291109968735]}}, {"type": "Feature", "properties": {"submitted": true, "locationType": "Unsafe pedestrian or tramway crossing", "greatestDangerTo": "Pedestrians", "layer": "DangerousLocations_hki", "status": "active_hazard"}, "geometry": {"type": "Point", "coordinates": [24.905726000593592, 60.19134900117308]}}, {"type": "Feature", "properties": {"submitted": true, "locationType": "Some other issue", "greatestDangerTo": "Pedestrians", "layer": "DangerousLocations_hki", "status": "active_hazard"}, "geometry": {"type": "Point", "coordinates": [25.0060179995683, 60.237772998941466]}}, {"type": "Feature", "properties": {"submitted": true, "locationType": "Unclear signage", "greatestDangerTo": "Pedestrians", "layer": "DangerousLocations_hki", "status": "active_hazard"}, "geometry": {"type": "Point", "coordinates": [25.010890999917407, 60.23397799782073]}}, {"type": "Feature", "properties": {"submitted": true, "locationType": "A dangerous or difficult intersection", "greatestDangerTo": "Pedestrians", "layer": "DangerousLocations_hki", "status": "active_hazard"}, "geometry": {"type": "Point", "coordinates": [24.928650000122044, 60.1972360015321]}}, {"type": "Feature", "properties": {"submitted": true, "locationType": "A dangerous or difficult intersection", "greatestDangerTo": "Users of e-scooters or other light electric vehicles", "layer": "DangerousLocations_hki", "status": "active_hazard"}, "geometry": {"type": "Point", "coordinates": [24.891983999109534, 60.16125400196441]}}, {"type": "Feature", "properties": {"submitted": true, "locationType": "A dangerous or difficult intersection", "greatestDangerTo": "Users of e-scooters or other light electric vehicles", "layer": "DangerousLocations_hki", "status": "active_hazard"}, "geometry": {"type": "Point", "coordinates": [24.876782999979714, 60.16081699606199]}}, {"type": "Feature", "properties": {"submitted": true, "locationType": "Unsafe pedestrian or tramway crossing", "greatestDangerTo": "Pedestrians", "layer": "DangerousLocations_hki", "status": "active_hazard"}, "geometry": {"type": "Point", "coordinates": [24.93624400035164, 60.17282600258813]}}, {"type": "Feature", "properties": {"submitted": true, "locationType": "Some other issue", "greatestDangerTo": "Cyclists (incl. e-bikes)", "layer": "DangerousLocations_hki", "status": "active_hazard"}, "geometry": {"type": "Point", "coordinates": [24.922630999330114, 60.17864200283279]}}, {"type": "Feature", "properties": {"submitted": true, "locationType": "A dangerous or difficult intersection", "greatestDangerTo": "Cyclists (incl. e-bikes)", "layer": "DangerousLocations_hki", "status": "active_hazard"}, "geometry": {"type": "Point", "coordinates": [24.966317999252194, 60.23406000364838]}}, {"type": "Feature", "properties": {"submitted": true, "locationType": "Unsafe pedestrian or tramway crossing", "greatestDangerTo": "Pedestrians", "layer": "DangerousLocations_hki", "status": "active_hazard"}, "geometry": {"type": "Point", "coordinates": [25.10803399928815, 60.23802000008137]}}, {"type": "Feature", "properties": {"submitted": true, "locationType": "Issue regarding quality of the route or its continuity", "greatestDangerTo": "Cyclists (incl. e-bikes)", "layer": "DangerousLocations_hki", "status": "active_hazard"}, "geometry": {"type": "Point", "coordinates": [24.940402999026553, 60.16560200422652]}}, {"type": "Feature", "properties": {"submitted": true, "locationType": "Unsafe pedestrian or tramway crossing", "greatestDangerTo": "Pedestrians", "layer": "DangerousLocations_hki", "status": "active_hazard"}, "geometry": {"type": "Point", "coordinates": [25.075086000511615, 60.27236299886946]}}, {"type": "Feature", "properties": {"submitted": true, "locationType": "Some other issue", "greatestDangerTo": "Pedestrians", "layer": "DangerousLocations_hki", "status": "active_hazard"}, "geometry": {"type": "Point", "coordinates": [24.93751500086305, 60.18090199992016]}}, {"type": "Feature", "properties": {"submitted": true, "locationType": "Unsafe pedestrian or tramway crossing", "greatestDangerTo": "Cyclists (incl. e-bikes)", "layer": "DangerousLocations_hki", "status": "active_hazard"}, "geometry": {"type": "Point", "coordinates": [24.930261999420797, 60.193607999891746]}}, {"type": "Feature", "properties": {"submitted": true, "locationType": "Unsafe pedestrian or tramway crossing", "greatestDangerTo": "Cyclists (incl. e-bikes)", "layer": "DangerousLocations_hki", "status": "active_hazard"}, "geometry": {"type": "Point", "coordinates": [24.932700000671634, 60.19742200165653]}}, {"type": "Feature", "properties": {"submitted": true, "locationType": "Unsafe pedestrian or tramway crossing", "greatestDangerTo": "Cyclists (incl. e-bikes)", "layer": "DangerousLocations_hki", "status": "active_hazard"}, "geometry": {"type": "Point", "coordinates": [24.932269999683438, 60.19719200431839]}}, {"type": "Feature", "properties": {"submitted": true, "locationType": "A dangerous or difficult intersection", "greatestDangerTo": "Cyclists (incl. e-bikes)", "layer": "DangerousLocations_hki", "status": "active_hazard"}, "geometry": {"type": "Point", "coordinates": [24.93502000045375, 60.19815199596358]}}, {"type": "Feature", "properties": {"submitted": true, "locationType": "A dangerous or difficult intersection", "greatestDangerTo": "Cyclists (incl. e-bikes)", "layer": "DangerousLocations_hki", "status": "active_hazard"}, "geometry": {"type": "Point", "coordinates": [24.949589999486957, 60.19067600035505]}}, {"type": "Feature", "properties": {"submitted": true, "locationType": "Unsafe pedestrian or tramway crossing", "greatestDangerTo": "Pedestrians", "layer": "DangerousLocations_hki", "status": "active_hazard"}, "geometry": {"type": "Point", "coordinates": [24.93733800074312, 60.19553600224599]}}, {"type": "Feature", "properties": {"submitted": true, "locationType": "Issue regarding quality of the route or its continuity", "greatestDangerTo": "Pedestrians", "layer": "DangerousLocations_hki", "status": "active_hazard"}, "geometry": {"type": "Point", "coordinates": [24.958084999044758, 60.16860100403316]}}, {"type": "Feature", "properties": {"submitted": true, "locationType": "Unsafe pedestrian or tramway crossing", "greatestDangerTo": "Pedestrians", "layer": "DangerousLocations_hki", "status": "active_hazard"}, "geometry": {"type": "Point", "coordinates": [24.96460699905053, 60.19198100393577]}}, {"type": "Feature", "properties": {"submitted": true, "locationType": "Unsafe pedestrian or tramway crossing", "greatestDangerTo": "Pedestrians", "layer": "DangerousLocations_hki", "status": "active_hazard"}, "geometry": {"type": "Point", "coordinates": [24.964424000058305, 60.19347500381274]}}, {"type": "Feature", "properties": {"submitted": true, "locationType": "Unsafe pedestrian or tramway crossing", "greatestDangerTo": "Pedestrians", "layer": "DangerousLocations_hki", "status": "active_hazard"}, "geometry": {"type": "Point", "coordinates": [24.962758999615005, 60.19607799688069]}}, {"type": "Feature", "properties": {"submitted": false, "locationType": "A dangerous or difficult intersection", "greatestDangerTo": "Pedestrians", "layer": "DangerousLocations_hki", "status": "active_hazard"}, "geometry": {"type": "Point", "coordinates": [24.94455599943897, 60.166717999921765]}}, {"type": "Feature", "properties": {"submitted": false, "locationType": "A dangerous or difficult intersection", "greatestDangerTo": "Pedestrians", "layer": "DangerousLocations_hki", "status": "active_hazard"}, "geometry": {"type": "Point", "coordinates": [24.945807999508848, 60.16893099780705]}}, {"type": "Feature", "properties": {"submitted": false, "locationType": null, "greatestDangerTo": null, "layer": "DangerousLocations_hki", "status": "active_hazard"}, "geometry": {"type": "Point", "coordinates": [24.946172999036282, 60.168854004351935]}}, {"type": "Feature", "properties": {"submitted": false, "locationType": null, "greatestDangerTo": null, "layer": "DangerousLocations_hki", "status": "active_hazard"}, "geometry": {"type": "Point", "coordinates": [24.946307998998748, 60.169180003830036]}}, {"type": "Feature", "properties": {"submitted": true, "locationType": "Unsafe pedestrian or tramway crossing", "greatestDangerTo": "Pedestrians", "layer": "DangerousLocations_hki", "status": "active_hazard"}, "geometry": {"type": "Point", "coordinates": [24.960538000958007, 60.196289995791304]}}, {"type": "Feature", "properties": {"submitted": true, "locationType": "Unsafe pedestrian or tramway crossing", "greatestDangerTo": "Pedestrians", "layer": "DangerousLocations_hki", "status": "active_hazard"}, "geometry": {"type": "Point", "coordinates": [24.92880799916199, 60.22082400343768]}}, {"type": "Feature", "properties": {"submitted": true, "locationType": "Unsafe pedestrian or tramway crossing", "greatestDangerTo": "Pedestrians", "layer": "DangerousLocations_hki", "status": "active_hazard"}, "geometry": {"type": "Point", "coordinates": [25.15055100086949, 60.201631995646]}}, {"type": "Feature", "properties": {"submitted": true, "locationType": "A dangerous or difficult intersection", "greatestDangerTo": "Pedestrians", "layer": "DangerousLocations_hki", "status": "active_hazard"}, "geometry": {"type": "Point", "coordinates": [24.933518000825035, 60.15771799685505]}}, {"type": "Feature", "properties": {"submitted": true, "locationType": "Issue regarding quality of the route or its continuity", "greatestDangerTo": "Cyclists (incl. e-bikes)", "layer": "DangerousLocations_hki", "status": "active_hazard"}, "geometry": {"type": "Point", "coordinates": [24.961015999447792, 60.19267900099581]}}, {"type": "Feature", "properties": {"submitted": true, "locationType": "Unsafe pedestrian or tramway crossing", "greatestDangerTo": "Pedestrians", "layer": "DangerousLocations_hki", "status": "active_hazard"}, "geometry": {"type": "Point", "coordinates": [24.846496999495685, 60.23281399637987]}}, {"type": "Feature", "properties": {"submitted": true, "locationType": "A dangerous or difficult intersection", "greatestDangerTo": "Pedestrians", "layer": "DangerousLocations_hki", "status": "active_hazard"}, "geometry": {"type": "Point", "coordinates": [24.9606320005448, 60.195337001151415]}}, {"type": "Feature", "properties": {"submitted": true, "locationType": "A dangerous or difficult intersection", "greatestDangerTo": "Pedestrians", "layer": "DangerousLocations_hki", "status": "active_hazard"}, "geometry": {"type": "Point", "coordinates": [24.951720999384232, 60.196702002366315]}}, {"type": "Feature", "properties": {"submitted": true, "locationType": "Some other issue", "greatestDangerTo": "Cyclists (incl. e-bikes)", "layer": "DangerousLocations_hki", "status": "active_hazard"}, "geometry": {"type": "Point", "coordinates": [24.96141000061183, 60.18669500180507]}}, {"type": "Feature", "properties": {"submitted": true, "locationType": "Unsafe pedestrian or tramway crossing", "greatestDangerTo": "Pedestrians", "layer": "DangerousLocations_hki", "status": "active_hazard"}, "geometry": {"type": "Point", "coordinates": [24.95888900023809, 60.193650001594364]}}, {"type": "Feature", "properties": {"submitted": true, "locationType": "Unsafe pedestrian or tramway crossing", "greatestDangerTo": "Pedestrians", "layer": "DangerousLocations_hki", "status": "active_hazard"}, "geometry": {"type": "Point", "coordinates": [24.935617999891644, 60.16266200077611]}}, {"type": "Feature", "properties": {"submitted": true, "locationType": "Some other issue", "greatestDangerTo": "Pedestrians", "layer": "DangerousLocations_hki", "status": "active_hazard"}, "geometry": {"type": "Point", "coordinates": [24.937387000346682, 60.163975001681216]}}, {"type": "Feature", "properties": {"submitted": true, "locationType": "A dangerous location related to parking", "greatestDangerTo": "Pedestrians", "layer": "DangerousLocations_hki", "status": "active_hazard"}, "geometry": {"type": "Point", "coordinates": [25.098353000752557, 60.21530400246321]}}, {"type": "Feature", "properties": {"submitted": true, "locationType": "A dangerous or difficult intersection", "greatestDangerTo": "Pedestrians", "layer": "DangerousLocations_hki", "status": "active_hazard"}, "geometry": {"type": "Point", "coordinates": [24.881741999631224, 60.15335999787314]}}, {"type": "Feature", "properties": {"submitted": true, "locationType": "Unsafe pedestrian or tramway crossing", "greatestDangerTo": "Pedestrians", "layer": "DangerousLocations_hki", "status": "active_hazard"}, "geometry": {"type": "Point", "coordinates": [24.880712999432628, 60.151696003569064]}}, {"type": "Feature", "properties": {"submitted": true, "locationType": "A dangerous or difficult intersection", "greatestDangerTo": "Cyclists (incl. e-bikes)", "layer": "DangerousLocations_hki", "status": "active_hazard"}, "geometry": {"type": "Point", "coordinates": [24.934395999466805, 60.176962003869114]}}, {"type": "Feature", "properties": {"submitted": true, "locationType": "Unsafe pedestrian or tramway crossing", "greatestDangerTo": "Pedestrians", "layer": "DangerousLocations_hki", "status": "active_hazard"}, "geometry": {"type": "Point", "coordinates": [24.942101999972685, 60.15928599791734]}}, {"type": "Feature", "properties": {"submitted": true, "locationType": "Unclear signage", "greatestDangerTo": "Cyclists (incl. e-bikes)", "layer": "DangerousLocations_hki", "status": "active_hazard"}, "geometry": {"type": "Point", "coordinates": [24.929730000974004, 60.16184299800606]}}, {"type": "Feature", "properties": {"submitted": true, "locationType": "Issue regarding the condition of the road or its maintenance", "greatestDangerTo": "Cyclists (incl. e-bikes)", "layer": "DangerousLocations_hki", "status": "active_hazard"}, "geometry": {"type": "Point", "coordinates": [24.946249999779617, 60.162752996662626]}}, {"type": "Feature", "properties": {"submitted": true, "locationType": "Issue regarding the condition of the road or its maintenance", "greatestDangerTo": "Cyclists (incl. e-bikes)", "layer": "DangerousLocations_hki", "status": "active_hazard"}, "geometry": {"type": "Point", "coordinates": [24.938800001087195, 60.16996899636304]}}, {"type": "Feature", "properties": {"submitted": true, "locationType": "Unsafe pedestrian or tramway crossing", "greatestDangerTo": "Cyclists (incl. e-bikes)", "layer": "DangerousLocations_hki", "status": "active_hazard"}, "geometry": {"type": "Point", "coordinates": [24.945408999770734, 60.169786997228776]}}, {"type": "Feature", "properties": {"submitted": true, "locationType": "Unsafe pedestrian or tramway crossing", "greatestDangerTo": "Pedestrians", "layer": "DangerousLocations_hki", "status": "active_hazard"}, "geometry": {"type": "Point", "coordinates": [24.92993399974028, 60.166466004286896]}}, {"type": "Feature", "properties": {"submitted": true, "locationType": "Unsafe pedestrian or tramway crossing", "greatestDangerTo": "Cyclists (incl. e-bikes)", "layer": "DangerousLocations_hki", "status": "active_hazard"}, "geometry": {"type": "Point", "coordinates": [24.931806001004936, 60.15985499652786]}}, {"type": "Feature", "properties": {"submitted": true, "locationType": "Unclear signage", "greatestDangerTo": "Cyclists (incl. e-bikes)", "layer": "DangerousLocations_hki", "status": "active_hazard"}, "geometry": {"type": "Point", "coordinates": [24.939731998976242, 60.17990300270048]}}, {"type": "Feature", "properties": {"submitted": true, "locationType": "Unclear signage", "greatestDangerTo": "Cyclists (incl. e-bikes)", "layer": "DangerousLocations_hki", "status": "active_hazard"}, "geometry": {"type": "Point", "coordinates": [24.93600899973466, 60.18777799841464]}}, {"type": "Feature", "properties": {"submitted": true, "locationType": "A dangerous or difficult intersection", "greatestDangerTo": "Cyclists (incl. e-bikes)", "layer": "DangerousLocations_hki", "status": "active_hazard"}, "geometry": {"type": "Point", "coordinates": [24.928511000323358, 60.18439099630274]}}, {"type": "Feature", "properties": {"submitted": true, "locationType": "A dangerous or difficult intersection", "greatestDangerTo": "Cyclists (incl. e-bikes)", "layer": "DangerousLocations_hki", "status": "active_hazard"}, "geometry": {"type": "Point", "coordinates": [24.931059000696067, 60.1813850003449]}}, {"type": "Feature", "properties": {"submitted": true, "locationType": "A dangerous or difficult intersection", "greatestDangerTo": "Cyclists (incl. e-bikes)", "layer": "DangerousLocations_hki", "status": "active_hazard"}, "geometry": {"type": "Point", "coordinates": [24.934045000134383, 60.17377400389283]}}, {"type": "Feature", "properties": {"submitted": true, "locationType": "Some other issue", "greatestDangerTo": "Pedestrians", "layer": "DangerousLocations_hki", "status": "active_hazard"}, "geometry": {"type": "Point", "coordinates": [24.92128899951658, 60.18302600242432]}}, {"type": "Feature", "properties": {"submitted": true, "locationType": "Unsafe pedestrian or tramway crossing", "greatestDangerTo": "Pedestrians", "layer": "DangerousLocations_hki", "status": "active_hazard"}, "geometry": {"type": "Point", "coordinates": [24.914769000015692, 60.19043399736608]}}, {"type": "Feature", "properties": {"submitted": true, "locationType": "Unsafe pedestrian or tramway crossing", "greatestDangerTo": "Pedestrians", "layer": "DangerousLocations_hki", "status": "active_hazard"}, "geometry": {"type": "Point", "coordinates": [24.956835999920514, 60.212562001341915]}}, {"type": "Feature", "properties": {"submitted": false, "locationType": "Unsafe pedestrian or tramway crossing", "greatestDangerTo": "Pedestrians", "layer": "DangerousLocations_hki", "status": "active_hazard"}, "geometry": {"type": "Point", "coordinates": [24.978662000459906, 60.18603700158595]}}, {"type": "Feature", "properties": {"submitted": true, "locationType": "Unsafe pedestrian or tramway crossing", "greatestDangerTo": "Pedestrians", "layer": "DangerousLocations_hki", "status": "active_hazard"}, "geometry": {"type": "Point", "coordinates": [24.932811999425915, 60.16286299576464]}}, {"type": "Feature", "properties": {"submitted": true, "locationType": "A dangerous or difficult intersection", "greatestDangerTo": "Car drivers", "layer": "DangerousLocations_hki", "status": "active_hazard"}, "geometry": {"type": "Point", "coordinates": [24.956757999589954, 60.19462600028684]}}, {"type": "Feature", "properties": {"submitted": true, "locationType": "Some other issue", "greatestDangerTo": "Pedestrians", "layer": "DangerousLocations_hki", "status": "active_hazard"}, "geometry": {"type": "Point", "coordinates": [24.91497800024686, 60.154467001983754]}}, {"type": "Feature", "properties": {"submitted": true, "locationType": "A dangerous or difficult intersection", "greatestDangerTo": "Car drivers", "layer": "DangerousLocations_hki", "status": "active_hazard"}, "geometry": {"type": "Point", "coordinates": [24.911968999864218, 60.15687500025643]}}, {"type": "Feature", "properties": {"submitted": true, "locationType": "Unsafe pedestrian or tramway crossing", "greatestDangerTo": "Persons using mobility aids (such as a wheelchair or walker)", "layer": "DangerousLocations_hki", "status": "active_hazard"}, "geometry": {"type": "Point", "coordinates": [24.95121299910426, 60.18036400265137]}}, {"type": "Feature", "properties": {"submitted": true, "locationType": "Unsafe pedestrian or tramway crossing", "greatestDangerTo": "Cyclists (incl. e-bikes)", "layer": "DangerousLocations_hki", "status": "active_hazard"}, "geometry": {"type": "Point", "coordinates": [24.950296999326547, 60.21013899995138]}}, {"type": "Feature", "properties": {"submitted": true, "locationType": "Unsafe pedestrian or tramway crossing", "greatestDangerTo": "Pedestrians", "layer": "DangerousLocations_hki", "status": "active_hazard"}, "geometry": {"type": "Point", "coordinates": [24.957374999746687, 60.19039100197391]}}, {"type": "Feature", "properties": {"submitted": true, "locationType": "Some other issue", "greatestDangerTo": "Those travelling by moped or motorcycle", "layer": "DangerousLocations_hki", "status": "active_hazard"}, "geometry": {"type": "Point", "coordinates": [25.199567000095993, 60.24208199735158]}}, {"type": "Feature", "properties": {"submitted": true, "locationType": null, "greatestDangerTo": null, "layer": "DangerousLocations_hki", "status": "active_hazard"}, "geometry": {"type": "Point", "coordinates": [25.192227999756188, 60.25533999651802]}}, {"type": "Feature", "properties": {"submitted": true, "locationType": null, "greatestDangerTo": null, "layer": "DangerousLocations_hki", "status": "active_hazard"}, "geometry": {"type": "Point", "coordinates": [25.192492999797086, 60.25541399964569]}}, {"type": "Feature", "properties": {"submitted": true, "locationType": null, "greatestDangerTo": null, "layer": "DangerousLocations_hki", "status": "active_hazard"}, "geometry": {"type": "Point", "coordinates": [25.194005000363745, 60.25833399903977]}}, {"type": "Feature", "properties": {"submitted": true, "locationType": null, "greatestDangerTo": null, "layer": "DangerousLocations_hki", "status": "active_hazard"}, "geometry": {"type": "Point", "coordinates": [25.208840999602003, 60.265892003507865]}}, {"type": "Feature", "properties": {"submitted": true, "locationType": "A dangerous or difficult intersection", "greatestDangerTo": "Cyclists (incl. e-bikes)", "layer": "DangerousLocations_hki", "status": "active_hazard"}, "geometry": {"type": "Point", "coordinates": [24.98284499954949, 60.255537000291575]}}, {"type": "Feature", "properties": {"submitted": false, "locationType": "Some other issue", "greatestDangerTo": "Persons using mobility aids (such as a wheelchair or walker)", "layer": "DangerousLocations_hki", "status": "active_hazard"}, "geometry": {"type": "Point", "coordinates": [24.967844000119293, 60.186252996017615]}}, {"type": "Feature", "properties": {"submitted": true, "locationType": "A dangerous or difficult intersection", "greatestDangerTo": "Car drivers", "layer": "DangerousLocations_hki", "status": "active_hazard"}, "geometry": {"type": "Point", "coordinates": [24.961696999630803, 60.15555000225062]}}, {"type": "Feature", "properties": {"submitted": true, "locationType": "A dangerous or difficult intersection", "greatestDangerTo": "Car drivers", "layer": "DangerousLocations_hki", "status": "active_hazard"}, "geometry": {"type": "Point", "coordinates": [25.046326999760065, 60.16780300292845]}}, {"type": "Feature", "properties": {"submitted": true, "locationType": "Issue regarding the condition of the road or its maintenance", "greatestDangerTo": "Pedestrians", "layer": "DangerousLocations_hki", "status": "active_hazard"}, "geometry": {"type": "Point", "coordinates": [25.046350999603376, 60.1676150022181]}}, {"type": "Feature", "properties": {"submitted": true, "locationType": "A dangerous location related to construction site arrangements", "greatestDangerTo": "Car drivers", "layer": "DangerousLocations_hki", "status": "active_hazard"}, "geometry": {"type": "Point", "coordinates": [25.049754000220336, 60.17545699959331]}}, {"type": "Feature", "properties": {"submitted": true, "locationType": "Issue regarding quality of the route or its continuity", "greatestDangerTo": "Car drivers", "layer": "DangerousLocations_hki", "status": "active_hazard"}, "geometry": {"type": "Point", "coordinates": [25.05032000056169, 60.17803199553653]}}, {"type": "Feature", "properties": {"submitted": true, "locationType": "Issue regarding the condition of the road or its maintenance", "greatestDangerTo": "Car drivers", "layer": "DangerousLocations_hki", "status": "active_hazard"}, "geometry": {"type": "Point", "coordinates": [25.0502730007949, 60.17771100060959]}}, {"type": "Feature", "properties": {"submitted": true, "locationType": "A dangerous or difficult intersection", "greatestDangerTo": "Pedestrians", "layer": "DangerousLocations_hki", "status": "active_hazard"}, "geometry": {"type": "Point", "coordinates": [25.075169000171215, 60.20973800425389]}}, {"type": "Feature", "properties": {"submitted": true, "locationType": "Unsafe pedestrian or tramway crossing", "greatestDangerTo": "Pedestrians", "layer": "DangerousLocations_hki", "status": "active_hazard"}, "geometry": {"type": "Point", "coordinates": [25.03882299910616, 60.2764080027825]}}, {"type": "Feature", "properties": {"submitted": true, "locationType": "Unsafe pedestrian or tramway crossing", "greatestDangerTo": "Pedestrians", "layer": "DangerousLocations_hki", "status": "active_hazard"}, "geometry": {"type": "Point", "coordinates": [24.926026999718296, 60.16709799778614]}}, {"type": "Feature", "properties": {"submitted": true, "locationType": "A dangerous location related to construction site arrangements", "greatestDangerTo": "Pedestrians", "layer": "DangerousLocations_hki", "status": "active_hazard"}, "geometry": {"type": "Point", "coordinates": [24.925498999192882, 60.16643000306392]}}, {"type": "Feature", "properties": {"submitted": true, "locationType": "A dangerous location related to parking", "greatestDangerTo": "Pedestrians", "layer": "DangerousLocations_hki", "status": "active_hazard"}, "geometry": {"type": "Point", "coordinates": [24.925432999302213, 60.16662200193403]}}, {"type": "Feature", "properties": {"submitted": true, "locationType": "Some other issue", "greatestDangerTo": "Pedestrians", "layer": "DangerousLocations_hki", "status": "active_hazard"}, "geometry": {"type": "Point", "coordinates": [24.903678000812388, 60.21366299639292]}}, {"type": "Feature", "properties": {"submitted": true, "locationType": "Unclear signage", "greatestDangerTo": "Pedestrians", "layer": "DangerousLocations_hki", "status": "active_hazard"}, "geometry": {"type": "Point", "coordinates": [24.929495000355484, 60.177542999855476]}}, {"type": "Feature", "properties": {"submitted": true, "locationType": "Some other issue", "greatestDangerTo": "Cyclists (incl. e-bikes)", "layer": "DangerousLocations_hki", "status": "active_hazard"}, "geometry": {"type": "Point", "coordinates": [24.951414999097196, 60.18639800395277]}}, {"type": "Feature", "properties": {"submitted": true, "locationType": "Unsafe pedestrian or tramway crossing", "greatestDangerTo": "Pedestrians", "layer": "DangerousLocations_hki", "status": "active_hazard"}, "geometry": {"type": "Point", "coordinates": [24.96145300088693, 60.16711299978733]}}, {"type": "Feature", "properties": {"submitted": true, "locationType": "Unsafe pedestrian or tramway crossing", "greatestDangerTo": "Pedestrians", "layer": "DangerousLocations_hki", "status": "active_hazard"}, "geometry": {"type": "Point", "coordinates": [25.104621000030644, 60.21500100153436]}}, {"type": "Feature", "properties": {"submitted": true, "locationType": "Unsafe pedestrian or tramway crossing", "greatestDangerTo": "Pedestrians", "layer": "DangerousLocations_hki", "status": "active_hazard"}, "geometry": {"type": "Point", "coordinates": [24.966985999095098, 60.186803001355784]}}, {"type": "Feature", "properties": {"submitted": false, "locationType": "A dangerous location related to parking", "greatestDangerTo": "Cyclists (incl. e-bikes)", "layer": "DangerousLocations_hki", "status": "active_hazard"}, "geometry": {"type": "Point", "coordinates": [24.942584000112827, 60.167965003122916]}}, {"type": "Feature", "properties": {"submitted": true, "locationType": "Unsafe pedestrian or tramway crossing", "greatestDangerTo": "Pedestrians", "layer": "DangerousLocations_hki", "status": "active_hazard"}, "geometry": {"type": "Point", "coordinates": [24.941846999633775, 60.21297499633899]}}, {"type": "Feature", "properties": {"submitted": true, "locationType": "Unsafe pedestrian or tramway crossing", "greatestDangerTo": "Pedestrians", "layer": "DangerousLocations_hki", "status": "active_hazard"}, "geometry": {"type": "Point", "coordinates": [24.943427000041925, 60.2131679995756]}}, {"type": "Feature", "properties": {"submitted": true, "locationType": "Some other issue", "greatestDangerTo": "Pedestrians", "layer": "DangerousLocations_hki", "status": "active_hazard"}, "geometry": {"type": "Point", "coordinates": [24.96277999930734, 60.187662001162785]}}, {"type": "Feature", "properties": {"submitted": true, "locationType": "A dangerous location related to construction site arrangements", "greatestDangerTo": "Pedestrians", "layer": "DangerousLocations_hki", "status": "active_hazard"}, "geometry": {"type": "Point", "coordinates": [24.932495999333735, 60.19787300163959]}}, {"type": "Feature", "properties": {"submitted": true, "locationType": "Some other issue", "greatestDangerTo": null, "layer": "DangerousLocations_hki", "status": "active_hazard"}, "geometry": {"type": "Point", "coordinates": [24.95907399931978, 60.18066600241428]}}, {"type": "Feature", "properties": {"submitted": true, "locationType": "Unsafe pedestrian or tramway crossing", "greatestDangerTo": "Car drivers", "layer": "DangerousLocations_hki", "status": "active_hazard"}, "geometry": {"type": "Point", "coordinates": [25.056177000363668, 60.20735800410571]}}, {"type": "Feature", "properties": {"submitted": true, "locationType": "A dangerous or difficult intersection", "greatestDangerTo": "Car drivers", "layer": "DangerousLocations_hki", "status": "active_hazard"}, "geometry": {"type": "Point", "coordinates": [24.954429999447807, 60.21687100290376]}}, {"type": "Feature", "properties": {"submitted": true, "locationType": "Unsafe pedestrian or tramway crossing", "greatestDangerTo": "Pedestrians", "layer": "DangerousLocations_hki", "status": "active_hazard"}, "geometry": {"type": "Point", "coordinates": [24.946292000139845, 60.18903299797138]}}, {"type": "Feature", "properties": {"submitted": true, "locationType": "Issue regarding quality of the route or its continuity", "greatestDangerTo": "Cyclists (incl. e-bikes)", "layer": "DangerousLocations_hki", "status": "active_hazard"}, "geometry": {"type": "Point", "coordinates": [24.91187900059011, 60.18910700152766]}}, {"type": "Feature", "properties": {"submitted": true, "locationType": "Unsafe pedestrian or tramway crossing", "greatestDangerTo": "Pedestrians", "layer": "DangerousLocations_hki", "status": "active_hazard"}, "geometry": {"type": "Point", "coordinates": [24.911162000674427, 60.19019799579951]}}, {"type": "Feature", "properties": {"submitted": true, "locationType": "Pedestrian traffic lights that change too fast", "greatestDangerTo": "Pedestrians", "layer": "DangerousLocations_hki", "status": "active_hazard"}, "geometry": {"type": "Point", "coordinates": [24.9061729999019, 60.193701001833816]}}, {"type": "Feature", "properties": {"submitted": true, "locationType": "A dangerous location related to construction site arrangements", "greatestDangerTo": "Car drivers", "layer": "DangerousLocations_hki", "status": "active_hazard"}, "geometry": {"type": "Point", "coordinates": [24.887513000197522, 60.221258998485574]}}, {"type": "Feature", "properties": {"submitted": true, "locationType": "A dangerous or difficult intersection", "greatestDangerTo": "Car drivers", "layer": "DangerousLocations_hki", "status": "active_hazard"}, "geometry": {"type": "Point", "coordinates": [24.895361000526453, 60.225470000222785]}}, {"type": "Feature", "properties": {"submitted": true, "locationType": "Some other issue", "greatestDangerTo": "Car drivers", "layer": "DangerousLocations_hki", "status": "active_hazard"}, "geometry": {"type": "Point", "coordinates": [25.060560000538892, 60.199239998717744]}}, {"type": "Feature", "properties": {"submitted": true, "locationType": "Some other issue", "greatestDangerTo": "Cyclists (incl. e-bikes)", "layer": "DangerousLocations_hki", "status": "active_hazard"}, "geometry": {"type": "Point", "coordinates": [25.064694000416836, 60.19823999581351]}}, {"type": "Feature", "properties": {"submitted": true, "locationType": "Unsafe pedestrian or tramway crossing", "greatestDangerTo": "Pedestrians", "layer": "DangerousLocations_hki", "status": "active_hazard"}, "geometry": {"type": "Point", "coordinates": [25.081833000701735, 60.21216300338627]}}, {"type": "Feature", "properties": {"submitted": false, "locationType": "Unsafe pedestrian or tramway crossing", "greatestDangerTo": "Pedestrians", "layer": "DangerousLocations_hki", "status": "active_hazard"}, "geometry": {"type": "Point", "coordinates": [24.85904300037111, 60.16365600211756]}}, {"type": "Feature", "properties": {"submitted": false, "locationType": "A dangerous or difficult intersection", "greatestDangerTo": "Pedestrians", "layer": "DangerousLocations_hki", "status": "active_hazard"}, "geometry": {"type": "Point", "coordinates": [24.938955999993027, 60.17287300124941]}}, {"type": "Feature", "properties": {"submitted": true, "locationType": "Some other issue", "greatestDangerTo": "Pedestrians", "layer": "DangerousLocations_hki", "status": "active_hazard"}, "geometry": {"type": "Point", "coordinates": [24.942701999936528, 60.155138004154274]}}, {"type": "Feature", "properties": {"submitted": true, "locationType": "A dangerous or difficult intersection", "greatestDangerTo": "Pedestrians", "layer": "DangerousLocations_hki", "status": "active_hazard"}, "geometry": {"type": "Point", "coordinates": [24.92999000067843, 60.16168599570111]}}, {"type": "Feature", "properties": {"submitted": true, "locationType": "Unsafe pedestrian or tramway crossing", "greatestDangerTo": "Pedestrians", "layer": "DangerousLocations_hki", "status": "active_hazard"}, "geometry": {"type": "Point", "coordinates": [24.9332680000032, 60.15894400105492]}}, {"type": "Feature", "properties": {"submitted": true, "locationType": "A dangerous or difficult intersection", "greatestDangerTo": "Pedestrians", "layer": "DangerousLocations_hki", "status": "active_hazard"}, "geometry": {"type": "Point", "coordinates": [24.935720000118067, 60.1554279980412]}}, {"type": "Feature", "properties": {"submitted": true, "locationType": "A dangerous or difficult intersection", "greatestDangerTo": "Pedestrians", "layer": "DangerousLocations_hki", "status": "active_hazard"}, "geometry": {"type": "Point", "coordinates": [24.848070999147204, 60.238689002266746]}}, {"type": "Feature", "properties": {"submitted": true, "locationType": "A dangerous or difficult intersection", "greatestDangerTo": "Car drivers", "layer": "DangerousLocations_hki", "status": "active_hazard"}, "geometry": {"type": "Point", "coordinates": [25.08751100073063, 60.212376001136555]}}, {"type": "Feature", "properties": {"submitted": true, "locationType": "A dangerous or difficult intersection", "greatestDangerTo": "Car drivers", "layer": "DangerousLocations_hki", "status": "active_hazard"}, "geometry": {"type": "Point", "coordinates": [25.090566000388172, 60.210312000568]}}, {"type": "Feature", "properties": {"submitted": false, "locationType": "Some other issue", "greatestDangerTo": "Pedestrians", "layer": "DangerousLocations_hki", "status": "active_hazard"}, "geometry": {"type": "Point", "coordinates": [24.941452999835516, 60.2135760039281]}}, {"type": "Feature", "properties": {"submitted": false, "locationType": "Unsafe pedestrian or tramway crossing", "greatestDangerTo": "Pedestrians", "layer": "DangerousLocations_hki", "status": "active_hazard"}, "geometry": {"type": "Point", "coordinates": [24.941908001102192, 60.21302999615564]}}, {"type": "Feature", "properties": {"submitted": true, "locationType": "Unsafe pedestrian or tramway crossing", "greatestDangerTo": "Pedestrians", "layer": "DangerousLocations_hki", "status": "active_hazard"}, "geometry": {"type": "Point", "coordinates": [24.955709999120618, 60.212284003765426]}}, {"type": "Feature", "properties": {"submitted": true, "locationType": "A dangerous or difficult intersection", "greatestDangerTo": "Car drivers", "layer": "DangerousLocations_hki", "status": "active_hazard"}, "geometry": {"type": "Point", "coordinates": [24.97965500057039, 60.18285900124905]}}, {"type": "Feature", "properties": {"submitted": true, "locationType": "A dangerous or difficult intersection", "greatestDangerTo": null, "layer": "DangerousLocations_hki", "status": "active_hazard"}, "geometry": {"type": "Point", "coordinates": [24.97454999920385, 60.18407499895511]}}, {"type": "Feature", "properties": {"submitted": true, "locationType": "A dangerous or difficult intersection", "greatestDangerTo": "Pedestrians", "layer": "DangerousLocations_hki", "status": "active_hazard"}, "geometry": {"type": "Point", "coordinates": [24.976586999743603, 60.183351997311334]}}, {"type": "Feature", "properties": {"submitted": true, "locationType": "A dangerous or difficult intersection", "greatestDangerTo": "Pedestrians", "layer": "DangerousLocations_hki", "status": "active_hazard"}, "geometry": {"type": "Point", "coordinates": [24.974557000969526, 60.18406599836306]}}, {"type": "Feature", "properties": {"submitted": true, "locationType": "Unsafe pedestrian or tramway crossing", "greatestDangerTo": "Pedestrians", "layer": "DangerousLocations_hki", "status": "active_hazard"}, "geometry": {"type": "Point", "coordinates": [24.95692100031419, 60.212635004122504]}}, {"type": "Feature", "properties": {"submitted": true, "locationType": "Unsafe pedestrian or tramway crossing", "greatestDangerTo": "Pedestrians", "layer": "DangerousLocations_hki", "status": "active_hazard"}, "geometry": {"type": "Point", "coordinates": [25.014521999706442, 60.23462699856021]}}, {"type": "Feature", "properties": {"submitted": true, "locationType": "Some other issue", "greatestDangerTo": "Pedestrians", "layer": "DangerousLocations_hki", "status": "active_hazard"}, "geometry": {"type": "Point", "coordinates": [24.892503999979663, 60.259158995906624]}}, {"type": "Feature", "properties": {"submitted": true, "locationType": "Unsafe pedestrian or tramway crossing", "greatestDangerTo": "Pedestrians", "layer": "DangerousLocations_hki", "status": "active_hazard"}, "geometry": {"type": "Point", "coordinates": [24.896873999920366, 60.25111799603673]}}, {"type": "Feature", "properties": {"submitted": true, "locationType": "Some other issue", "greatestDangerTo": "Cyclists (incl. e-bikes)", "layer": "DangerousLocations_hki", "status": "active_hazard"}, "geometry": {"type": "Point", "coordinates": [24.897450999956856, 60.25758399941626]}}, {"type": "Feature", "properties": {"submitted": true, "locationType": "A dangerous or difficult intersection", "greatestDangerTo": "Cyclists (incl. e-bikes)", "layer": "DangerousLocations_hki", "status": "active_hazard"}, "geometry": {"type": "Point", "coordinates": [25.088596000657414, 60.23696599799127]}}, {"type": "Feature", "properties": {"submitted": true, "locationType": "A dangerous or difficult intersection", "greatestDangerTo": "Cyclists (incl. e-bikes)", "layer": "DangerousLocations_hki", "status": "active_hazard"}, "geometry": {"type": "Point", "coordinates": [24.934246000393525, 60.17697100091696]}}, {"type": "Feature", "properties": {"submitted": true, "locationType": "Unsafe pedestrian or tramway crossing", "greatestDangerTo": "Pedestrians", "layer": "DangerousLocations_hki", "status": "active_hazard"}, "geometry": {"type": "Point", "coordinates": [24.919788999725753, 60.160113995933905]}}, {"type": "Feature", "properties": {"submitted": true, "locationType": "Unsafe pedestrian or tramway crossing", "greatestDangerTo": "Pedestrians", "layer": "DangerousLocations_hki", "status": "active_hazard"}, "geometry": {"type": "Point", "coordinates": [24.938898000537414, 60.17279300393966]}}, {"type": "Feature", "properties": {"submitted": true, "locationType": "Unsafe pedestrian or tramway crossing", "greatestDangerTo": "Pedestrians", "layer": "DangerousLocations_hki", "status": "active_hazard"}, "geometry": {"type": "Point", "coordinates": [24.962414000362415, 60.18766600391252]}}, {"type": "Feature", "properties": {"submitted": true, "locationType": "Some other issue", "greatestDangerTo": "Persons using mobility aids (such as a wheelchair or walker)", "layer": "DangerousLocations_hki", "status": "active_hazard"}, "geometry": {"type": "Point", "coordinates": [25.145929000389373, 60.18793399954839]}}, {"type": "Feature", "properties": {"submitted": true, "locationType": "Some other issue", "greatestDangerTo": "Pedestrians", "layer": "DangerousLocations_hki", "status": "active_hazard"}, "geometry": {"type": "Point", "coordinates": [25.143841000577627, 60.20874799921251]}}, {"type": "Feature", "properties": {"submitted": true, "locationType": "Unclear signage", "greatestDangerTo": "Persons using mobility aids (such as a wheelchair or walker)", "layer": "DangerousLocations_hki", "status": "active_hazard"}, "geometry": {"type": "Point", "coordinates": [25.150081999441344, 60.22589299833217]}}, {"type": "Feature", "properties": {"submitted": true, "locationType": "Some other issue", "greatestDangerTo": "Persons using mobility aids (such as a wheelchair or walker)", "layer": "DangerousLocations_hki", "status": "active_hazard"}, "geometry": {"type": "Point", "coordinates": [25.157597000558674, 60.22213699981937]}}, {"type": "Feature", "properties": {"submitted": true, "locationType": "Unsafe pedestrian or tramway crossing", "greatestDangerTo": "Pedestrians", "layer": "DangerousLocations_hki", "status": "active_hazard"}, "geometry": {"type": "Point", "coordinates": [25.146749999568843, 60.206944002879695]}}, {"type": "Feature", "properties": {"submitted": true, "locationType": "Unsafe pedestrian or tramway crossing", "greatestDangerTo": "Car drivers", "layer": "DangerousLocations_hki", "status": "active_hazard"}, "geometry": {"type": "Point", "coordinates": [24.966397999960645, 60.192508000118444]}}, {"type": "Feature", "properties": {"submitted": true, "locationType": "A dangerous or difficult intersection", "greatestDangerTo": "Pedestrians", "layer": "DangerousLocations_hki", "status": "active_hazard"}, "geometry": {"type": "Point", "coordinates": [24.95692499936357, 60.19436899769651]}}, {"type": "Feature", "properties": {"submitted": true, "locationType": "Unsafe pedestrian or tramway crossing", "greatestDangerTo": "Pedestrians", "layer": "DangerousLocations_hki", "status": "active_hazard"}, "geometry": {"type": "Point", "coordinates": [25.01090600086837, 60.22742699590449]}}, {"type": "Feature", "properties": {"submitted": true, "locationType": "Unsafe pedestrian or tramway crossing", "greatestDangerTo": "Pedestrians", "layer": "DangerousLocations_hki", "status": "active_hazard"}, "geometry": {"type": "Point", "coordinates": [25.01334300061351, 60.234707995849334]}}, {"type": "Feature", "properties": {"submitted": true, "locationType": "Unsafe pedestrian or tramway crossing", "greatestDangerTo": "Pedestrians", "layer": "DangerousLocations_hki", "status": "active_hazard"}, "geometry": {"type": "Point", "coordinates": [24.89227999980099, 60.2591139963461]}}, {"type": "Feature", "properties": {"submitted": true, "locationType": "A dangerous or difficult intersection", "greatestDangerTo": "Pedestrians", "layer": "DangerousLocations_hki", "status": "active_hazard"}, "geometry": {"type": "Point", "coordinates": [24.846470000801617, 60.23282800142772]}}, {"type": "Feature", "properties": {"submitted": true, "locationType": "Unsafe pedestrian or tramway crossing", "greatestDangerTo": "Pedestrians", "layer": "DangerousLocations_hki", "status": "active_hazard"}, "geometry": {"type": "Point", "coordinates": [24.845338999347724, 60.24147900107366]}}, {"type": "Feature", "properties": {"submitted": true, "locationType": "A dangerous or difficult intersection", "greatestDangerTo": "Cyclists (incl. e-bikes)", "layer": "DangerousLocations_hki", "status": "active_hazard"}, "geometry": {"type": "Point", "coordinates": [24.910649000034503, 60.182869002360476]}}, {"type": "Feature", "properties": {"submitted": true, "locationType": "Unsafe pedestrian or tramway crossing", "greatestDangerTo": "Pedestrians", "layer": "DangerousLocations_hki", "status": "active_hazard"}, "geometry": {"type": "Point", "coordinates": [24.915581999277514, 60.183475001120556]}}, {"type": "Feature", "properties": {"submitted": true, "locationType": "Unsafe pedestrian or tramway crossing", "greatestDangerTo": "Pedestrians", "layer": "DangerousLocations_hki", "status": "active_hazard"}, "geometry": {"type": "Point", "coordinates": [24.91815899955538, 60.18380099894657]}}, {"type": "Feature", "properties": {"submitted": true, "locationType": "Unsafe pedestrian or tramway crossing", "greatestDangerTo": "Pedestrians", "layer": "DangerousLocations_hki", "status": "active_hazard"}, "geometry": {"type": "Point", "coordinates": [24.91825400036973, 60.18353799800185]}}, {"type": "Feature", "properties": {"submitted": true, "locationType": "Unsafe pedestrian or tramway crossing", "greatestDangerTo": "Pedestrians", "layer": "DangerousLocations_hki", "status": "active_hazard"}, "geometry": {"type": "Point", "coordinates": [24.920348999106906, 60.18361700181125]}}, {"type": "Feature", "properties": {"submitted": true, "locationType": "Issue regarding quality of the route or its continuity", "greatestDangerTo": "Pedestrians", "layer": "DangerousLocations_hki", "status": "active_hazard"}, "geometry": {"type": "Point", "coordinates": [24.91995600051259, 60.183797004473526]}}, {"type": "Feature", "properties": {"submitted": true, "locationType": "A dangerous or difficult intersection", "greatestDangerTo": "Pedestrians", "layer": "DangerousLocations_hki", "status": "active_hazard"}, "geometry": {"type": "Point", "coordinates": [24.923746999774576, 60.18388200129748]}}, {"type": "Feature", "properties": {"submitted": true, "locationType": "Issue regarding quality of the route or its continuity", "greatestDangerTo": "Pedestrians", "layer": "DangerousLocations_hki", "status": "active_hazard"}, "geometry": {"type": "Point", "coordinates": [24.91808800060919, 60.18378700348071]}}, {"type": "Feature", "properties": {"submitted": true, "locationType": "Pedestrian traffic lights that change too fast", "greatestDangerTo": "Pedestrians", "layer": "DangerousLocations_hki", "status": "active_hazard"}, "geometry": {"type": "Point", "coordinates": [24.915953999956194, 60.184924000350385]}}, {"type": "Feature", "properties": {"submitted": true, "locationType": "A dangerous or difficult intersection", "greatestDangerTo": "Pedestrians", "layer": "DangerousLocations_hki", "status": "active_hazard"}, "geometry": {"type": "Point", "coordinates": [24.91411299939489, 60.185036003014325]}}, {"type": "Feature", "properties": {"submitted": true, "locationType": "Issue regarding quality of the route or its continuity", "greatestDangerTo": "Cyclists (incl. e-bikes)", "layer": "DangerousLocations_hki", "status": "active_hazard"}, "geometry": {"type": "Point", "coordinates": [24.90627900030458, 60.18603800035124]}}, {"type": "Feature", "properties": {"submitted": true, "locationType": "Issue regarding quality of the route or its continuity", "greatestDangerTo": "Cyclists (incl. e-bikes)", "layer": "DangerousLocations_hki", "status": "active_hazard"}, "geometry": {"type": "Point", "coordinates": [24.91544099971733, 60.18518700102397]}}, {"type": "Feature", "properties": {"submitted": true, "locationType": "Issue regarding quality of the route or its continuity", "greatestDangerTo": "Cyclists (incl. e-bikes)", "layer": "DangerousLocations_hki", "status": "active_hazard"}, "geometry": {"type": "Point", "coordinates": [24.91553000017311, 60.185261999414706]}}, {"type": "Feature", "properties": {"submitted": true, "locationType": "Issue regarding the condition of the road or its maintenance", "greatestDangerTo": "Cyclists (incl. e-bikes)", "layer": "DangerousLocations_hki", "status": "active_hazard"}, "geometry": {"type": "Point", "coordinates": [24.885055000047966, 60.19677500432006]}}, {"type": "Feature", "properties": {"submitted": true, "locationType": "A poorly placed public transport stop", "greatestDangerTo": "Cyclists (incl. e-bikes)", "layer": "DangerousLocations_hki", "status": "active_hazard"}, "geometry": {"type": "Point", "coordinates": [24.884418000200014, 60.19818400146453]}}, {"type": "Feature", "properties": {"submitted": true, "locationType": "A dangerous or difficult intersection", "greatestDangerTo": "Pedestrians", "layer": "DangerousLocations_hki", "status": "active_hazard"}, "geometry": {"type": "Point", "coordinates": [24.88047299996298, 60.20994199803941]}}, {"type": "Feature", "properties": {"submitted": true, "locationType": "Issue regarding quality of the route or its continuity", "greatestDangerTo": "Cyclists (incl. e-bikes)", "layer": "DangerousLocations_hki", "status": "active_hazard"}, "geometry": {"type": "Point", "coordinates": [24.87586299997103, 60.215603004122364]}}, {"type": "Feature", "properties": {"submitted": true, "locationType": "A dangerous or difficult intersection", "greatestDangerTo": "Pedestrians", "layer": "DangerousLocations_hki", "status": "active_hazard"}, "geometry": {"type": "Point", "coordinates": [24.93398299992814, 60.16896599984981]}}, {"type": "Feature", "properties": {"submitted": true, "locationType": "Unclear signage", "greatestDangerTo": "Pedestrians", "layer": "DangerousLocations_hki", "status": "active_hazard"}, "geometry": {"type": "Point", "coordinates": [24.93902200034188, 60.17135300444865]}}, {"type": "Feature", "properties": {"submitted": true, "locationType": "A dangerous location related to construction site arrangements", "greatestDangerTo": "Cyclists (incl. e-bikes)", "layer": "DangerousLocations_hki", "status": "active_hazard"}, "geometry": {"type": "Point", "coordinates": [24.899598999128678, 60.19157900320317]}}, {"type": "Feature", "properties": {"submitted": true, "locationType": "Unsafe pedestrian or tramway crossing", "greatestDangerTo": "Pedestrians", "layer": "DangerousLocations_hki", "status": "active_hazard"}, "geometry": {"type": "Point", "coordinates": [24.922333000423794, 60.18362199917989]}}, {"type": "Feature", "properties": {"submitted": true, "locationType": "Unsafe pedestrian or tramway crossing", "greatestDangerTo": "Pedestrians", "layer": "DangerousLocations_hki", "status": "active_hazard"}, "geometry": {"type": "Point", "coordinates": [24.924354999040197, 60.18316600438529]}}, {"type": "Feature", "properties": {"submitted": true, "locationType": "A dangerous or difficult intersection", "greatestDangerTo": "Cyclists (incl. e-bikes)", "layer": "DangerousLocations_hki", "status": "active_hazard"}, "geometry": {"type": "Point", "coordinates": [24.925396999565677, 60.184603000276624]}}, {"type": "Feature", "properties": {"submitted": true, "locationType": "A dangerous or difficult intersection", "greatestDangerTo": "Cyclists (incl. e-bikes)", "layer": "DangerousLocations_hki", "status": "active_hazard"}, "geometry": {"type": "Point", "coordinates": [24.908424000037943, 60.18499500237284]}}, {"type": "Feature", "properties": {"submitted": true, "locationType": "A dangerous or difficult intersection", "greatestDangerTo": "Cyclists (incl. e-bikes)", "layer": "DangerousLocations_hki", "status": "active_hazard"}, "geometry": {"type": "Point", "coordinates": [24.906495999402598, 60.18617899699836]}}, {"type": "Feature", "properties": {"submitted": true, "locationType": "Unsafe pedestrian or tramway crossing", "greatestDangerTo": "Pedestrians", "layer": "DangerousLocations_hki", "status": "active_hazard"}, "geometry": {"type": "Point", "coordinates": [24.917455000240903, 60.18670500449173]}}, {"type": "Feature", "properties": {"submitted": true, "locationType": "A dangerous or difficult intersection", "greatestDangerTo": "Pedestrians", "layer": "DangerousLocations_hki", "status": "active_hazard"}, "geometry": {"type": "Point", "coordinates": [24.894995999543738, 60.19323199750639]}}, {"type": "Feature", "properties": {"submitted": true, "locationType": "A dangerous or difficult intersection", "greatestDangerTo": "Pedestrians", "layer": "DangerousLocations_hki", "status": "active_hazard"}, "geometry": {"type": "Point", "coordinates": [24.886143999972838, 60.19635100270107]}}, {"type": "Feature", "properties": {"submitted": true, "locationType": "A dangerous or difficult intersection", "greatestDangerTo": "Cyclists (incl. e-bikes)", "layer": "DangerousLocations_hki", "status": "active_hazard"}, "geometry": {"type": "Point", "coordinates": [24.88311799949681, 60.20085899968666]}}, {"type": "Feature", "properties": {"submitted": true, "locationType": "A dangerous or difficult intersection", "greatestDangerTo": "Cyclists (incl. e-bikes)", "layer": "DangerousLocations_hki", "status": "active_hazard"}, "geometry": {"type": "Point", "coordinates": [24.88277999935905, 60.20147400435836]}}, {"type": "Feature", "properties": {"submitted": true, "locationType": "A dangerous or difficult intersection", "greatestDangerTo": "Pedestrians", "layer": "DangerousLocations_hki", "status": "active_hazard"}, "geometry": {"type": "Point", "coordinates": [24.878821999275548, 60.218809004207635]}}, {"type": "Feature", "properties": {"submitted": true, "locationType": "Unclear signage", "greatestDangerTo": "Cyclists (incl. e-bikes)", "layer": "DangerousLocations_hki", "status": "active_hazard"}, "geometry": {"type": "Point", "coordinates": [24.875884999320895, 60.21563100336461]}}, {"type": "Feature", "properties": {"submitted": true, "locationType": "A dangerous or difficult intersection", "greatestDangerTo": "Cyclists (incl. e-bikes)", "layer": "DangerousLocations_hki", "status": "active_hazard"}, "geometry": {"type": "Point", "coordinates": [24.876420999582248, 60.21586200178817]}}, {"type": "Feature", "properties": {"submitted": true, "locationType": "Unsafe pedestrian or tramway crossing", "greatestDangerTo": "Pedestrians", "layer": "DangerousLocations_hki", "status": "active_hazard"}, "geometry": {"type": "Point", "coordinates": [24.934958000938437, 60.16852499602304]}}, {"type": "Feature", "properties": {"submitted": true, "locationType": "Some other issue", "greatestDangerTo": "Pedestrians", "layer": "DangerousLocations_hki", "status": "active_hazard"}, "geometry": {"type": "Point", "coordinates": [24.947721000496, 60.15828399988407]}}, {"type": "Feature", "properties": {"submitted": true, "locationType": "Unsafe pedestrian or tramway crossing", "greatestDangerTo": "Pedestrians", "layer": "DangerousLocations_hki", "status": "active_hazard"}, "geometry": {"type": "Point", "coordinates": [24.945948999663365, 60.158251001847184]}}, {"type": "Feature", "properties": {"submitted": true, "locationType": "A dangerous or difficult intersection", "greatestDangerTo": "Car drivers", "layer": "DangerousLocations_hki", "status": "active_hazard"}, "geometry": {"type": "Point", "coordinates": [24.944255000066562, 60.192582999770586]}}, {"type": "Feature", "properties": {"submitted": true, "locationType": "A dangerous or difficult intersection", "greatestDangerTo": "Car drivers", "layer": "DangerousLocations_hki", "status": "active_hazard"}, "geometry": {"type": "Point", "coordinates": [24.946015999496442, 60.191708001221635]}}, {"type": "Feature", "properties": {"submitted": true, "locationType": "Unsafe pedestrian or tramway crossing", "greatestDangerTo": "Car drivers", "layer": "DangerousLocations_hki", "status": "active_hazard"}, "geometry": {"type": "Point", "coordinates": [24.938581999993076, 60.19452799840677]}}, {"type": "Feature", "properties": {"submitted": true, "locationType": "Some other issue", "greatestDangerTo": "Pedestrians", "layer": "DangerousLocations_hki", "status": "active_hazard"}, "geometry": {"type": "Point", "coordinates": [24.935862999455882, 60.163904999434266]}}, {"type": "Feature", "properties": {"submitted": true, "locationType": "Unsafe pedestrian or tramway crossing", "greatestDangerTo": "Pedestrians", "layer": "DangerousLocations_hki", "status": "active_hazard"}, "geometry": {"type": "Point", "coordinates": [24.94109200023625, 60.15814000344119]}}, {"type": "Feature", "properties": {"submitted": true, "locationType": "A dangerous or difficult intersection", "greatestDangerTo": "Cyclists (incl. e-bikes)", "layer": "DangerousLocations_hki", "status": "active_hazard"}, "geometry": {"type": "Point", "coordinates": [24.935421999663, 60.15515499856829]}}, {"type": "Feature", "properties": {"submitted": true, "locationType": "Some other issue", "greatestDangerTo": "Cyclists (incl. e-bikes)", "layer": "DangerousLocations_hki", "status": "active_hazard"}, "geometry": {"type": "Point", "coordinates": [24.921784999879193, 60.202335001700824]}}, {"type": "Feature", "properties": {"submitted": true, "locationType": "A dangerous or difficult intersection", "greatestDangerTo": "Cyclists (incl. e-bikes)", "layer": "DangerousLocations_hki", "status": "active_hazard"}, "geometry": {"type": "Point", "coordinates": [24.901827999292454, 60.19745899995827]}}, {"type": "Feature", "properties": {"submitted": true, "locationType": "Unsafe pedestrian or tramway crossing", "greatestDangerTo": "Cyclists (incl. e-bikes)", "layer": "DangerousLocations_hki", "status": "active_hazard"}, "geometry": {"type": "Point", "coordinates": [24.95007999956406, 60.1796769968403]}}, {"type": "Feature", "properties": {"submitted": true, "locationType": "Unsafe pedestrian or tramway crossing", "greatestDangerTo": "Users of e-scooters or other light electric vehicles", "layer": "DangerousLocations_hki", "status": "active_hazard"}, "geometry": {"type": "Point", "coordinates": [24.871770999360177, 60.16134200300834]}}, {"type": "Feature", "properties": {"submitted": true, "locationType": "Unsafe pedestrian or tramway crossing", "greatestDangerTo": "Cyclists (incl. e-bikes)", "layer": "DangerousLocations_hki", "status": "active_hazard"}, "geometry": {"type": "Point", "coordinates": [24.86917900012663, 60.161557998109124]}}, {"type": "Feature", "properties": {"submitted": true, "locationType": "Unsafe pedestrian or tramway crossing", "greatestDangerTo": "Pedestrians", "layer": "DangerousLocations_hki", "status": "active_hazard"}, "geometry": {"type": "Point", "coordinates": [24.994342000973614, 60.24346499635114]}}, {"type": "Feature", "properties": {"submitted": true, "locationType": "Unsafe pedestrian or tramway crossing", "greatestDangerTo": "Pedestrians", "layer": "DangerousLocations_hki", "status": "active_hazard"}, "geometry": {"type": "Point", "coordinates": [24.896831000506936, 60.21597200016037]}}, {"type": "Feature", "properties": {"submitted": true, "locationType": "Unsafe pedestrian or tramway crossing", "greatestDangerTo": "Pedestrians", "layer": "DangerousLocations_hki", "status": "active_hazard"}, "geometry": {"type": "Point", "coordinates": [24.893869000236485, 60.21623200025071]}}, {"type": "Feature", "properties": {"submitted": true, "locationType": "Unsafe pedestrian or tramway crossing", "greatestDangerTo": "Pedestrians", "layer": "DangerousLocations_hki", "status": "active_hazard"}, "geometry": {"type": "Point", "coordinates": [24.8921529989049, 60.21581900376934]}}, {"type": "Feature", "properties": {"submitted": true, "locationType": "Unsafe pedestrian or tramway crossing", "greatestDangerTo": "Pedestrians", "layer": "DangerousLocations_hki", "status": "active_hazard"}, "geometry": {"type": "Point", "coordinates": [24.957051999086392, 60.19450100363451]}}, {"type": "Feature", "properties": {"submitted": true, "locationType": "Unsafe pedestrian or tramway crossing", "greatestDangerTo": "Pedestrians", "layer": "DangerousLocations_hki", "status": "active_hazard"}, "geometry": {"type": "Point", "coordinates": [24.959023000380512, 60.19364999892733]}}, {"type": "Feature", "properties": {"submitted": true, "locationType": "Unsafe pedestrian or tramway crossing", "greatestDangerTo": "Pedestrians", "layer": "DangerousLocations_hki", "status": "active_hazard"}, "geometry": {"type": "Point", "coordinates": [24.96461600075691, 60.192013997817384]}}, {"type": "Feature", "properties": {"submitted": true, "locationType": "Some other issue", "greatestDangerTo": "Pedestrians", "layer": "DangerousLocations_hki", "status": "active_hazard"}, "geometry": {"type": "Point", "coordinates": [24.883958999623964, 60.15983200068431]}}, {"type": "Feature", "properties": {"submitted": true, "locationType": "Unsafe pedestrian or tramway crossing", "greatestDangerTo": "Pedestrians", "layer": "DangerousLocations_hki", "status": "active_hazard"}, "geometry": {"type": "Point", "coordinates": [24.928598000472892, 60.166054998982425]}}, {"type": "Feature", "properties": {"submitted": true, "locationType": "Unsafe pedestrian or tramway crossing", "greatestDangerTo": "Pedestrians", "layer": "DangerousLocations_hki", "status": "active_hazard"}, "geometry": {"type": "Point", "coordinates": [25.068819000061342, 60.19424799955751]}}, {"type": "Feature", "properties": {"submitted": true, "locationType": "Unsafe pedestrian or tramway crossing", "greatestDangerTo": "Pedestrians", "layer": "DangerousLocations_hki", "status": "active_hazard"}, "geometry": {"type": "Point", "coordinates": [24.974014000450023, 60.22939300331117]}}, {"type": "Feature", "properties": {"submitted": true, "locationType": "Some other issue", "greatestDangerTo": "Pedestrians", "layer": "DangerousLocations_hki", "status": "active_hazard"}, "geometry": {"type": "Point", "coordinates": [24.92995499911308, 60.16881600380687]}}, {"type": "Feature", "properties": {"submitted": true, "locationType": "Some other issue", "greatestDangerTo": "Pedestrians", "layer": "DangerousLocations_hki", "status": "active_hazard"}, "geometry": {"type": "Point", "coordinates": [24.97444500001086, 60.22766200275585]}}, {"type": "Feature", "properties": {"submitted": true, "locationType": "Unsafe pedestrian or tramway crossing", "greatestDangerTo": "Pedestrians", "layer": "DangerousLocations_hki", "status": "active_hazard"}, "geometry": {"type": "Point", "coordinates": [24.977539999818987, 60.231811995659605]}}, {"type": "Feature", "properties": {"submitted": true, "locationType": "Some other issue", "greatestDangerTo": "Pedestrians", "layer": "DangerousLocations_hki", "status": "active_hazard"}, "geometry": {"type": "Point", "coordinates": [24.96868300000031, 60.20374000219137]}}, {"type": "Feature", "properties": {"submitted": true, "locationType": "Unsafe pedestrian or tramway crossing", "greatestDangerTo": "Pedestrians", "layer": "DangerousLocations_hki", "status": "active_hazard"}, "geometry": {"type": "Point", "coordinates": [24.876641000415134, 60.15360700376251]}}, {"type": "Feature", "properties": {"submitted": true, "locationType": "Unsafe pedestrian or tramway crossing", "greatestDangerTo": "Pedestrians", "layer": "DangerousLocations_hki", "status": "active_hazard"}, "geometry": {"type": "Point", "coordinates": [24.879292999411803, 60.15398900002982]}}, {"type": "Feature", "properties": {"submitted": false, "locationType": "A poorly placed public transport stop", "greatestDangerTo": null, "layer": "DangerousLocations_hki", "status": "active_hazard"}, "geometry": {"type": "Point", "coordinates": [24.921426999392178, 60.17245599603698]}}, {"type": "Feature", "properties": {"submitted": true, "locationType": "Unsafe pedestrian or tramway crossing", "greatestDangerTo": "Pedestrians", "layer": "DangerousLocations_hki", "status": "active_hazard"}, "geometry": {"type": "Point", "coordinates": [25.01490100060475, 60.23269400188982]}}, {"type": "Feature", "properties": {"submitted": true, "locationType": "Unsafe pedestrian or tramway crossing", "greatestDangerTo": "Pedestrians", "layer": "DangerousLocations_hki", "status": "active_hazard"}, "geometry": {"type": "Point", "coordinates": [25.020810999640954, 60.2350570013702]}}, {"type": "Feature", "properties": {"submitted": true, "locationType": "Unsafe pedestrian or tramway crossing", "greatestDangerTo": "Pedestrians", "layer": "DangerousLocations_hki", "status": "active_hazard"}, "geometry": {"type": "Point", "coordinates": [25.022085000484623, 60.23640699972774]}}, {"type": "Feature", "properties": {"submitted": true, "locationType": "Unsafe pedestrian or tramway crossing", "greatestDangerTo": "Pedestrians", "layer": "DangerousLocations_hki", "status": "active_hazard"}, "geometry": {"type": "Point", "coordinates": [24.9364510002712, 60.195573996976194]}}, {"type": "Feature", "properties": {"submitted": true, "locationType": "Unclear signage", "greatestDangerTo": "Pedestrians", "layer": "DangerousLocations_hki", "status": "active_hazard"}, "geometry": {"type": "Point", "coordinates": [24.940704000537195, 60.19577500365605]}}, {"type": "Feature", "properties": {"submitted": true, "locationType": "A dangerous or difficult intersection", "greatestDangerTo": "Cyclists (incl. e-bikes)", "layer": "DangerousLocations_hki", "status": "active_hazard"}, "geometry": {"type": "Point", "coordinates": [24.978398000640766, 60.190511001968645]}}, {"type": "Feature", "properties": {"submitted": true, "locationType": "Unsafe pedestrian or tramway crossing", "greatestDangerTo": "Pedestrians", "layer": "DangerousLocations_hki", "status": "active_hazard"}, "geometry": {"type": "Point", "coordinates": [24.865626000882582, 60.16197999938612]}}, {"type": "Feature", "properties": {"submitted": true, "locationType": "A dangerous or difficult intersection", "greatestDangerTo": "Pedestrians", "layer": "DangerousLocations_hki", "status": "active_hazard"}, "geometry": {"type": "Point", "coordinates": [24.92713399955314, 60.16558399834557]}}, {"type": "Feature", "properties": {"submitted": true, "locationType": "A dangerous or difficult intersection", "greatestDangerTo": "Cyclists (incl. e-bikes)", "layer": "DangerousLocations_hki", "status": "active_hazard"}, "geometry": {"type": "Point", "coordinates": [24.96532399973941, 60.200558997687004]}}, {"type": "Feature", "properties": {"submitted": true, "locationType": "A dangerous or difficult intersection", "greatestDangerTo": "Car drivers", "layer": "DangerousLocations_hki", "status": "active_hazard"}, "geometry": {"type": "Point", "coordinates": [24.97961399949074, 60.182872998654915]}}, {"type": "Feature", "properties": {"submitted": false, "locationType": "A dangerous or difficult intersection", "greatestDangerTo": "Car drivers", "layer": "DangerousLocations_hki", "status": "active_hazard"}, "geometry": {"type": "Point", "coordinates": [25.07993399948096, 60.222967998568265]}}, {"type": "Feature", "properties": {"submitted": true, "locationType": "Issue regarding quality of the route or its continuity", "greatestDangerTo": "Cyclists (incl. e-bikes)", "layer": "DangerousLocations_hki", "status": "active_hazard"}, "geometry": {"type": "Point", "coordinates": [24.92265700074715, 60.21780200072588]}}, {"type": "Feature", "properties": {"submitted": true, "locationType": "Issue regarding quality of the route or its continuity", "greatestDangerTo": "Pedestrians", "layer": "DangerousLocations_hki", "status": "active_hazard"}, "geometry": {"type": "Point", "coordinates": [24.934081000103966, 60.19948599668652]}}, {"type": "Feature", "properties": {"submitted": true, "locationType": "A dangerous location related to construction site arrangements", "greatestDangerTo": "Cyclists (incl. e-bikes)", "layer": "DangerousLocations_hki", "status": "active_hazard"}, "geometry": {"type": "Point", "coordinates": [24.886872999908597, 60.220970000620234]}}, {"type": "Feature", "properties": {"submitted": true, "locationType": "Some other issue", "greatestDangerTo": "Cyclists (incl. e-bikes)", "layer": "DangerousLocations_hki", "status": "active_hazard"}, "geometry": {"type": "Point", "coordinates": [24.86801399913231, 60.252230000490464]}}, {"type": "Feature", "properties": {"submitted": true, "locationType": "Unsafe pedestrian or tramway crossing", "greatestDangerTo": "Pedestrians", "layer": "DangerousLocations_hki", "status": "active_hazard"}, "geometry": {"type": "Point", "coordinates": [25.010079999555746, 60.226906998618055]}}, {"type": "Feature", "properties": {"submitted": true, "locationType": "A dangerous or difficult intersection", "greatestDangerTo": "Cyclists (incl. e-bikes)", "layer": "DangerousLocations_hki", "status": "active_hazard"}, "geometry": {"type": "Point", "coordinates": [24.892165000784203, 60.161199998415995]}}, {"type": "Feature", "properties": {"submitted": true, "locationType": "Some other issue", "greatestDangerTo": "Persons using mobility aids (such as a wheelchair or walker)", "layer": "DangerousLocations_hki", "status": "active_hazard"}, "geometry": {"type": "Point", "coordinates": [24.91832800041262, 60.17502200280075]}}, {"type": "Feature", "properties": {"submitted": true, "locationType": "Some other issue", "greatestDangerTo": "Pedestrians", "layer": "DangerousLocations_hki", "status": "active_hazard"}, "geometry": {"type": "Point", "coordinates": [25.137786000207072, 60.202736997765534]}}, {"type": "Feature", "properties": {"submitted": true, "locationType": "Unsafe pedestrian or tramway crossing", "greatestDangerTo": "Pedestrians", "layer": "DangerousLocations_hki", "status": "active_hazard"}, "geometry": {"type": "Point", "coordinates": [24.91553099956793, 60.183426998519664]}}, {"type": "Feature", "properties": {"submitted": true, "locationType": "Issue regarding the condition of the road or its maintenance", "greatestDangerTo": "Car drivers", "layer": "DangerousLocations_hki", "status": "active_hazard"}, "geometry": {"type": "Point", "coordinates": [25.201749000111057, 60.25236399906428]}}, {"type": "Feature", "properties": {"submitted": true, "locationType": "A dangerous or difficult intersection", "greatestDangerTo": "Car drivers", "layer": "DangerousLocations_hki", "status": "active_hazard"}, "geometry": {"type": "Point", "coordinates": [24.858675001074147, 60.16442099697905]}}, {"type": "Feature", "properties": {"submitted": true, "locationType": "A dangerous or difficult intersection", "greatestDangerTo": "Car drivers", "layer": "DangerousLocations_hki", "status": "active_hazard"}, "geometry": {"type": "Point", "coordinates": [24.85830399983665, 60.16538799708635]}}, {"type": "Feature", "properties": {"submitted": true, "locationType": "A dangerous or difficult intersection", "greatestDangerTo": "Car drivers", "layer": "DangerousLocations_hki", "status": "active_hazard"}, "geometry": {"type": "Point", "coordinates": [24.86005299976249, 60.165545998897]}}, {"type": "Feature", "properties": {"submitted": true, "locationType": "Unsafe pedestrian or tramway crossing", "greatestDangerTo": "Pedestrians", "layer": "DangerousLocations_hki", "status": "active_hazard"}, "geometry": {"type": "Point", "coordinates": [24.960879999048377, 60.19650400429512]}}, {"type": "Feature", "properties": {"submitted": true, "locationType": "Unsafe pedestrian or tramway crossing", "greatestDangerTo": "Cyclists (incl. e-bikes)", "layer": "DangerousLocations_hki", "status": "active_hazard"}, "geometry": {"type": "Point", "coordinates": [24.940346000232285, 60.20784100246677]}}, {"type": "Feature", "properties": {"submitted": true, "locationType": "Unsafe pedestrian or tramway crossing", "greatestDangerTo": "Pedestrians", "layer": "DangerousLocations_hki", "status": "active_hazard"}, "geometry": {"type": "Point", "coordinates": [24.941832999041377, 60.2129780035567]}}, {"type": "Feature", "properties": {"submitted": true, "locationType": "Some other issue", "greatestDangerTo": "Cyclists (incl. e-bikes)", "layer": "DangerousLocations_hki", "status": "active_hazard"}, "geometry": {"type": "Point", "coordinates": [24.962931999514197, 60.21012299843387]}}, {"type": "Feature", "properties": {"submitted": true, "locationType": "Unsafe pedestrian or tramway crossing", "greatestDangerTo": "Pedestrians", "layer": "DangerousLocations_hki", "status": "active_hazard"}, "geometry": {"type": "Point", "coordinates": [24.94868400015799, 60.20945600007999]}}, {"type": "Feature", "properties": {"submitted": true, "locationType": "Pedestrian traffic lights that change too fast", "greatestDangerTo": "Persons using mobility aids (such as a wheelchair or walker)", "layer": "DangerousLocations_hki", "status": "active_hazard"}, "geometry": {"type": "Point", "coordinates": [24.945806999934828, 60.20840300312041]}}, {"type": "Feature", "properties": {"submitted": true, "locationType": "Unsafe pedestrian or tramway crossing", "greatestDangerTo": "Pedestrians", "layer": "DangerousLocations_hki", "status": "active_hazard"}, "geometry": {"type": "Point", "coordinates": [24.95184600015743, 60.21077600077034]}}, {"type": "Feature", "properties": {"submitted": true, "locationType": "A dangerous or difficult intersection", "greatestDangerTo": "Car drivers", "layer": "DangerousLocations_hki", "status": "active_hazard"}, "geometry": {"type": "Point", "coordinates": [24.884750000178318, 60.15444099862854]}}, {"type": "Feature", "properties": {"submitted": true, "locationType": "Unsafe pedestrian or tramway crossing", "greatestDangerTo": "Pedestrians", "layer": "DangerousLocations_hki", "status": "active_hazard"}, "geometry": {"type": "Point", "coordinates": [24.96402399990997, 60.189916999418394]}}, {"type": "Feature", "properties": {"submitted": true, "locationType": "Issue regarding quality of the route or its continuity", "greatestDangerTo": "Cyclists (incl. e-bikes)", "layer": "DangerousLocations_hki", "status": "active_hazard"}, "geometry": {"type": "Point", "coordinates": [24.950048000824175, 60.17603199653926]}}, {"type": "Feature", "properties": {"submitted": true, "locationType": "Pedestrian traffic lights that change too fast", "greatestDangerTo": "Persons using mobility aids (such as a wheelchair or walker)", "layer": "DangerousLocations_hki", "status": "active_hazard"}, "geometry": {"type": "Point", "coordinates": [24.966827000005964, 60.205012997374574]}}, {"type": "Feature", "properties": {"submitted": true, "locationType": "Unsafe pedestrian or tramway crossing", "greatestDangerTo": "Pedestrians", "layer": "DangerousLocations_hki", "status": "active_hazard"}, "geometry": {"type": "Point", "coordinates": [24.968979000517333, 60.21061800274395]}}, {"type": "Feature", "properties": {"submitted": true, "locationType": "A dangerous or difficult intersection", "greatestDangerTo": "Cyclists (incl. e-bikes)", "layer": "DangerousLocations_hki", "status": "active_hazard"}, "geometry": {"type": "Point", "coordinates": [24.96990499932278, 60.188160996727106]}}, {"type": "Feature", "properties": {"submitted": true, "locationType": "Unsafe pedestrian or tramway crossing", "greatestDangerTo": "Pedestrians", "layer": "DangerousLocations_hki", "status": "active_hazard"}, "geometry": {"type": "Point", "coordinates": [24.915108999074757, 60.15486200181797]}}, {"type": "Feature", "properties": {"submitted": true, "locationType": "Unsafe pedestrian or tramway crossing", "greatestDangerTo": "Users of e-scooters or other light electric vehicles", "layer": "DangerousLocations_hki", "status": "active_hazard"}, "geometry": {"type": "Point", "coordinates": [24.964038999362963, 60.189871000120526]}}, {"type": "Feature", "properties": {"submitted": true, "locationType": "Unsafe pedestrian or tramway crossing", "greatestDangerTo": "Pedestrians", "layer": "DangerousLocations_hki", "status": "active_hazard"}, "geometry": {"type": "Point", "coordinates": [24.96433899936445, 60.190425998589475]}}, {"type": "Feature", "properties": {"submitted": true, "locationType": "A dangerous or difficult intersection", "greatestDangerTo": "Pedestrians", "layer": "DangerousLocations_hki", "status": "active_hazard"}, "geometry": {"type": "Point", "coordinates": [24.971440000481937, 60.189511997090634]}}, {"type": "Feature", "properties": {"submitted": true, "locationType": "Unsafe pedestrian or tramway crossing", "greatestDangerTo": "Pedestrians", "layer": "DangerousLocations_hki", "status": "active_hazard"}, "geometry": {"type": "Point", "coordinates": [24.973534999474317, 60.189007996515656]}}, {"type": "Feature", "properties": {"submitted": true, "locationType": "Unsafe pedestrian or tramway crossing", "greatestDangerTo": "Pedestrians", "layer": "DangerousLocations_hki", "status": "active_hazard"}, "geometry": {"type": "Point", "coordinates": [24.970625000861762, 60.18886599604809]}}, {"type": "Feature", "properties": {"submitted": false, "locationType": null, "greatestDangerTo": null, "layer": "DangerousLocations_hki", "status": "active_hazard"}, "geometry": {"type": "Point", "coordinates": [24.84562399951175, 60.23284099654073]}}, {"type": "Feature", "properties": {"submitted": true, "locationType": "Unsafe pedestrian or tramway crossing", "greatestDangerTo": "Cyclists (incl. e-bikes)", "layer": "DangerousLocations_hki", "status": "active_hazard"}, "geometry": {"type": "Point", "coordinates": [25.190936999849512, 60.25489200344037]}}, {"type": "Feature", "properties": {"submitted": true, "locationType": "Unsafe pedestrian or tramway crossing", "greatestDangerTo": "Cyclists (incl. e-bikes)", "layer": "DangerousLocations_hki", "status": "active_hazard"}, "geometry": {"type": "Point", "coordinates": [25.20961000001291, 60.26025699911488]}}, {"type": "Feature", "properties": {"submitted": true, "locationType": "A dangerous or difficult intersection", "greatestDangerTo": "Car drivers", "layer": "DangerousLocations_hki", "status": "active_hazard"}, "geometry": {"type": "Point", "coordinates": [25.19155499923915, 60.254909001321856]}}, {"type": "Feature", "properties": {"submitted": true, "locationType": "A dangerous or difficult intersection", "greatestDangerTo": "Pedestrians", "layer": "DangerousLocations_hki", "status": "active_hazard"}, "geometry": {"type": "Point", "coordinates": [24.958828000320395, 60.19348899626543]}}, {"type": "Feature", "properties": {"submitted": true, "locationType": "Unsafe pedestrian or tramway crossing", "greatestDangerTo": "Pedestrians", "layer": "DangerousLocations_hki", "status": "active_hazard"}, "geometry": {"type": "Point", "coordinates": [24.846424000611943, 60.23283199728141]}}, {"type": "Feature", "properties": {"submitted": true, "locationType": "Unsafe pedestrian or tramway crossing", "greatestDangerTo": "Pedestrians", "layer": "DangerousLocations_hki", "status": "active_hazard"}, "geometry": {"type": "Point", "coordinates": [24.84659900058885, 60.23838800247614]}}, {"type": "Feature", "properties": {"submitted": true, "locationType": "Unsafe pedestrian or tramway crossing", "greatestDangerTo": "Pedestrians", "layer": "DangerousLocations_hki", "status": "active_hazard"}, "geometry": {"type": "Point", "coordinates": [24.836704999497275, 60.24039299753775]}}, {"type": "Feature", "properties": {"submitted": true, "locationType": "Unsafe pedestrian or tramway crossing", "greatestDangerTo": "Pedestrians", "layer": "DangerousLocations_hki", "status": "active_hazard"}, "geometry": {"type": "Point", "coordinates": [24.84931599919161, 60.245590999934365]}}, {"type": "Feature", "properties": {"submitted": true, "locationType": "Unsafe pedestrian or tramway crossing", "greatestDangerTo": "Pedestrians", "layer": "DangerousLocations_hki", "status": "active_hazard"}, "geometry": {"type": "Point", "coordinates": [24.87559099989174, 60.161076996931534]}}, {"type": "Feature", "properties": {"submitted": true, "locationType": "Some other issue", "greatestDangerTo": "Pedestrians", "layer": "DangerousLocations_hki", "status": "active_hazard"}, "geometry": {"type": "Point", "coordinates": [24.94517000058384, 60.192298995736635]}}, {"type": "Feature", "properties": {"submitted": true, "locationType": "Pedestrian traffic lights that change too fast", "greatestDangerTo": "Pedestrians", "layer": "DangerousLocations_hki", "status": "active_hazard"}, "geometry": {"type": "Point", "coordinates": [24.94920300072443, 60.19058499975224]}}, {"type": "Feature", "properties": {"submitted": true, "locationType": "A dangerous or difficult intersection", "greatestDangerTo": "Pedestrians", "layer": "DangerousLocations_hki", "status": "active_hazard"}, "geometry": {"type": "Point", "coordinates": [24.95018599925703, 60.179943998293304]}}, {"type": "Feature", "properties": {"submitted": true, "locationType": "A dangerous location related to construction site arrangements", "greatestDangerTo": "Pedestrians", "layer": "DangerousLocations_hki", "status": "active_hazard"}, "geometry": {"type": "Point", "coordinates": [24.950647999739537, 60.1784549979772]}}, {"type": "Feature", "properties": {"submitted": true, "locationType": "Unsafe pedestrian or tramway crossing", "greatestDangerTo": "Pedestrians", "layer": "DangerousLocations_hki", "status": "active_hazard"}, "geometry": {"type": "Point", "coordinates": [24.93340499969295, 60.19809400181965]}}, {"type": "Feature", "properties": {"submitted": true, "locationType": "A dangerous or difficult intersection", "greatestDangerTo": "Cyclists (incl. e-bikes)", "layer": "DangerousLocations_hki", "status": "active_hazard"}, "geometry": {"type": "Point", "coordinates": [24.921960000533915, 60.17533499705612]}}, {"type": "Feature", "properties": {"submitted": true, "locationType": "Unsafe pedestrian or tramway crossing", "greatestDangerTo": "Pedestrians", "layer": "DangerousLocations_hki", "status": "active_hazard"}, "geometry": {"type": "Point", "coordinates": [24.95967900029606, 60.195807996169094]}}, {"type": "Feature", "properties": {"submitted": true, "locationType": "Unsafe pedestrian or tramway crossing", "greatestDangerTo": "Pedestrians", "layer": "DangerousLocations_hki", "status": "active_hazard"}, "geometry": {"type": "Point", "coordinates": [24.956754999939303, 60.19461699911413]}}, {"type": "Feature", "properties": {"submitted": true, "locationType": "Unsafe pedestrian or tramway crossing", "greatestDangerTo": "Pedestrians", "layer": "DangerousLocations_hki", "status": "active_hazard"}, "geometry": {"type": "Point", "coordinates": [24.953038999735433, 60.19624799871626]}}, {"type": "Feature", "properties": {"submitted": true, "locationType": "A dangerous or difficult intersection", "greatestDangerTo": "Car drivers", "layer": "DangerousLocations_hki", "status": "active_hazard"}, "geometry": {"type": "Point", "coordinates": [24.925991999361358, 60.20269899814938]}}, {"type": "Feature", "properties": {"submitted": true, "locationType": "Unsafe pedestrian or tramway crossing", "greatestDangerTo": "Pedestrians", "layer": "DangerousLocations_hki", "status": "active_hazard"}, "geometry": {"type": "Point", "coordinates": [24.983739999101843, 60.248349003325565]}}, {"type": "Feature", "properties": {"submitted": true, "locationType": "Unsafe pedestrian or tramway crossing", "greatestDangerTo": "Pedestrians", "layer": "DangerousLocations_hki", "status": "active_hazard"}, "geometry": {"type": "Point", "coordinates": [24.985566000507788, 60.24735799634645]}}, {"type": "Feature", "properties": {"submitted": true, "locationType": "Unsafe pedestrian or tramway crossing", "greatestDangerTo": "Pedestrians", "layer": "DangerousLocations_hki", "status": "active_hazard"}, "geometry": {"type": "Point", "coordinates": [24.99264600013283, 60.245957998107485]}}, {"type": "Feature", "properties": {"submitted": true, "locationType": "Unsafe pedestrian or tramway crossing", "greatestDangerTo": "Pedestrians", "layer": "DangerousLocations_hki", "status": "active_hazard"}, "geometry": {"type": "Point", "coordinates": [24.98974800066441, 60.2485119974172]}}, {"type": "Feature", "properties": {"submitted": true, "locationType": "A poorly placed public transport stop", "greatestDangerTo": "Persons using mobility aids (such as a wheelchair or walker)", "layer": "DangerousLocations_hki", "status": "active_hazard"}, "geometry": {"type": "Point", "coordinates": [24.99443500022582, 60.243204997916806]}}, {"type": "Feature", "properties": {"submitted": true, "locationType": "Unclear signage", "greatestDangerTo": "Cyclists (incl. e-bikes)", "layer": "DangerousLocations_hki", "status": "active_hazard"}, "geometry": {"type": "Point", "coordinates": [24.993638999359604, 60.24219600287671]}}, {"type": "Feature", "properties": {"submitted": true, "locationType": "A dangerous or difficult intersection", "greatestDangerTo": "Car drivers", "layer": "DangerousLocations_hki", "status": "active_hazard"}, "geometry": {"type": "Point", "coordinates": [24.99186099959594, 60.243180998555225]}}, {"type": "Feature", "properties": {"submitted": true, "locationType": "Unsafe pedestrian or tramway crossing", "greatestDangerTo": "Pedestrians", "layer": "DangerousLocations_hki", "status": "active_hazard"}, "geometry": {"type": "Point", "coordinates": [24.859289000799013, 60.16274999941828]}}, {"type": "Feature", "properties": {"submitted": true, "locationType": "Unsafe pedestrian or tramway crossing", "greatestDangerTo": "Pedestrians", "layer": "DangerousLocations_hki", "status": "active_hazard"}, "geometry": {"type": "Point", "coordinates": [24.88499700033044, 60.153339996103334]}}, {"type": "Feature", "properties": {"submitted": true, "locationType": "Unsafe pedestrian or tramway crossing", "greatestDangerTo": "Pedestrians", "layer": "DangerousLocations_hki", "status": "active_hazard"}, "geometry": {"type": "Point", "coordinates": [24.928687000315072, 60.22086299967172]}}, {"type": "Feature", "properties": {"submitted": true, "locationType": "Some other issue", "greatestDangerTo": "Users of e-scooters or other light electric vehicles", "layer": "DangerousLocations_hki", "status": "active_hazard"}, "geometry": {"type": "Point", "coordinates": [24.95381700041951, 60.17408599602205]}}, {"type": "Feature", "properties": {"submitted": true, "locationType": "Unsafe pedestrian or tramway crossing", "greatestDangerTo": "Pedestrians", "layer": "DangerousLocations_hki", "status": "active_hazard"}, "geometry": {"type": "Point", "coordinates": [24.94989799956691, 60.17375099689262]}}, {"type": "Feature", "properties": {"submitted": true, "locationType": "A dangerous or difficult intersection", "greatestDangerTo": "Pedestrians", "layer": "DangerousLocations_hki", "status": "active_hazard"}, "geometry": {"type": "Point", "coordinates": [24.961926999653127, 60.174209004012106]}}, {"type": "Feature", "properties": {"submitted": true, "locationType": "Unsafe pedestrian or tramway crossing", "greatestDangerTo": "Pedestrians", "layer": "DangerousLocations_hki", "status": "active_hazard"}, "geometry": {"type": "Point", "coordinates": [24.975593998996057, 60.190280003203284]}}, {"type": "Feature", "properties": {"submitted": true, "locationType": "Unsafe pedestrian or tramway crossing", "greatestDangerTo": "Pedestrians", "layer": "DangerousLocations_hki", "status": "active_hazard"}, "geometry": {"type": "Point", "coordinates": [24.975578000735652, 60.18857400008557]}}, {"type": "Feature", "properties": {"submitted": true, "locationType": "Unsafe pedestrian or tramway crossing", "greatestDangerTo": "Pedestrians", "layer": "DangerousLocations_hki", "status": "active_hazard"}, "geometry": {"type": "Point", "coordinates": [24.97430500036971, 60.18890900207376]}}, {"type": "Feature", "properties": {"submitted": true, "locationType": "A dangerous or difficult intersection", "greatestDangerTo": "Car drivers", "layer": "DangerousLocations_hki", "status": "active_hazard"}, "geometry": {"type": "Point", "coordinates": [24.885432999485054, 60.2431159973293]}}, {"type": "Feature", "properties": {"submitted": true, "locationType": "A dangerous or difficult intersection", "greatestDangerTo": "Car drivers", "layer": "DangerousLocations_hki", "status": "active_hazard"}, "geometry": {"type": "Point", "coordinates": [24.911987999690123, 60.15701900369281]}}, {"type": "Feature", "properties": {"submitted": true, "locationType": "A dangerous or difficult intersection", "greatestDangerTo": "Car drivers", "layer": "DangerousLocations_hki", "status": "active_hazard"}, "geometry": {"type": "Point", "coordinates": [24.907923000759034, 60.164471001584786]}}, {"type": "Feature", "properties": {"submitted": true, "locationType": "Unclear signage", "greatestDangerTo": "Car drivers", "layer": "DangerousLocations_hki", "status": "active_hazard"}, "geometry": {"type": "Point", "coordinates": [24.936384000017135, 60.17103600162348]}}, {"type": "Feature", "properties": {"submitted": true, "locationType": "Pedestrian traffic lights that change too fast", "greatestDangerTo": "Pedestrians", "layer": "DangerousLocations_hki", "status": "active_hazard"}, "geometry": {"type": "Point", "coordinates": [24.94057999980061, 60.16868399728944]}}, {"type": "Feature", "properties": {"submitted": true, "locationType": "Some other issue", "greatestDangerTo": "Users of e-scooters or other light electric vehicles", "layer": "DangerousLocations_hki", "status": "active_hazard"}, "geometry": {"type": "Point", "coordinates": [24.978271999529824, 60.19247099888985]}}, {"type": "Feature", "properties": {"submitted": true, "locationType": "A dangerous or difficult intersection", "greatestDangerTo": "Users of e-scooters or other light electric vehicles", "layer": "DangerousLocations_hki", "status": "active_hazard"}, "geometry": {"type": "Point", "coordinates": [24.976814999193298, 60.18328900334032]}}, {"type": "Feature", "properties": {"submitted": true, "locationType": "Unclear signage", "greatestDangerTo": "Users of e-scooters or other light electric vehicles", "layer": "DangerousLocations_hki", "status": "active_hazard"}, "geometry": {"type": "Point", "coordinates": [24.97461700058892, 60.184190999476066]}}, {"type": "Feature", "properties": {"submitted": true, "locationType": "Unsafe pedestrian or tramway crossing", "greatestDangerTo": "Users of e-scooters or other light electric vehicles", "layer": "DangerousLocations_hki", "status": "active_hazard"}, "geometry": {"type": "Point", "coordinates": [24.97557900051362, 60.182308003515594]}}, {"type": "Feature", "properties": {"submitted": true, "locationType": "A dangerous or difficult intersection", "greatestDangerTo": "Users of e-scooters or other light electric vehicles", "layer": "DangerousLocations_hki", "status": "active_hazard"}, "geometry": {"type": "Point", "coordinates": [24.977540000193084, 60.18812500355071]}}, {"type": "Feature", "properties": {"submitted": true, "locationType": "Some other issue", "greatestDangerTo": "Pedestrians", "layer": "DangerousLocations_hki", "status": "active_hazard"}, "geometry": {"type": "Point", "coordinates": [24.84823500023238, 60.23526599574851]}}, {"type": "Feature", "properties": {"submitted": true, "locationType": "Unsafe pedestrian or tramway crossing", "greatestDangerTo": "Pedestrians", "layer": "DangerousLocations_hki", "status": "active_hazard"}, "geometry": {"type": "Point", "coordinates": [24.992612000131967, 60.24606200412179]}}, {"type": "Feature", "properties": {"submitted": true, "locationType": "Pedestrian traffic lights that change too fast", "greatestDangerTo": "Pedestrians", "layer": "DangerousLocations_hki", "status": "active_hazard"}, "geometry": {"type": "Point", "coordinates": [24.996476999355814, 60.242813999581884]}}, {"type": "Feature", "properties": {"submitted": true, "locationType": "A dangerous or difficult intersection", "greatestDangerTo": "Cyclists (incl. e-bikes)", "layer": "DangerousLocations_hki", "status": "active_hazard"}, "geometry": {"type": "Point", "coordinates": [24.9361889995673, 60.20687900126384]}}, {"type": "Feature", "properties": {"submitted": true, "locationType": "A dangerous or difficult intersection", "greatestDangerTo": "Cyclists (incl. e-bikes)", "layer": "DangerousLocations_hki", "status": "active_hazard"}, "geometry": {"type": "Point", "coordinates": [24.932111999775245, 60.19769700217897]}}, {"type": "Feature", "properties": {"submitted": true, "locationType": "Some other issue", "greatestDangerTo": "Pedestrians", "layer": "DangerousLocations_hki", "status": "active_hazard"}, "geometry": {"type": "Point", "coordinates": [24.93239199968289, 60.18438600247443]}}, {"type": "Feature", "properties": {"submitted": true, "locationType": "A dangerous or difficult intersection", "greatestDangerTo": "Cyclists (incl. e-bikes)", "layer": "DangerousLocations_hki", "status": "active_hazard"}, "geometry": {"type": "Point", "coordinates": [24.932358999583585, 60.197679001594466]}}, {"type": "Feature", "properties": {"submitted": true, "locationType": "A dangerous or difficult intersection", "greatestDangerTo": "Cyclists (incl. e-bikes)", "layer": "DangerousLocations_hki", "status": "active_hazard"}, "geometry": {"type": "Point", "coordinates": [24.93247800044841, 60.19766200439562]}}, {"type": "Feature", "properties": {"submitted": true, "locationType": "Unsafe pedestrian or tramway crossing", "greatestDangerTo": "Cyclists (incl. e-bikes)", "layer": "DangerousLocations_hki", "status": "active_hazard"}, "geometry": {"type": "Point", "coordinates": [24.932704999431554, 60.197496998048585]}}, {"type": "Feature", "properties": {"submitted": true, "locationType": "Unsafe pedestrian or tramway crossing", "greatestDangerTo": "Cyclists (incl. e-bikes)", "layer": "DangerousLocations_hki", "status": "active_hazard"}, "geometry": {"type": "Point", "coordinates": [24.932663000182274, 60.19743499640072]}}, {"type": "Feature", "properties": {"submitted": true, "locationType": "Unsafe pedestrian or tramway crossing", "greatestDangerTo": "Cyclists (incl. e-bikes)", "layer": "DangerousLocations_hki", "status": "active_hazard"}, "geometry": {"type": "Point", "coordinates": [24.932660000940448, 60.19737699808951]}}, {"type": "Feature", "properties": {"submitted": true, "locationType": "Unsafe pedestrian or tramway crossing", "greatestDangerTo": "Cyclists (incl. e-bikes)", "layer": "DangerousLocations_hki", "status": "active_hazard"}, "geometry": {"type": "Point", "coordinates": [24.932185999666807, 60.197224996209236]}}, {"type": "Feature", "properties": {"submitted": true, "locationType": "Unsafe pedestrian or tramway crossing", "greatestDangerTo": "Cyclists (incl. e-bikes)", "layer": "DangerousLocations_hki", "status": "active_hazard"}, "geometry": {"type": "Point", "coordinates": [24.931774000959514, 60.19731599657274]}}, {"type": "Feature", "properties": {"submitted": true, "locationType": "A dangerous location related to parking", "greatestDangerTo": "Cyclists (incl. e-bikes)", "layer": "DangerousLocations_hki", "status": "active_hazard"}, "geometry": {"type": "Point", "coordinates": [24.930982999131967, 60.19776800304412]}}, {"type": "Feature", "properties": {"submitted": true, "locationType": "Unsafe pedestrian or tramway crossing", "greatestDangerTo": "Pedestrians", "layer": "DangerousLocations_hki", "status": "active_hazard"}, "geometry": {"type": "Point", "coordinates": [24.933796000747797, 60.20118899578093]}}, {"type": "Feature", "properties": {"submitted": true, "locationType": "Issue regarding quality of the route or its continuity", "greatestDangerTo": "Pedestrians", "layer": "DangerousLocations_hki", "status": "active_hazard"}, "geometry": {"type": "Point", "coordinates": [24.930743000850295, 60.17866699805436]}}, {"type": "Feature", "properties": {"submitted": true, "locationType": "Issue regarding quality of the route or its continuity", "greatestDangerTo": "Cyclists (incl. e-bikes)", "layer": "DangerousLocations_hki", "status": "active_hazard"}, "geometry": {"type": "Point", "coordinates": [24.95713899922744, 60.19469699973265]}}, {"type": "Feature", "properties": {"submitted": true, "locationType": "Issue regarding the condition of the road or its maintenance", "greatestDangerTo": "Cyclists (incl. e-bikes)", "layer": "DangerousLocations_hki", "status": "active_hazard"}, "geometry": {"type": "Point", "coordinates": [24.955767000742625, 60.194020001490166]}}, {"type": "Feature", "properties": {"submitted": true, "locationType": "A dangerous or difficult intersection", "greatestDangerTo": "Pedestrians", "layer": "DangerousLocations_hki", "status": "active_hazard"}, "geometry": {"type": "Point", "coordinates": [24.952948999767397, 60.20087399830128]}}, {"type": "Feature", "properties": {"submitted": true, "locationType": "Unsafe pedestrian or tramway crossing", "greatestDangerTo": "Pedestrians", "layer": "DangerousLocations_hki", "status": "active_hazard"}, "geometry": {"type": "Point", "coordinates": [24.93727199977099, 60.195544002145766]}}, {"type": "Feature", "properties": {"submitted": true, "locationType": "Unsafe pedestrian or tramway crossing", "greatestDangerTo": "Pedestrians", "layer": "DangerousLocations_hki", "status": "active_hazard"}, "geometry": {"type": "Point", "coordinates": [24.943952999659512, 60.19363099733289]}}, {"type": "Feature", "properties": {"submitted": true, "locationType": "Issue regarding quality of the route or its continuity", "greatestDangerTo": "Cyclists (incl. e-bikes)", "layer": "DangerousLocations_hki", "status": "active_hazard"}, "geometry": {"type": "Point", "coordinates": [24.94902599955146, 60.194520001958374]}}, {"type": "Feature", "properties": {"submitted": true, "locationType": "A dangerous or difficult intersection", "greatestDangerTo": "Cyclists (incl. e-bikes)", "layer": "DangerousLocations_hki", "status": "active_hazard"}, "geometry": {"type": "Point", "coordinates": [24.929678000190435, 60.19572500055254]}}, {"type": "Feature", "properties": {"submitted": true, "locationType": "Unsafe pedestrian or tramway crossing", "greatestDangerTo": "Cyclists (incl. e-bikes)", "layer": "DangerousLocations_hki", "status": "active_hazard"}, "geometry": {"type": "Point", "coordinates": [24.929574999674244, 60.19526100058659]}}, {"type": "Feature", "properties": {"submitted": true, "locationType": "Unsafe pedestrian or tramway crossing", "greatestDangerTo": "Cyclists (incl. e-bikes)", "layer": "DangerousLocations_hki", "status": "active_hazard"}, "geometry": {"type": "Point", "coordinates": [24.964370999441794, 60.192007999227506]}}, {"type": "Feature", "properties": {"submitted": true, "locationType": "Unsafe pedestrian or tramway crossing", "greatestDangerTo": "Cyclists (incl. e-bikes)", "layer": "DangerousLocations_hki", "status": "active_hazard"}, "geometry": {"type": "Point", "coordinates": [24.96482900044708, 60.19207000068369]}}, {"type": "Feature", "properties": {"submitted": true, "locationType": "A dangerous or difficult intersection", "greatestDangerTo": "Cyclists (incl. e-bikes)", "layer": "DangerousLocations_hki", "status": "active_hazard"}, "geometry": {"type": "Point", "coordinates": [24.966263000605455, 60.1887920007269]}}, {"type": "Feature", "properties": {"submitted": true, "locationType": "A dangerous or difficult intersection", "greatestDangerTo": "Cyclists (incl. e-bikes)", "layer": "DangerousLocations_hki", "status": "active_hazard"}, "geometry": {"type": "Point", "coordinates": [24.96699799936226, 60.18869799943583]}}, {"type": "Feature", "properties": {"submitted": true, "locationType": "A dangerous or difficult intersection", "greatestDangerTo": "Cyclists (incl. e-bikes)", "layer": "DangerousLocations_hki", "status": "active_hazard"}, "geometry": {"type": "Point", "coordinates": [24.967778999836227, 60.18623199680931]}}, {"type": "Feature", "properties": {"submitted": true, "locationType": "A dangerous or difficult intersection", "greatestDangerTo": "Cyclists (incl. e-bikes)", "layer": "DangerousLocations_hki", "status": "active_hazard"}, "geometry": {"type": "Point", "coordinates": [24.967982998947754, 60.186436003824234]}}, {"type": "Feature", "properties": {"submitted": true, "locationType": "Unsafe pedestrian or tramway crossing", "greatestDangerTo": "Cyclists (incl. e-bikes)", "layer": "DangerousLocations_hki", "status": "active_hazard"}, "geometry": {"type": "Point", "coordinates": [24.966121999521295, 60.18498700440298]}}, {"type": "Feature", "properties": {"submitted": true, "locationType": "A dangerous or difficult intersection", "greatestDangerTo": "Cyclists (incl. e-bikes)", "layer": "DangerousLocations_hki", "status": "active_hazard"}, "geometry": {"type": "Point", "coordinates": [24.92303600047715, 60.20876400224433]}}, {"type": "Feature", "properties": {"submitted": true, "locationType": "A dangerous or difficult intersection", "greatestDangerTo": "Users of e-scooters or other light electric vehicles", "layer": "DangerousLocations_hki", "status": "active_hazard"}, "geometry": {"type": "Point", "coordinates": [24.935458000025022, 60.174469000765036]}}, {"type": "Feature", "properties": {"submitted": true, "locationType": "Unclear signage", "greatestDangerTo": "Cyclists (incl. e-bikes)", "layer": "DangerousLocations_hki", "status": "active_hazard"}, "geometry": {"type": "Point", "coordinates": [24.938746001013875, 60.17286899815772]}}, {"type": "Feature", "properties": {"submitted": true, "locationType": "A dangerous or difficult intersection", "greatestDangerTo": "Cyclists (incl. e-bikes)", "layer": "DangerousLocations_hki", "status": "active_hazard"}, "geometry": {"type": "Point", "coordinates": [24.944076000906612, 60.19269999766074]}}, {"type": "Feature", "properties": {"submitted": true, "locationType": "A dangerous or difficult intersection", "greatestDangerTo": "Pedestrians", "layer": "DangerousLocations_hki", "status": "active_hazard"}, "geometry": {"type": "Point", "coordinates": [24.95247099918045, 60.16742299899076]}}, {"type": "Feature", "properties": {"submitted": true, "locationType": "A dangerous or difficult intersection", "greatestDangerTo": "Pedestrians", "layer": "DangerousLocations_hki", "status": "active_hazard"}, "geometry": {"type": "Point", "coordinates": [24.95253599987685, 60.167762002460734]}}, {"type": "Feature", "properties": {"submitted": true, "locationType": "Unsafe pedestrian or tramway crossing", "greatestDangerTo": "Pedestrians", "layer": "DangerousLocations_hki", "status": "active_hazard"}, "geometry": {"type": "Point", "coordinates": [24.953687000245747, 60.16780499662049]}}, {"type": "Feature", "properties": {"submitted": true, "locationType": "Issue regarding the condition of the road or its maintenance", "greatestDangerTo": "Pedestrians", "layer": "DangerousLocations_hki", "status": "active_hazard"}, "geometry": {"type": "Point", "coordinates": [24.95690299994315, 60.16793400094055]}}, {"type": "Feature", "properties": {"submitted": true, "locationType": "A dangerous or difficult intersection", "greatestDangerTo": "Cyclists (incl. e-bikes)", "layer": "DangerousLocations_hki", "status": "active_hazard"}, "geometry": {"type": "Point", "coordinates": [24.928709999031625, 60.19751500252269]}}, {"type": "Feature", "properties": {"submitted": true, "locationType": "Unclear signage", "greatestDangerTo": "Pedestrians", "layer": "DangerousLocations_hki", "status": "active_hazard"}, "geometry": {"type": "Point", "coordinates": [24.929088999603128, 60.197575003811956]}}, {"type": "Feature", "properties": {"submitted": true, "locationType": "Issue regarding quality of the route or its continuity", "greatestDangerTo": "Cyclists (incl. e-bikes)", "layer": "DangerousLocations_hki", "status": "active_hazard"}, "geometry": {"type": "Point", "coordinates": [24.929202000272976, 60.19739899799749]}}, {"type": "Feature", "properties": {"submitted": true, "locationType": "A dangerous or difficult intersection", "greatestDangerTo": "Cyclists (incl. e-bikes)", "layer": "DangerousLocations_hki", "status": "active_hazard"}, "geometry": {"type": "Point", "coordinates": [24.92769099941438, 60.198721002151345]}}, {"type": "Feature", "properties": {"submitted": true, "locationType": "A dangerous location related to construction site arrangements", "greatestDangerTo": "Cyclists (incl. e-bikes)", "layer": "DangerousLocations_hki", "status": "active_hazard"}, "geometry": {"type": "Point", "coordinates": [24.96373299957892, 60.18885999784069]}}, {"type": "Feature", "properties": {"submitted": true, "locationType": "Issue regarding quality of the route or its continuity", "greatestDangerTo": "Cyclists (incl. e-bikes)", "layer": "DangerousLocations_hki", "status": "active_hazard"}, "geometry": {"type": "Point", "coordinates": [24.961195999954462, 60.18669600355325]}}, {"type": "Feature", "properties": {"submitted": true, "locationType": "A dangerous location related to construction site arrangements", "greatestDangerTo": "Pedestrians", "layer": "DangerousLocations_hki", "status": "active_hazard"}, "geometry": {"type": "Point", "coordinates": [24.950211000390595, 60.176356996034976]}}, {"type": "Feature", "properties": {"submitted": true, "locationType": "Unclear signage", "greatestDangerTo": "Cyclists (incl. e-bikes)", "layer": "DangerousLocations_hki", "status": "active_hazard"}, "geometry": {"type": "Point", "coordinates": [24.94950700065876, 60.173760000708086]}}, {"type": "Feature", "properties": {"submitted": true, "locationType": "A dangerous or difficult intersection", "greatestDangerTo": "Pedestrians", "layer": "DangerousLocations_hki", "status": "active_hazard"}, "geometry": {"type": "Point", "coordinates": [24.961609998871626, 60.201208004058465]}}, {"type": "Feature", "properties": {"submitted": true, "locationType": "A dangerous or difficult intersection", "greatestDangerTo": "Cyclists (incl. e-bikes)", "layer": "DangerousLocations_hki", "status": "active_hazard"}, "geometry": {"type": "Point", "coordinates": [24.976783999139737, 60.186578003211075]}}, {"type": "Feature", "properties": {"submitted": true, "locationType": "Unsafe pedestrian or tramway crossing", "greatestDangerTo": "Pedestrians", "layer": "DangerousLocations_hki", "status": "active_hazard"}, "geometry": {"type": "Point", "coordinates": [24.941089999881765, 60.18592700061103]}}, {"type": "Feature", "properties": {"submitted": false, "locationType": "A dangerous or difficult intersection", "greatestDangerTo": "Car drivers", "layer": "DangerousLocations_hki", "status": "active_hazard"}, "geometry": {"type": "Point", "coordinates": [24.912672999488166, 60.19122100286605]}}, {"type": "Feature", "properties": {"submitted": true, "locationType": "Issue regarding quality of the route or its continuity", "greatestDangerTo": "Cyclists (incl. e-bikes)", "layer": "DangerousLocations_hki", "status": "active_hazard"}, "geometry": {"type": "Point", "coordinates": [24.95591900046719, 60.19388099737636]}}, {"type": "Feature", "properties": {"submitted": true, "locationType": "Unsafe pedestrian or tramway crossing", "greatestDangerTo": "Cyclists (incl. e-bikes)", "layer": "DangerousLocations_hki", "status": "active_hazard"}, "geometry": {"type": "Point", "coordinates": [24.932011999716543, 60.192647000111386]}}, {"type": "Feature", "properties": {"submitted": true, "locationType": "Unsafe pedestrian or tramway crossing", "greatestDangerTo": "Pedestrians", "layer": "DangerousLocations_hki", "status": "active_hazard"}, "geometry": {"type": "Point", "coordinates": [24.886286000765573, 60.21452800110655]}}, {"type": "Feature", "properties": {"submitted": true, "locationType": "Pedestrian traffic lights that change too fast", "greatestDangerTo": "Pedestrians", "layer": "DangerousLocations_hki", "status": "active_hazard"}, "geometry": {"type": "Point", "coordinates": [24.881300999520555, 60.219165004438196]}}, {"type": "Feature", "properties": {"submitted": true, "locationType": "Unsafe pedestrian or tramway crossing", "greatestDangerTo": "Pedestrians", "layer": "DangerousLocations_hki", "status": "active_hazard"}, "geometry": {"type": "Point", "coordinates": [24.886605001174363, 60.21463499561853]}}, {"type": "Feature", "properties": {"submitted": true, "locationType": "Unsafe pedestrian or tramway crossing", "greatestDangerTo": "Pedestrians", "layer": "DangerousLocations_hki", "status": "active_hazard"}, "geometry": {"type": "Point", "coordinates": [24.959635999599573, 60.19578900234863]}}, {"type": "Feature", "properties": {"submitted": true, "locationType": "Unsafe pedestrian or tramway crossing", "greatestDangerTo": "Pedestrians", "layer": "DangerousLocations_hki", "status": "active_hazard"}, "geometry": {"type": "Point", "coordinates": [24.949198999529287, 60.2096139991994]}}, {"type": "Feature", "properties": {"submitted": true, "locationType": "A dangerous or difficult intersection", "greatestDangerTo": "Pedestrians", "layer": "DangerousLocations_hki", "status": "active_hazard"}, "geometry": {"type": "Point", "coordinates": [24.94534700065878, 60.2091499966684]}}, {"type": "Feature", "properties": {"submitted": false, "locationType": "A dangerous or difficult intersection", "greatestDangerTo": null, "layer": "DangerousLocations_hki", "status": "active_hazard"}, "geometry": {"type": "Point", "coordinates": [25.059333999383693, 60.268153001836836]}}, {"type": "Feature", "properties": {"submitted": true, "locationType": "Unclear signage", "greatestDangerTo": "Pedestrians", "layer": "DangerousLocations_hki", "status": "active_hazard"}, "geometry": {"type": "Point", "coordinates": [24.936313000647527, 60.17270000034729]}}, {"type": "Feature", "properties": {"submitted": true, "locationType": "A dangerous or difficult intersection", "greatestDangerTo": "Pedestrians", "layer": "DangerousLocations_hki", "status": "active_hazard"}, "geometry": {"type": "Point", "coordinates": [24.93416700033826, 60.17700000270014]}}, {"type": "Feature", "properties": {"submitted": true, "locationType": "Unsafe pedestrian or tramway crossing", "greatestDangerTo": "Pedestrians", "layer": "DangerousLocations_hki", "status": "active_hazard"}, "geometry": {"type": "Point", "coordinates": [24.906444000079095, 60.19120599592518]}}, {"type": "Feature", "properties": {"submitted": true, "locationType": "Some other issue", "greatestDangerTo": "Pedestrians", "layer": "DangerousLocations_hki", "status": "active_hazard"}, "geometry": {"type": "Point", "coordinates": [24.933275999497237, 60.20130099746361]}}, {"type": "Feature", "properties": {"submitted": true, "locationType": "Some other issue", "greatestDangerTo": "Cyclists (incl. e-bikes)", "layer": "DangerousLocations_hki", "status": "active_hazard"}, "geometry": {"type": "Point", "coordinates": [25.01127399945401, 60.25203800043645]}}, {"type": "Feature", "properties": {"submitted": true, "locationType": "A dangerous or difficult intersection", "greatestDangerTo": "Car drivers", "layer": "DangerousLocations_hki", "status": "active_hazard"}, "geometry": {"type": "Point", "coordinates": [25.085766999115574, 60.2142370016741]}}, {"type": "Feature", "properties": {"submitted": true, "locationType": "Unsafe pedestrian or tramway crossing", "greatestDangerTo": "Pedestrians", "layer": "DangerousLocations_hki", "status": "active_hazard"}, "geometry": {"type": "Point", "coordinates": [24.960537999261785, 60.1848850037098]}}, {"type": "Feature", "properties": {"submitted": true, "locationType": "A dangerous or difficult intersection", "greatestDangerTo": "Cyclists (incl. e-bikes)", "layer": "DangerousLocations_hki", "status": "active_hazard"}, "geometry": {"type": "Point", "coordinates": [24.96327099958985, 60.1881199967854]}}, {"type": "Feature", "properties": {"submitted": true, "locationType": "Unclear signage", "greatestDangerTo": "Users of e-scooters or other light electric vehicles", "layer": "DangerousLocations_hki", "status": "active_hazard"}, "geometry": {"type": "Point", "coordinates": [24.963152000537256, 60.18775900100376]}}, {"type": "Feature", "properties": {"submitted": true, "locationType": "Pedestrian traffic lights that change too fast", "greatestDangerTo": "Car drivers", "layer": "DangerousLocations_hki", "status": "active_hazard"}, "geometry": {"type": "Point", "coordinates": [24.959736000306307, 60.195853001371795]}}, {"type": "Feature", "properties": {"submitted": true, "locationType": "A dangerous or difficult intersection", "greatestDangerTo": "Car drivers", "layer": "DangerousLocations_hki", "status": "active_hazard"}, "geometry": {"type": "Point", "coordinates": [24.904455000143876, 60.214315999412854]}}, {"type": "Feature", "properties": {"submitted": true, "locationType": "Unsafe pedestrian or tramway crossing", "greatestDangerTo": "Cyclists (incl. e-bikes)", "layer": "DangerousLocations_hki", "status": "active_hazard"}, "geometry": {"type": "Point", "coordinates": [24.904413000060245, 60.214319000402114]}}, {"type": "Feature", "properties": {"submitted": true, "locationType": "A dangerous or difficult intersection", "greatestDangerTo": "Cyclists (incl. e-bikes)", "layer": "DangerousLocations_hki", "status": "active_hazard"}, "geometry": {"type": "Point", "coordinates": [24.95696899952753, 60.194512999739985]}}, {"type": "Feature", "properties": {"submitted": true, "locationType": "Issue regarding quality of the route or its continuity", "greatestDangerTo": "Cyclists (incl. e-bikes)", "layer": "DangerousLocations_hki", "status": "active_hazard"}, "geometry": {"type": "Point", "coordinates": [24.949296000388188, 60.190653003489054]}}, {"type": "Feature", "properties": {"submitted": true, "locationType": "A dangerous location related to parking", "greatestDangerTo": "Pedestrians", "layer": "DangerousLocations_hki", "status": "active_hazard"}, "geometry": {"type": "Point", "coordinates": [25.033953999079607, 60.20407200236164]}}, {"type": "Feature", "properties": {"submitted": true, "locationType": "Issue regarding the condition of the road or its maintenance", "greatestDangerTo": "Cyclists (incl. e-bikes)", "layer": "DangerousLocations_hki", "status": "active_hazard"}, "geometry": {"type": "Point", "coordinates": [25.035554999333442, 60.201993996869184]}}, {"type": "Feature", "properties": {"submitted": true, "locationType": "Unsafe pedestrian or tramway crossing", "greatestDangerTo": "Pedestrians", "layer": "DangerousLocations_hki", "status": "active_hazard"}, "geometry": {"type": "Point", "coordinates": [24.928798999910263, 60.22081400074585]}}, {"type": "Feature", "properties": {"submitted": true, "locationType": "A dangerous or difficult intersection", "greatestDangerTo": "Cyclists (incl. e-bikes)", "layer": "DangerousLocations_hki", "status": "active_hazard"}, "geometry": {"type": "Point", "coordinates": [24.91591600033144, 60.1852199978709]}}, {"type": "Feature", "properties": {"submitted": true, "locationType": "Issue regarding the condition of the road or its maintenance", "greatestDangerTo": "Cyclists (incl. e-bikes)", "layer": "DangerousLocations_hki", "status": "active_hazard"}, "geometry": {"type": "Point", "coordinates": [24.944104000458154, 60.21890599958677]}}, {"type": "Feature", "properties": {"submitted": true, "locationType": "Issue regarding the condition of the road or its maintenance", "greatestDangerTo": "Cyclists (incl. e-bikes)", "layer": "DangerousLocations_hki", "status": "active_hazard"}, "geometry": {"type": "Point", "coordinates": [24.98639900054596, 60.23803600131157]}}, {"type": "Feature", "properties": {"submitted": true, "locationType": "A dangerous or difficult intersection", "greatestDangerTo": "Pedestrians", "layer": "DangerousLocations_hki", "status": "active_hazard"}, "geometry": {"type": "Point", "coordinates": [25.036438999540785, 60.27469400171558]}}, {"type": "Feature", "properties": {"submitted": true, "locationType": "Unclear signage", "greatestDangerTo": "Cyclists (incl. e-bikes)", "layer": "DangerousLocations_hki", "status": "active_hazard"}, "geometry": {"type": "Point", "coordinates": [24.930771999632498, 60.20056099851687]}}, {"type": "Feature", "properties": {"submitted": true, "locationType": "Unsafe pedestrian or tramway crossing", "greatestDangerTo": "Pedestrians", "layer": "DangerousLocations_hki", "status": "active_hazard"}, "geometry": {"type": "Point", "coordinates": [24.947741999039316, 60.189720001107595]}}, {"type": "Feature", "properties": {"submitted": true, "locationType": "A dangerous location related to construction site arrangements", "greatestDangerTo": "Pedestrians", "layer": "DangerousLocations_hki", "status": "active_hazard"}, "geometry": {"type": "Point", "coordinates": [24.95000100051785, 60.19206699914734]}}, {"type": "Feature", "properties": {"submitted": true, "locationType": "Some other issue", "greatestDangerTo": "Cyclists (incl. e-bikes)", "layer": "DangerousLocations_hki", "status": "active_hazard"}, "geometry": {"type": "Point", "coordinates": [24.937272000330566, 60.19556399595053]}}, {"type": "Feature", "properties": {"submitted": true, "locationType": "Some other issue", "greatestDangerTo": "Cyclists (incl. e-bikes)", "layer": "DangerousLocations_hki", "status": "active_hazard"}, "geometry": {"type": "Point", "coordinates": [24.93511299891315, 60.19796200336181]}}, {"type": "Feature", "properties": {"submitted": true, "locationType": "Some other issue", "greatestDangerTo": "Pedestrians", "layer": "DangerousLocations_hki", "status": "active_hazard"}, "geometry": {"type": "Point", "coordinates": [24.943702999675455, 60.19107199563036]}}, {"type": "Feature", "properties": {"submitted": true, "locationType": "Pedestrian traffic lights that change too fast", "greatestDangerTo": "Pedestrians", "layer": "DangerousLocations_hki", "status": "active_hazard"}, "geometry": {"type": "Point", "coordinates": [24.949030999667073, 60.1905009983623]}}, {"type": "Feature", "properties": {"submitted": true, "locationType": "A dangerous or difficult intersection", "greatestDangerTo": "Car drivers", "layer": "DangerousLocations_hki", "status": "active_hazard"}, "geometry": {"type": "Point", "coordinates": [24.94157700026479, 60.191151003208255]}}, {"type": "Feature", "properties": {"submitted": true, "locationType": "A dangerous or difficult intersection", "greatestDangerTo": "Cyclists (incl. e-bikes)", "layer": "DangerousLocations_hki", "status": "active_hazard"}, "geometry": {"type": "Point", "coordinates": [24.944165999357274, 60.19272700091236]}}, {"type": "Feature", "properties": {"submitted": true, "locationType": "Unsafe pedestrian or tramway crossing", "greatestDangerTo": "Pedestrians", "layer": "DangerousLocations_hki", "status": "active_hazard"}, "geometry": {"type": "Point", "coordinates": [24.966490000430852, 60.19251100124687]}}, {"type": "Feature", "properties": {"submitted": true, "locationType": "Unsafe pedestrian or tramway crossing", "greatestDangerTo": "Pedestrians", "layer": "DangerousLocations_hki", "status": "active_hazard"}, "geometry": {"type": "Point", "coordinates": [24.96696900020108, 60.192795995540415]}}, {"type": "Feature", "properties": {"submitted": true, "locationType": "Some other issue", "greatestDangerTo": "Pedestrians", "layer": "DangerousLocations_hki", "status": "active_hazard"}, "geometry": {"type": "Point", "coordinates": [24.983724000075473, 60.24821800402118]}}, {"type": "Feature", "properties": {"submitted": true, "locationType": "A dangerous or difficult intersection", "greatestDangerTo": "Cyclists (incl. e-bikes)", "layer": "DangerousLocations_hki", "status": "active_hazard"}, "geometry": {"type": "Point", "coordinates": [24.982912000313725, 60.255487002210174]}}, {"type": "Feature", "properties": {"submitted": true, "locationType": "Some other issue", "greatestDangerTo": "Pedestrians", "layer": "DangerousLocations_hki", "status": "active_hazard"}, "geometry": {"type": "Point", "coordinates": [24.893063999161036, 60.259258002152784]}}, {"type": "Feature", "properties": {"submitted": true, "locationType": "A dangerous or difficult intersection", "greatestDangerTo": "Car drivers", "layer": "DangerousLocations_hki", "status": "active_hazard"}, "geometry": {"type": "Point", "coordinates": [24.887888999216543, 60.25942700432321]}}, {"type": "Feature", "properties": {"submitted": true, "locationType": "A dangerous or difficult intersection", "greatestDangerTo": "Car drivers", "layer": "DangerousLocations_hki", "status": "active_hazard"}, "geometry": {"type": "Point", "coordinates": [24.889774999569248, 60.26230300070668]}}, {"type": "Feature", "properties": {"submitted": true, "locationType": "Some other issue", "greatestDangerTo": "Pedestrians", "layer": "DangerousLocations_hki", "status": "active_hazard"}, "geometry": {"type": "Point", "coordinates": [24.977132999229838, 60.19044300396938]}}, {"type": "Feature", "properties": {"submitted": true, "locationType": "Some other issue", "greatestDangerTo": "Pedestrians", "layer": "DangerousLocations_hki", "status": "active_hazard"}, "geometry": {"type": "Point", "coordinates": [24.97947799954999, 60.190203000103494]}}, {"type": "Feature", "properties": {"submitted": true, "locationType": "Unsafe pedestrian or tramway crossing", "greatestDangerTo": "Pedestrians", "layer": "DangerousLocations_hki", "status": "active_hazard"}, "geometry": {"type": "Point", "coordinates": [24.976995000641747, 60.19167899858935]}}, {"type": "Feature", "properties": {"submitted": true, "locationType": "A dangerous location related to parking", "greatestDangerTo": "Pedestrians", "layer": "DangerousLocations_hki", "status": "active_hazard"}, "geometry": {"type": "Point", "coordinates": [24.95858699974861, 60.16848600172924]}}, {"type": "Feature", "properties": {"submitted": true, "locationType": "Issue regarding quality of the route or its continuity", "greatestDangerTo": "Pedestrians", "layer": "DangerousLocations_hki", "status": "active_hazard"}, "geometry": {"type": "Point", "coordinates": [24.959820999859442, 60.16908199753029]}}, {"type": "Feature", "properties": {"submitted": true, "locationType": "Pedestrian traffic lights that change too fast", "greatestDangerTo": "Pedestrians", "layer": "DangerousLocations_hki", "status": "active_hazard"}, "geometry": {"type": "Point", "coordinates": [24.958422999118095, 60.16919000086641]}}, {"type": "Feature", "properties": {"submitted": true, "locationType": "Unsafe pedestrian or tramway crossing", "greatestDangerTo": "Pedestrians", "layer": "DangerousLocations_hki", "status": "active_hazard"}, "geometry": {"type": "Point", "coordinates": [24.95955400052854, 60.167830002591955]}}, {"type": "Feature", "properties": {"submitted": true, "locationType": "Pedestrian traffic lights that change too fast", "greatestDangerTo": "Pedestrians", "layer": "DangerousLocations_hki", "status": "active_hazard"}, "geometry": {"type": "Point", "coordinates": [24.88547500075057, 60.21295099811643]}}, {"type": "Feature", "properties": {"submitted": true, "locationType": "A dangerous location related to parking", "greatestDangerTo": "Pedestrians", "layer": "DangerousLocations_hki", "status": "active_hazard"}, "geometry": {"type": "Point", "coordinates": [24.879803999409514, 60.207738002511796]}}, {"type": "Feature", "properties": {"submitted": true, "locationType": "Issue regarding quality of the route or its continuity", "greatestDangerTo": "Cyclists (incl. e-bikes)", "layer": "DangerousLocations_hki", "status": "active_hazard"}, "geometry": {"type": "Point", "coordinates": [24.857023000517806, 60.235246000075875]}}, {"type": "Feature", "properties": {"submitted": true, "locationType": "Issue regarding quality of the route or its continuity", "greatestDangerTo": "Cyclists (incl. e-bikes)", "layer": "DangerousLocations_hki", "status": "active_hazard"}, "geometry": {"type": "Point", "coordinates": [24.879875000711113, 60.21619599615368]}}, {"type": "Feature", "properties": {"submitted": true, "locationType": "Unsafe pedestrian or tramway crossing", "greatestDangerTo": "Pedestrians", "layer": "DangerousLocations_hki", "status": "active_hazard"}, "geometry": {"type": "Point", "coordinates": [24.891814999433116, 60.20874299701538]}}, {"type": "Feature", "properties": {"submitted": true, "locationType": "Issue regarding quality of the route or its continuity", "greatestDangerTo": "Cyclists (incl. e-bikes)", "layer": "DangerousLocations_hki", "status": "active_hazard"}, "geometry": {"type": "Point", "coordinates": [24.88300500069915, 60.20682500126675]}}, {"type": "Feature", "properties": {"submitted": true, "locationType": "Issue regarding quality of the route or its continuity", "greatestDangerTo": "Cyclists (incl. e-bikes)", "layer": "DangerousLocations_hki", "status": "active_hazard"}, "geometry": {"type": "Point", "coordinates": [24.886390999142463, 60.196013002015015]}}, {"type": "Feature", "properties": {"submitted": true, "locationType": "A dangerous location related to parking", "greatestDangerTo": "Cyclists (incl. e-bikes)", "layer": "DangerousLocations_hki", "status": "active_hazard"}, "geometry": {"type": "Point", "coordinates": [24.87201200035976, 60.22015799572826]}}, {"type": "Feature", "properties": {"submitted": true, "locationType": "Issue regarding quality of the route or its continuity", "greatestDangerTo": "Cyclists (incl. e-bikes)", "layer": "DangerousLocations_hki", "status": "active_hazard"}, "geometry": {"type": "Point", "coordinates": [24.884565000513707, 60.19705400220555]}}, {"type": "Feature", "properties": {"submitted": true, "locationType": "Unsafe pedestrian or tramway crossing", "greatestDangerTo": "Pedestrians", "layer": "DangerousLocations_hki", "status": "active_hazard"}, "geometry": {"type": "Point", "coordinates": [24.96444199975275, 60.1935320006789]}}, {"type": "Feature", "properties": {"submitted": true, "locationType": "Unsafe pedestrian or tramway crossing", "greatestDangerTo": "Pedestrians", "layer": "DangerousLocations_hki", "status": "active_hazard"}, "geometry": {"type": "Point", "coordinates": [24.964557000441715, 60.19353999991919]}}, {"type": "Feature", "properties": {"submitted": true, "locationType": "Unsafe pedestrian or tramway crossing", "greatestDangerTo": "Pedestrians", "layer": "DangerousLocations_hki", "status": "active_hazard"}, "geometry": {"type": "Point", "coordinates": [24.958962000397637, 60.19360900056033]}}, {"type": "Feature", "properties": {"submitted": true, "locationType": "Unsafe pedestrian or tramway crossing", "greatestDangerTo": "Pedestrians", "layer": "DangerousLocations_hki", "status": "active_hazard"}, "geometry": {"type": "Point", "coordinates": [24.958815000203007, 60.193543001738796]}}, {"type": "Feature", "properties": {"submitted": true, "locationType": "Unsafe pedestrian or tramway crossing", "greatestDangerTo": "Pedestrians", "layer": "DangerousLocations_hki", "status": "active_hazard"}, "geometry": {"type": "Point", "coordinates": [24.9573429995392, 60.19460499815986]}}, {"type": "Feature", "properties": {"submitted": true, "locationType": "Unsafe pedestrian or tramway crossing", "greatestDangerTo": "Pedestrians", "layer": "DangerousLocations_hki", "status": "active_hazard"}, "geometry": {"type": "Point", "coordinates": [24.9788419994691, 60.185952002986596]}}, {"type": "Feature", "properties": {"submitted": true, "locationType": "Issue regarding quality of the route or its continuity", "greatestDangerTo": "Cyclists (incl. e-bikes)", "layer": "DangerousLocations_hki", "status": "active_hazard"}, "geometry": {"type": "Point", "coordinates": [24.980096000092562, 60.18376999597638]}}, {"type": "Feature", "properties": {"submitted": true, "locationType": "A dangerous or difficult intersection", "greatestDangerTo": "Car drivers", "layer": "DangerousLocations_hki", "status": "active_hazard"}, "geometry": {"type": "Point", "coordinates": [24.98917299996182, 60.185904998935776]}}, {"type": "Feature", "properties": {"submitted": true, "locationType": "A dangerous or difficult intersection", "greatestDangerTo": "Car drivers", "layer": "DangerousLocations_hki", "status": "active_hazard"}, "geometry": {"type": "Point", "coordinates": [24.979678999332958, 60.18286100177415]}}, {"type": "Feature", "properties": {"submitted": true, "locationType": "A dangerous or difficult intersection", "greatestDangerTo": "Car drivers", "layer": "DangerousLocations_hki", "status": "active_hazard"}, "geometry": {"type": "Point", "coordinates": [24.977088998990045, 60.186481002055174]}}, {"type": "Feature", "properties": {"submitted": true, "locationType": "A dangerous or difficult intersection", "greatestDangerTo": "Cyclists (incl. e-bikes)", "layer": "DangerousLocations_hki", "status": "active_hazard"}, "geometry": {"type": "Point", "coordinates": [24.974625000391374, 60.184142000004414]}}, {"type": "Feature", "properties": {"submitted": true, "locationType": "Unsafe pedestrian or tramway crossing", "greatestDangerTo": "Cyclists (incl. e-bikes)", "layer": "DangerousLocations_hki", "status": "active_hazard"}, "geometry": {"type": "Point", "coordinates": [24.982209000264316, 60.18674499560213]}}, {"type": "Feature", "properties": {"submitted": true, "locationType": "Issue regarding quality of the route or its continuity", "greatestDangerTo": "Cyclists (incl. e-bikes)", "layer": "DangerousLocations_hki", "status": "active_hazard"}, "geometry": {"type": "Point", "coordinates": [24.98207099985468, 60.18336899792178]}}, {"type": "Feature", "properties": {"submitted": true, "locationType": "A dangerous or difficult intersection", "greatestDangerTo": "Cyclists (incl. e-bikes)", "layer": "DangerousLocations_hki", "status": "active_hazard"}, "geometry": {"type": "Point", "coordinates": [24.97457699944256, 60.184175999274814]}}, {"type": "Feature", "properties": {"submitted": true, "locationType": "A dangerous or difficult intersection", "greatestDangerTo": "Car drivers", "layer": "DangerousLocations_hki", "status": "active_hazard"}, "geometry": {"type": "Point", "coordinates": [24.979667000772167, 60.18288199803671]}}, {"type": "Feature", "properties": {"submitted": true, "locationType": "Some other issue", "greatestDangerTo": "Pedestrians", "layer": "DangerousLocations_hki", "status": "active_hazard"}, "geometry": {"type": "Point", "coordinates": [25.0208610003191, 60.273575998007885]}}, {"type": "Feature", "properties": {"submitted": true, "locationType": "Issue regarding the condition of the road or its maintenance", "greatestDangerTo": "Car drivers", "layer": "DangerousLocations_hki", "status": "active_hazard"}, "geometry": {"type": "Point", "coordinates": [25.019217999437764, 60.27466200412423]}}, {"type": "Feature", "properties": {"submitted": true, "locationType": "Unclear signage", "greatestDangerTo": "Users of e-scooters or other light electric vehicles", "layer": "DangerousLocations_hki", "status": "active_hazard"}, "geometry": {"type": "Point", "coordinates": [24.97958000039498, 60.18573899636299]}}, {"type": "Feature", "properties": {"submitted": true, "locationType": "Some other issue", "greatestDangerTo": "Pedestrians", "layer": "DangerousLocations_hki", "status": "active_hazard"}, "geometry": {"type": "Point", "coordinates": [24.938574999232348, 60.16322600074427]}}, {"type": "Feature", "properties": {"submitted": true, "locationType": "A dangerous or difficult intersection", "greatestDangerTo": "Car drivers", "layer": "DangerousLocations_hki", "status": "active_hazard"}, "geometry": {"type": "Point", "coordinates": [25.083550999872447, 60.2464570040939]}}, {"type": "Feature", "properties": {"submitted": true, "locationType": "Unsafe pedestrian or tramway crossing", "greatestDangerTo": "Pedestrians", "layer": "DangerousLocations_hki", "status": "active_hazard"}, "geometry": {"type": "Point", "coordinates": [25.08353199986748, 60.24768200030135]}}, {"type": "Feature", "properties": {"submitted": false, "locationType": "Unsafe pedestrian or tramway crossing", "greatestDangerTo": "Pedestrians", "layer": "DangerousLocations_hki", "status": "active_hazard"}, "geometry": {"type": "Point", "coordinates": [24.92891199917599, 60.22089200390491]}}, {"type": "Feature", "properties": {"submitted": true, "locationType": "A dangerous or difficult intersection", "greatestDangerTo": "Cyclists (incl. e-bikes)", "layer": "DangerousLocations_hki", "status": "active_hazard"}, "geometry": {"type": "Point", "coordinates": [25.02473400091556, 60.19178299593111]}}, {"type": "Feature", "properties": {"submitted": true, "locationType": "A dangerous or difficult intersection", "greatestDangerTo": "Cyclists (incl. e-bikes)", "layer": "DangerousLocations_hki", "status": "active_hazard"}, "geometry": {"type": "Point", "coordinates": [25.0405499989633, 60.202643002692064]}}, {"type": "Feature", "properties": {"submitted": true, "locationType": "Unsafe pedestrian or tramway crossing", "greatestDangerTo": "Cyclists (incl. e-bikes)", "layer": "DangerousLocations_hki", "status": "active_hazard"}, "geometry": {"type": "Point", "coordinates": [24.99955299901951, 60.1861070029236]}}, {"type": "Feature", "properties": {"submitted": true, "locationType": "Unsafe pedestrian or tramway crossing", "greatestDangerTo": "Cyclists (incl. e-bikes)", "layer": "DangerousLocations_hki", "status": "active_hazard"}, "geometry": {"type": "Point", "coordinates": [24.999638999884436, 60.18460899999962]}}, {"type": "Feature", "properties": {"submitted": true, "locationType": "Unclear signage", "greatestDangerTo": "Cyclists (incl. e-bikes)", "layer": "DangerousLocations_hki", "status": "active_hazard"}, "geometry": {"type": "Point", "coordinates": [24.98176200058302, 60.18265499793579]}}, {"type": "Feature", "properties": {"submitted": false, "locationType": null, "greatestDangerTo": null, "layer": "DangerousLocations_hki", "status": "active_hazard"}, "geometry": {"type": "Point", "coordinates": [25.09141700057633, 60.21986399565453]}}, {"type": "Feature", "properties": {"submitted": true, "locationType": "A dangerous or difficult intersection", "greatestDangerTo": "Pedestrians", "layer": "DangerousLocations_hki", "status": "active_hazard"}, "geometry": {"type": "Point", "coordinates": [24.88473700058108, 60.196581001400716]}}, {"type": "Feature", "properties": {"submitted": true, "locationType": "A dangerous or difficult intersection", "greatestDangerTo": "Cyclists (incl. e-bikes)", "layer": "DangerousLocations_hki", "status": "active_hazard"}, "geometry": {"type": "Point", "coordinates": [24.875811000373904, 60.19823699821461]}}, {"type": "Feature", "properties": {"submitted": true, "locationType": "Unsafe pedestrian or tramway crossing", "greatestDangerTo": "Pedestrians", "layer": "DangerousLocations_hki", "status": "active_hazard"}, "geometry": {"type": "Point", "coordinates": [24.891795999946464, 60.20876400037998]}}, {"type": "Feature", "properties": {"submitted": true, "locationType": "Unsafe pedestrian or tramway crossing", "greatestDangerTo": "Cyclists (incl. e-bikes)", "layer": "DangerousLocations_hki", "status": "active_hazard"}, "geometry": {"type": "Point", "coordinates": [24.890687999592018, 60.21748899798805]}}, {"type": "Feature", "properties": {"submitted": true, "locationType": "Issue regarding quality of the route or its continuity", "greatestDangerTo": "Pedestrians", "layer": "DangerousLocations_hki", "status": "active_hazard"}, "geometry": {"type": "Point", "coordinates": [24.9390900002139, 60.17117300372334]}}, {"type": "Feature", "properties": {"submitted": true, "locationType": "Some other issue", "greatestDangerTo": "Pedestrians", "layer": "DangerousLocations_hki", "status": "active_hazard"}, "geometry": {"type": "Point", "coordinates": [24.978438000135785, 60.186078000481736]}}, {"type": "Feature", "properties": {"submitted": true, "locationType": "A poorly placed public transport stop", "greatestDangerTo": "Public transport users", "layer": "DangerousLocations_hki", "status": "active_hazard"}, "geometry": {"type": "Point", "coordinates": [25.030970999570016, 60.186871998298756]}}, {"type": "Feature", "properties": {"submitted": true, "locationType": "A dangerous or difficult intersection", "greatestDangerTo": "Cyclists (incl. e-bikes)", "layer": "DangerousLocations_hki", "status": "active_hazard"}, "geometry": {"type": "Point", "coordinates": [24.84639200042454, 60.232855002087355]}}, {"type": "Feature", "properties": {"submitted": true, "locationType": "A dangerous or difficult intersection", "greatestDangerTo": "Pedestrians", "layer": "DangerousLocations_hki", "status": "active_hazard"}, "geometry": {"type": "Point", "coordinates": [24.885551999195695, 60.213120001896684]}}, {"type": "Feature", "properties": {"submitted": true, "locationType": "A dangerous or difficult intersection", "greatestDangerTo": "Car drivers", "layer": "DangerousLocations_hki", "status": "active_hazard"}, "geometry": {"type": "Point", "coordinates": [24.90067700023838, 60.23559199642795]}}, {"type": "Feature", "properties": {"submitted": true, "locationType": "A dangerous or difficult intersection", "greatestDangerTo": "Car drivers", "layer": "DangerousLocations_hki", "status": "active_hazard"}, "geometry": {"type": "Point", "coordinates": [24.910478999720116, 60.1914260042946]}}, {"type": "Feature", "properties": {"submitted": true, "locationType": "A dangerous or difficult intersection", "greatestDangerTo": "Car drivers", "layer": "DangerousLocations_hki", "status": "active_hazard"}, "geometry": {"type": "Point", "coordinates": [24.882494000628466, 60.22969299922389]}}, {"type": "Feature", "properties": {"submitted": true, "locationType": "Some other issue", "greatestDangerTo": "Cyclists (incl. e-bikes)", "layer": "DangerousLocations_hki", "status": "active_hazard"}, "geometry": {"type": "Point", "coordinates": [24.889560000193523, 60.16116599606905]}}, {"type": "Feature", "properties": {"submitted": true, "locationType": "A dangerous or difficult intersection", "greatestDangerTo": "Cyclists (incl. e-bikes)", "layer": "DangerousLocations_hki", "status": "active_hazard"}, "geometry": {"type": "Point", "coordinates": [24.929566000224956, 60.16180200098256]}}, {"type": "Feature", "properties": {"submitted": true, "locationType": "Some other issue", "greatestDangerTo": "Pedestrians", "layer": "DangerousLocations_hki", "status": "active_hazard"}, "geometry": {"type": "Point", "coordinates": [24.947501999661533, 60.16835399637912]}}, {"type": "Feature", "properties": {"submitted": true, "locationType": "Some other issue", "greatestDangerTo": "Pedestrians", "layer": "DangerousLocations_hki", "status": "active_hazard"}, "geometry": {"type": "Point", "coordinates": [24.946947000423652, 60.19273899703342]}}, {"type": "Feature", "properties": {"submitted": true, "locationType": "A dangerous or difficult intersection", "greatestDangerTo": "Cyclists (incl. e-bikes)", "layer": "DangerousLocations_hki", "status": "active_hazard"}, "geometry": {"type": "Point", "coordinates": [24.885662000248843, 60.1573539961826]}}, {"type": "Feature", "properties": {"submitted": true, "locationType": "A dangerous or difficult intersection", "greatestDangerTo": "Cyclists (incl. e-bikes)", "layer": "DangerousLocations_hki", "status": "active_hazard"}, "geometry": {"type": "Point", "coordinates": [24.87324699959396, 60.15830499845637]}}, {"type": "Feature", "properties": {"submitted": true, "locationType": "Unsafe pedestrian or tramway crossing", "greatestDangerTo": "Pedestrians", "layer": "DangerousLocations_hki", "status": "active_hazard"}, "geometry": {"type": "Point", "coordinates": [24.87389300104301, 60.156977995893286]}}, {"type": "Feature", "properties": {"submitted": true, "locationType": "A dangerous location related to construction site arrangements", "greatestDangerTo": "Pedestrians", "layer": "DangerousLocations_hki", "status": "active_hazard"}, "geometry": {"type": "Point", "coordinates": [24.90085800041354, 60.162476996703845]}}, {"type": "Feature", "properties": {"submitted": true, "locationType": "Unsafe pedestrian or tramway crossing", "greatestDangerTo": "Pedestrians", "layer": "DangerousLocations_hki", "status": "active_hazard"}, "geometry": {"type": "Point", "coordinates": [24.952534999768577, 60.16654900439358]}}, {"type": "Feature", "properties": {"submitted": true, "locationType": "Issue regarding quality of the route or its continuity", "greatestDangerTo": "Pedestrians", "layer": "DangerousLocations_hki", "status": "active_hazard"}, "geometry": {"type": "Point", "coordinates": [24.956667001090114, 60.16790799656389]}}, {"type": "Feature", "properties": {"submitted": true, "locationType": "Unsafe pedestrian or tramway crossing", "greatestDangerTo": "Pedestrians", "layer": "DangerousLocations_hki", "status": "active_hazard"}, "geometry": {"type": "Point", "coordinates": [24.912626000712848, 60.16459400288543]}}, {"type": "Feature", "properties": {"submitted": true, "locationType": "Unsafe pedestrian or tramway crossing", "greatestDangerTo": "Cyclists (incl. e-bikes)", "layer": "DangerousLocations_hki", "status": "active_hazard"}, "geometry": {"type": "Point", "coordinates": [24.95681200046837, 60.161054997482374]}}, {"type": "Feature", "properties": {"submitted": true, "locationType": "Unsafe pedestrian or tramway crossing", "greatestDangerTo": "Pedestrians", "layer": "DangerousLocations_hki", "status": "active_hazard"}, "geometry": {"type": "Point", "coordinates": [24.962146999374973, 60.191022997891935]}}, {"type": "Feature", "properties": {"submitted": true, "locationType": "Unsafe pedestrian or tramway crossing", "greatestDangerTo": null, "layer": "DangerousLocations_hki", "status": "active_hazard"}, "geometry": {"type": "Point", "coordinates": [24.89548200034423, 60.22581799739428]}}, {"type": "Feature", "properties": {"submitted": true, "locationType": "Unsafe pedestrian or tramway crossing", "greatestDangerTo": "Pedestrians", "layer": "DangerousLocations_hki", "status": "active_hazard"}, "geometry": {"type": "Point", "coordinates": [24.96327199898541, 60.1920380033598]}}, {"type": "Feature", "properties": {"submitted": false, "locationType": "Unsafe pedestrian or tramway crossing", "greatestDangerTo": "Pedestrians", "layer": "DangerousLocations_hki", "status": "active_hazard"}, "geometry": {"type": "Point", "coordinates": [24.96187500041782, 60.19758500353255]}}, {"type": "Feature", "properties": {"submitted": true, "locationType": "Unsafe pedestrian or tramway crossing", "greatestDangerTo": "Pedestrians", "layer": "DangerousLocations_hki", "status": "active_hazard"}, "geometry": {"type": "Point", "coordinates": [24.938661999437564, 60.169886002799146]}}, {"type": "Feature", "properties": {"submitted": false, "locationType": "Unsafe pedestrian or tramway crossing", "greatestDangerTo": "Pedestrians", "layer": "DangerousLocations_hki", "status": "active_hazard"}, "geometry": {"type": "Point", "coordinates": [24.87235900035839, 60.16126300093112]}}, {"type": "Feature", "properties": {"submitted": true, "locationType": "Some other issue", "greatestDangerTo": "Pedestrians", "layer": "DangerousLocations_hki", "status": "active_hazard"}, "geometry": {"type": "Point", "coordinates": [24.95831499924193, 60.16823099970565]}}, {"type": "Feature", "properties": {"submitted": true, "locationType": "Some other issue", "greatestDangerTo": "Pedestrians", "layer": "DangerousLocations_hki", "status": "active_hazard"}, "geometry": {"type": "Point", "coordinates": [24.908881999887544, 60.15474699884121]}}, {"type": "Feature", "properties": {"submitted": true, "locationType": "Unsafe pedestrian or tramway crossing", "greatestDangerTo": "Pedestrians", "layer": "DangerousLocations_hki", "status": "active_hazard"}, "geometry": {"type": "Point", "coordinates": [24.911887000798792, 60.15707600154865]}}, {"type": "Feature", "properties": {"submitted": true, "locationType": "A dangerous or difficult intersection", "greatestDangerTo": "Cyclists (incl. e-bikes)", "layer": "DangerousLocations_hki", "status": "active_hazard"}, "geometry": {"type": "Point", "coordinates": [24.91440000060415, 60.166037996638]}}, {"type": "Feature", "properties": {"submitted": true, "locationType": "Unsafe pedestrian or tramway crossing", "greatestDangerTo": "Pedestrians", "layer": "DangerousLocations_hki", "status": "active_hazard"}, "geometry": {"type": "Point", "coordinates": [24.885453000786033, 60.15227199805675]}}, {"type": "Feature", "properties": {"submitted": true, "locationType": "Unsafe pedestrian or tramway crossing", "greatestDangerTo": "Pedestrians", "layer": "DangerousLocations_hki", "status": "active_hazard"}, "geometry": {"type": "Point", "coordinates": [24.874576999918943, 60.1561350025259]}}, {"type": "Feature", "properties": {"submitted": true, "locationType": "Some other issue", "greatestDangerTo": "Pedestrians", "layer": "DangerousLocations_hki", "status": "active_hazard"}, "geometry": {"type": "Point", "coordinates": [24.88227699990355, 60.16119400287082]}}, {"type": "Feature", "properties": {"submitted": true, "locationType": "Unsafe pedestrian or tramway crossing", "greatestDangerTo": "Pedestrians", "layer": "DangerousLocations_hki", "status": "active_hazard"}, "geometry": {"type": "Point", "coordinates": [24.871650000473466, 60.16141199722066]}}, {"type": "Feature", "properties": {"submitted": true, "locationType": "A dangerous or difficult intersection", "greatestDangerTo": "Pedestrians", "layer": "DangerousLocations_hki", "status": "active_hazard"}, "geometry": {"type": "Point", "coordinates": [24.95825200048188, 60.169266999542614]}}, {"type": "Feature", "properties": {"submitted": true, "locationType": "Some other issue", "greatestDangerTo": "Car drivers", "layer": "DangerousLocations_hki", "status": "active_hazard"}, "geometry": {"type": "Point", "coordinates": [24.892063000429612, 60.26153799698985]}}, {"type": "Feature", "properties": {"submitted": false, "locationType": "A dangerous or difficult intersection", "greatestDangerTo": "Pedestrians", "layer": "DangerousLocations_hki", "status": "active_hazard"}, "geometry": {"type": "Point", "coordinates": [24.846437000691214, 60.23283899882827]}}, {"type": "Feature", "properties": {"submitted": true, "locationType": "Unsafe pedestrian or tramway crossing", "greatestDangerTo": "Pedestrians", "layer": "DangerousLocations_hki", "status": "active_hazard"}, "geometry": {"type": "Point", "coordinates": [24.971912999928985, 60.179185997904774]}}, {"type": "Feature", "properties": {"submitted": true, "locationType": "A dangerous or difficult intersection", "greatestDangerTo": "Cyclists (incl. e-bikes)", "layer": "DangerousLocations_hki", "status": "active_hazard"}, "geometry": {"type": "Point", "coordinates": [24.9115659999971, 60.16598400292198]}}, {"type": "Feature", "properties": {"submitted": true, "locationType": "A dangerous or difficult intersection", "greatestDangerTo": "Pedestrians", "layer": "DangerousLocations_hki", "status": "active_hazard"}, "geometry": {"type": "Point", "coordinates": [24.94577499926638, 60.20866699737106]}}, {"type": "Feature", "properties": {"submitted": true, "locationType": "Unclear signage", "greatestDangerTo": "Car drivers", "layer": "DangerousLocations_hki", "status": "active_hazard"}, "geometry": {"type": "Point", "coordinates": [25.20171100022206, 60.252356999855536]}}, {"type": "Feature", "properties": {"submitted": true, "locationType": "Unsafe pedestrian or tramway crossing", "greatestDangerTo": "Pedestrians", "layer": "DangerousLocations_hki", "status": "active_hazard"}, "geometry": {"type": "Point", "coordinates": [24.854092000368723, 60.22659599809288]}}, {"type": "Feature", "properties": {"submitted": true, "locationType": "Unsafe pedestrian or tramway crossing", "greatestDangerTo": "Pedestrians", "layer": "DangerousLocations_hki", "status": "active_hazard"}, "geometry": {"type": "Point", "coordinates": [24.89195899992311, 60.208901996260764]}}, {"type": "Feature", "properties": {"submitted": true, "locationType": "Issue regarding the condition of the road or its maintenance", "greatestDangerTo": "Cyclists (incl. e-bikes)", "layer": "DangerousLocations_hki", "status": "active_hazard"}, "geometry": {"type": "Point", "coordinates": [24.97756600094875, 60.18839599597492]}}, {"type": "Feature", "properties": {"submitted": true, "locationType": "Unsafe pedestrian or tramway crossing", "greatestDangerTo": "Pedestrians", "layer": "DangerousLocations_hki", "status": "active_hazard"}, "geometry": {"type": "Point", "coordinates": [25.0412520005628, 60.23521200332421]}}, {"type": "Feature", "properties": {"submitted": true, "locationType": "A dangerous or difficult intersection", "greatestDangerTo": "Cyclists (incl. e-bikes)", "layer": "DangerousLocations_hki", "status": "active_hazard"}, "geometry": {"type": "Point", "coordinates": [24.984960999623198, 60.18646499828574]}}, {"type": "Feature", "properties": {"submitted": true, "locationType": "A dangerous or difficult intersection", "greatestDangerTo": "Cyclists (incl. e-bikes)", "layer": "DangerousLocations_hki", "status": "active_hazard"}, "geometry": {"type": "Point", "coordinates": [24.982289999121136, 60.18678800310609]}}, {"type": "Feature", "properties": {"submitted": true, "locationType": "Issue regarding quality of the route or its continuity", "greatestDangerTo": "Cyclists (incl. e-bikes)", "layer": "DangerousLocations_hki", "status": "active_hazard"}, "geometry": {"type": "Point", "coordinates": [24.956650999179786, 60.180291000511474]}}, {"type": "Feature", "properties": {"submitted": true, "locationType": "A dangerous location related to construction site arrangements", "greatestDangerTo": "Cyclists (incl. e-bikes)", "layer": "DangerousLocations_hki", "status": "active_hazard"}, "geometry": {"type": "Point", "coordinates": [24.95750000029681, 60.181438995847046]}}, {"type": "Feature", "properties": {"submitted": true, "locationType": "Issue regarding quality of the route or its continuity", "greatestDangerTo": "Cyclists (incl. e-bikes)", "layer": "DangerousLocations_hki", "status": "active_hazard"}, "geometry": {"type": "Point", "coordinates": [24.96018099914593, 60.170523001346254]}}, {"type": "Feature", "properties": {"submitted": true, "locationType": "Issue regarding quality of the route or its continuity", "greatestDangerTo": "Pedestrians", "layer": "DangerousLocations_hki", "status": "active_hazard"}, "geometry": {"type": "Point", "coordinates": [24.958190000488244, 60.16864199889511]}}, {"type": "Feature", "properties": {"submitted": true, "locationType": "Some other issue", "greatestDangerTo": "Pedestrians", "layer": "DangerousLocations_hki", "status": "active_hazard"}, "geometry": {"type": "Point", "coordinates": [24.83679099895141, 60.24037900419503]}}, {"type": "Feature", "properties": {"submitted": true, "locationType": "Some other issue", "greatestDangerTo": "Pedestrians", "layer": "DangerousLocations_hki", "status": "active_hazard"}, "geometry": {"type": "Point", "coordinates": [24.940231999843363, 60.171736999201826]}}, {"type": "Feature", "properties": {"submitted": true, "locationType": "Unsafe pedestrian or tramway crossing", "greatestDangerTo": "Cyclists (incl. e-bikes)", "layer": "DangerousLocations_hki", "status": "active_hazard"}, "geometry": {"type": "Point", "coordinates": [24.93459100016944, 60.1982240039603]}}, {"type": "Feature", "properties": {"submitted": true, "locationType": "A dangerous or difficult intersection", "greatestDangerTo": "Pedestrians", "layer": "DangerousLocations_hki", "status": "active_hazard"}, "geometry": {"type": "Point", "coordinates": [25.021062999978387, 60.23928200306007]}}, {"type": "Feature", "properties": {"submitted": true, "locationType": "A dangerous or difficult intersection", "greatestDangerTo": null, "layer": "DangerousLocations_hki", "status": "active_hazard"}, "geometry": {"type": "Point", "coordinates": [24.90869000033476, 60.155463997128265]}}, {"type": "Feature", "properties": {"submitted": true, "locationType": "Unsafe pedestrian or tramway crossing", "greatestDangerTo": "Pedestrians", "layer": "DangerousLocations_hki", "status": "active_hazard"}, "geometry": {"type": "Point", "coordinates": [24.908694000141516, 60.15548300346244]}}, {"type": "Feature", "properties": {"submitted": true, "locationType": "Unsafe pedestrian or tramway crossing", "greatestDangerTo": "Pedestrians", "layer": "DangerousLocations_hki", "status": "active_hazard"}, "geometry": {"type": "Point", "coordinates": [24.884473000618243, 60.15445799709519]}}, {"type": "Feature", "properties": {"submitted": true, "locationType": "Unsafe pedestrian or tramway crossing", "greatestDangerTo": "Pedestrians", "layer": "DangerousLocations_hki", "status": "active_hazard"}, "geometry": {"type": "Point", "coordinates": [24.885371999915012, 60.15225699808521]}}, {"type": "Feature", "properties": {"submitted": true, "locationType": "Unsafe pedestrian or tramway crossing", "greatestDangerTo": "Pedestrians", "layer": "DangerousLocations_hki", "status": "active_hazard"}, "geometry": {"type": "Point", "coordinates": [24.886257000493863, 60.14978300056526]}}, {"type": "Feature", "properties": {"submitted": true, "locationType": "Unsafe pedestrian or tramway crossing", "greatestDangerTo": "Pedestrians", "layer": "DangerousLocations_hki", "status": "active_hazard"}, "geometry": {"type": "Point", "coordinates": [24.88641399959618, 60.1496220042816]}}, {"type": "Feature", "properties": {"submitted": true, "locationType": "Unsafe pedestrian or tramway crossing", "greatestDangerTo": "Pedestrians", "layer": "DangerousLocations_hki", "status": "active_hazard"}, "geometry": {"type": "Point", "coordinates": [24.960772999618303, 60.196448000176694]}}, {"type": "Feature", "properties": {"submitted": true, "locationType": "Issue regarding quality of the route or its continuity", "greatestDangerTo": "Pedestrians", "layer": "DangerousLocations_hki", "status": "active_hazard"}, "geometry": {"type": "Point", "coordinates": [24.96479199931228, 60.192913000335245]}}, {"type": "Feature", "properties": {"submitted": true, "locationType": "Unsafe pedestrian or tramway crossing", "greatestDangerTo": "Pedestrians", "layer": "DangerousLocations_hki", "status": "active_hazard"}, "geometry": {"type": "Point", "coordinates": [24.962472000038943, 60.19679200075115]}}, {"type": "Feature", "properties": {"submitted": true, "locationType": "Some other issue", "greatestDangerTo": "Pedestrians", "layer": "DangerousLocations_hki", "status": "active_hazard"}, "geometry": {"type": "Point", "coordinates": [24.953460000660296, 60.17422800186794]}}, {"type": "Feature", "properties": {"submitted": true, "locationType": "Unclear signage", "greatestDangerTo": "Pedestrians", "layer": "DangerousLocations_hki", "status": "active_hazard"}, "geometry": {"type": "Point", "coordinates": [24.956891999878838, 60.167913002251375]}}, {"type": "Feature", "properties": {"submitted": true, "locationType": "A dangerous or difficult intersection", "greatestDangerTo": "Car drivers", "layer": "DangerousLocations_hki", "status": "active_hazard"}, "geometry": {"type": "Point", "coordinates": [24.9658430003975, 60.16563099739955]}}, {"type": "Feature", "properties": {"submitted": true, "locationType": "Unsafe pedestrian or tramway crossing", "greatestDangerTo": "Pedestrians", "layer": "DangerousLocations_hki", "status": "active_hazard"}, "geometry": {"type": "Point", "coordinates": [24.944451999730518, 60.21041000216111]}}, {"type": "Feature", "properties": {"submitted": true, "locationType": "Unsafe pedestrian or tramway crossing", "greatestDangerTo": "Pedestrians", "layer": "DangerousLocations_hki", "status": "active_hazard"}, "geometry": {"type": "Point", "coordinates": [24.97417400080708, 60.20511799552397]}}, {"type": "Feature", "properties": {"submitted": true, "locationType": "Some other issue", "greatestDangerTo": "Cyclists (incl. e-bikes)", "layer": "DangerousLocations_hki", "status": "active_hazard"}, "geometry": {"type": "Point", "coordinates": [24.92214900033213, 60.17587300094123]}}, {"type": "Feature", "properties": {"submitted": true, "locationType": "A dangerous location related to construction site arrangements", "greatestDangerTo": "Cyclists (incl. e-bikes)", "layer": "DangerousLocations_hki", "status": "active_hazard"}, "geometry": {"type": "Point", "coordinates": [24.900512000182825, 60.16272600307426]}}, {"type": "Feature", "properties": {"submitted": true, "locationType": "Issue regarding quality of the route or its continuity", "greatestDangerTo": "Cyclists (incl. e-bikes)", "layer": "DangerousLocations_hki", "status": "active_hazard"}, "geometry": {"type": "Point", "coordinates": [24.92296400001897, 60.17781399821775]}}, {"type": "Feature", "properties": {"submitted": true, "locationType": "Issue regarding quality of the route or its continuity", "greatestDangerTo": "Cyclists (incl. e-bikes)", "layer": "DangerousLocations_hki", "status": "active_hazard"}, "geometry": {"type": "Point", "coordinates": [24.913540000588423, 60.16614399765669]}}, {"type": "Feature", "properties": {"submitted": true, "locationType": "A dangerous location related to construction site arrangements", "greatestDangerTo": "Cyclists (incl. e-bikes)", "layer": "DangerousLocations_hki", "status": "active_hazard"}, "geometry": {"type": "Point", "coordinates": [24.92749600073741, 60.18175099751428]}}, {"type": "Feature", "properties": {"submitted": true, "locationType": "A dangerous or difficult intersection", "greatestDangerTo": "Users of e-scooters or other light electric vehicles", "layer": "DangerousLocations_hki", "status": "active_hazard"}, "geometry": {"type": "Point", "coordinates": [24.8476790007452, 60.238611999289134]}}, {"type": "Feature", "properties": {"submitted": true, "locationType": "A dangerous or difficult intersection", "greatestDangerTo": "Car drivers", "layer": "DangerousLocations_hki", "status": "active_hazard"}, "geometry": {"type": "Point", "coordinates": [24.848350000270024, 60.24066599749906]}}, {"type": "Feature", "properties": {"submitted": true, "locationType": "A dangerous or difficult intersection", "greatestDangerTo": "Car drivers", "layer": "DangerousLocations_hki", "status": "active_hazard"}, "geometry": {"type": "Point", "coordinates": [24.850620999463604, 60.23956599838504]}}, {"type": "Feature", "properties": {"submitted": true, "locationType": "Issue regarding quality of the route or its continuity", "greatestDangerTo": "Cyclists (incl. e-bikes)", "layer": "DangerousLocations_hki", "status": "active_hazard"}, "geometry": {"type": "Point", "coordinates": [24.881940000134033, 60.21428100425709]}}, {"type": "Feature", "properties": {"submitted": true, "locationType": "Issue regarding quality of the route or its continuity", "greatestDangerTo": "Cyclists (incl. e-bikes)", "layer": "DangerousLocations_hki", "status": "active_hazard"}, "geometry": {"type": "Point", "coordinates": [24.885047999589272, 60.19699400170235]}}, {"type": "Feature", "properties": {"submitted": true, "locationType": "A dangerous or difficult intersection", "greatestDangerTo": "Pedestrians", "layer": "DangerousLocations_hki", "status": "active_hazard"}, "geometry": {"type": "Point", "coordinates": [24.88344400060266, 60.213057999613234]}}, {"type": "Feature", "properties": {"submitted": true, "locationType": "Unsafe pedestrian or tramway crossing", "greatestDangerTo": "Cyclists (incl. e-bikes)", "layer": "DangerousLocations_hki", "status": "active_hazard"}, "geometry": {"type": "Point", "coordinates": [24.86973900027375, 60.21746600097015]}}, {"type": "Feature", "properties": {"submitted": true, "locationType": "Unsafe pedestrian or tramway crossing", "greatestDangerTo": "Pedestrians", "layer": "DangerousLocations_hki", "status": "active_hazard"}, "geometry": {"type": "Point", "coordinates": [24.885045999505387, 60.15326000214676]}}, {"type": "Feature", "properties": {"submitted": true, "locationType": "Unsafe pedestrian or tramway crossing", "greatestDangerTo": "Pedestrians", "layer": "DangerousLocations_hki", "status": "active_hazard"}, "geometry": {"type": "Point", "coordinates": [24.884762999471363, 60.154468996964184]}}, {"type": "Feature", "properties": {"submitted": true, "locationType": "Unsafe pedestrian or tramway crossing", "greatestDangerTo": "Pedestrians", "layer": "DangerousLocations_hki", "status": "active_hazard"}, "geometry": {"type": "Point", "coordinates": [24.88590899900512, 60.15103100255501]}}, {"type": "Feature", "properties": {"submitted": true, "locationType": "Unsafe pedestrian or tramway crossing", "greatestDangerTo": "Pedestrians", "layer": "DangerousLocations_hki", "status": "active_hazard"}, "geometry": {"type": "Point", "coordinates": [24.94928799978982, 60.19066900224395]}}, {"type": "Feature", "properties": {"submitted": true, "locationType": "Some other issue", "greatestDangerTo": "Pedestrians", "layer": "DangerousLocations_hki", "status": "active_hazard"}, "geometry": {"type": "Point", "coordinates": [24.944446999720913, 60.19104299958323]}}, {"type": "Feature", "properties": {"submitted": true, "locationType": "A dangerous location related to construction site arrangements", "greatestDangerTo": "Pedestrians", "layer": "DangerousLocations_hki", "status": "active_hazard"}, "geometry": {"type": "Point", "coordinates": [24.945064000634275, 60.19100900372647]}}, {"type": "Feature", "properties": {"submitted": true, "locationType": "A dangerous or difficult intersection", "greatestDangerTo": "Cyclists (incl. e-bikes)", "layer": "DangerousLocations_hki", "status": "active_hazard"}, "geometry": {"type": "Point", "coordinates": [24.976817000246474, 60.186596003567715]}}, {"type": "Feature", "properties": {"submitted": true, "locationType": "Unclear signage", "greatestDangerTo": "Public transport users", "layer": "DangerousLocations_hki", "status": "active_hazard"}, "geometry": {"type": "Point", "coordinates": [24.9796640002488, 60.182839001166016]}}, {"type": "Feature", "properties": {"submitted": true, "locationType": "A dangerous or difficult intersection", "greatestDangerTo": "Pedestrians", "layer": "DangerousLocations_hki", "status": "active_hazard"}, "geometry": {"type": "Point", "coordinates": [24.976828999422782, 60.18335200012837]}}, {"type": "Feature", "properties": {"submitted": true, "locationType": "A dangerous or difficult intersection", "greatestDangerTo": "Pedestrians", "layer": "DangerousLocations_hki", "status": "active_hazard"}, "geometry": {"type": "Point", "coordinates": [24.942202999309213, 60.17045299818831]}}, {"type": "Feature", "properties": {"submitted": true, "locationType": "Some other issue", "greatestDangerTo": "Cyclists (incl. e-bikes)", "layer": "DangerousLocations_hki", "status": "active_hazard"}, "geometry": {"type": "Point", "coordinates": [24.882838999722196, 60.192969998840226]}}, {"type": "Feature", "properties": {"submitted": true, "locationType": "Some other issue", "greatestDangerTo": "Cyclists (incl. e-bikes)", "layer": "DangerousLocations_hki", "status": "active_hazard"}, "geometry": {"type": "Point", "coordinates": [24.916982999314957, 60.178751003450984]}}, {"type": "Feature", "properties": {"submitted": true, "locationType": "Some other issue", "greatestDangerTo": "Cyclists (incl. e-bikes)", "layer": "DangerousLocations_hki", "status": "active_hazard"}, "geometry": {"type": "Point", "coordinates": [24.91853699925698, 60.17539000069666]}}, {"type": "Feature", "properties": {"submitted": true, "locationType": "Unsafe pedestrian or tramway crossing", "greatestDangerTo": "Pedestrians", "layer": "DangerousLocations_hki", "status": "active_hazard"}, "geometry": {"type": "Point", "coordinates": [25.073471999543802, 60.2245780027195]}}, {"type": "Feature", "properties": {"submitted": false, "locationType": "Unclear signage", "greatestDangerTo": "Car drivers", "layer": "DangerousLocations_hki", "status": "active_hazard"}, "geometry": {"type": "Point", "coordinates": [24.911453999946538, 60.189121000109395]}}, {"type": "Feature", "properties": {"submitted": false, "locationType": "A dangerous or difficult intersection", "greatestDangerTo": null, "layer": "DangerousLocations_hki", "status": "active_hazard"}, "geometry": {"type": "Point", "coordinates": [24.913127999092577, 60.191268002178845]}}, {"type": "Feature", "properties": {"submitted": true, "locationType": "Unsafe pedestrian or tramway crossing", "greatestDangerTo": "Pedestrians", "layer": "DangerousLocations_hki", "status": "active_hazard"}, "geometry": {"type": "Point", "coordinates": [24.96462300025546, 60.192037000066385]}}, {"type": "Feature", "properties": {"submitted": true, "locationType": "Unsafe pedestrian or tramway crossing", "greatestDangerTo": "Pedestrians", "layer": "DangerousLocations_hki", "status": "active_hazard"}, "geometry": {"type": "Point", "coordinates": [24.94790100048753, 60.18973700449819]}}, {"type": "Feature", "properties": {"submitted": true, "locationType": "Unsafe pedestrian or tramway crossing", "greatestDangerTo": "Pedestrians", "layer": "DangerousLocations_hki", "status": "active_hazard"}, "geometry": {"type": "Point", "coordinates": [24.96462299958881, 60.19193899892092]}}, {"type": "Feature", "properties": {"submitted": true, "locationType": "Unsafe pedestrian or tramway crossing", "greatestDangerTo": "Pedestrians", "layer": "DangerousLocations_hki", "status": "active_hazard"}, "geometry": {"type": "Point", "coordinates": [24.96252300009239, 60.19638499887308]}}, {"type": "Feature", "properties": {"submitted": true, "locationType": "Unsafe pedestrian or tramway crossing", "greatestDangerTo": "Pedestrians", "layer": "DangerousLocations_hki", "status": "active_hazard"}, "geometry": {"type": "Point", "coordinates": [24.962689999510335, 60.19593199614492]}}, {"type": "Feature", "properties": {"submitted": true, "locationType": "Unsafe pedestrian or tramway crossing", "greatestDangerTo": "Pedestrians", "layer": "DangerousLocations_hki", "status": "active_hazard"}, "geometry": {"type": "Point", "coordinates": [24.964464999581814, 60.193384000395504]}}, {"type": "Feature", "properties": {"submitted": true, "locationType": "Unsafe pedestrian or tramway crossing", "greatestDangerTo": "Pedestrians", "layer": "DangerousLocations_hki", "status": "active_hazard"}, "geometry": {"type": "Point", "coordinates": [24.963709999954137, 60.19434600338602]}}, {"type": "Feature", "properties": {"submitted": true, "locationType": "Unsafe pedestrian or tramway crossing", "greatestDangerTo": "Pedestrians", "layer": "DangerousLocations_hki", "status": "active_hazard"}, "geometry": {"type": "Point", "coordinates": [24.949371000166625, 60.2333080034512]}}, {"type": "Feature", "properties": {"submitted": true, "locationType": "Unsafe pedestrian or tramway crossing", "greatestDangerTo": "Pedestrians", "layer": "DangerousLocations_hki", "status": "active_hazard"}, "geometry": {"type": "Point", "coordinates": [25.04126599956025, 60.23522100297563]}}, {"type": "Feature", "properties": {"submitted": true, "locationType": "Unsafe pedestrian or tramway crossing", "greatestDangerTo": "Pedestrians", "layer": "DangerousLocations_hki", "status": "active_hazard"}, "geometry": {"type": "Point", "coordinates": [25.043279999692757, 60.23485199971356]}}, {"type": "Feature", "properties": {"submitted": true, "locationType": "Unsafe pedestrian or tramway crossing", "greatestDangerTo": "Pedestrians", "layer": "DangerousLocations_hki", "status": "active_hazard"}, "geometry": {"type": "Point", "coordinates": [25.045043000692008, 60.23422700223377]}}, {"type": "Feature", "properties": {"submitted": true, "locationType": "Unsafe pedestrian or tramway crossing", "greatestDangerTo": "Pedestrians", "layer": "DangerousLocations_hki", "status": "active_hazard"}, "geometry": {"type": "Point", "coordinates": [25.03618399955314, 60.235124002341884]}}, {"type": "Feature", "properties": {"submitted": true, "locationType": "Unsafe pedestrian or tramway crossing", "greatestDangerTo": "Pedestrians", "layer": "DangerousLocations_hki", "status": "active_hazard"}, "geometry": {"type": "Point", "coordinates": [25.033489999819746, 60.234629002097016]}}, {"type": "Feature", "properties": {"submitted": true, "locationType": "Unsafe pedestrian or tramway crossing", "greatestDangerTo": "Pedestrians", "layer": "DangerousLocations_hki", "status": "active_hazard"}, "geometry": {"type": "Point", "coordinates": [25.030890000169588, 60.23387299694512]}}, {"type": "Feature", "properties": {"submitted": true, "locationType": "A dangerous or difficult intersection", "greatestDangerTo": "Cyclists (incl. e-bikes)", "layer": "DangerousLocations_hki", "status": "active_hazard"}, "geometry": {"type": "Point", "coordinates": [24.97398599946911, 60.188972999378414]}}, {"type": "Feature", "properties": {"submitted": true, "locationType": "A dangerous or difficult intersection", "greatestDangerTo": "Cyclists (incl. e-bikes)", "layer": "DangerousLocations_hki", "status": "active_hazard"}, "geometry": {"type": "Point", "coordinates": [24.9781070004512, 60.19244900075749]}}, {"type": "Feature", "properties": {"submitted": true, "locationType": "A dangerous or difficult intersection", "greatestDangerTo": "Cyclists (incl. e-bikes)", "layer": "DangerousLocations_hki", "status": "active_hazard"}, "geometry": {"type": "Point", "coordinates": [24.909734000373305, 60.16558199700893]}}, {"type": "Feature", "properties": {"submitted": true, "locationType": "Unsafe pedestrian or tramway crossing", "greatestDangerTo": "Pedestrians", "layer": "DangerousLocations_hki", "status": "active_hazard"}, "geometry": {"type": "Point", "coordinates": [24.84628700030454, 60.23287499842317]}}, {"type": "Feature", "properties": {"submitted": true, "locationType": "Some other issue", "greatestDangerTo": "Car drivers", "layer": "DangerousLocations_hki", "status": "active_hazard"}, "geometry": {"type": "Point", "coordinates": [24.91150299939603, 60.23865699607058]}}, {"type": "Feature", "properties": {"submitted": true, "locationType": "Pedestrian traffic lights that change too fast", "greatestDangerTo": "Pedestrians", "layer": "DangerousLocations_hki", "status": "active_hazard"}, "geometry": {"type": "Point", "coordinates": [24.93374300033935, 60.173580996888184]}}, {"type": "Feature", "properties": {"submitted": true, "locationType": "Unsafe pedestrian or tramway crossing", "greatestDangerTo": "Pedestrians", "layer": "DangerousLocations_hki", "status": "active_hazard"}, "geometry": {"type": "Point", "coordinates": [24.859516999684082, 60.24161499623756]}}, {"type": "Feature", "properties": {"submitted": true, "locationType": "Unsafe pedestrian or tramway crossing", "greatestDangerTo": "Pedestrians", "layer": "DangerousLocations_hki", "status": "active_hazard"}, "geometry": {"type": "Point", "coordinates": [24.928503999280526, 60.17481499721983]}}, {"type": "Feature", "properties": {"submitted": true, "locationType": "Issue regarding the condition of the road or its maintenance", "greatestDangerTo": "Pedestrians", "layer": "DangerousLocations_hki", "status": "active_hazard"}, "geometry": {"type": "Point", "coordinates": [24.935599999310753, 60.18748499679246]}}, {"type": "Feature", "properties": {"submitted": true, "locationType": "A poorly placed public transport stop", "greatestDangerTo": "Public transport users", "layer": "DangerousLocations_hki", "status": "active_hazard"}, "geometry": {"type": "Point", "coordinates": [24.92783599900568, 60.19818900349049]}}, {"type": "Feature", "properties": {"submitted": true, "locationType": "A dangerous or difficult intersection", "greatestDangerTo": "Pedestrians", "layer": "DangerousLocations_hki", "status": "active_hazard"}, "geometry": {"type": "Point", "coordinates": [24.917983999865953, 60.20154300378541]}}, {"type": "Feature", "properties": {"submitted": true, "locationType": "A dangerous or difficult intersection", "greatestDangerTo": "Car drivers", "layer": "DangerousLocations_hki", "status": "active_hazard"}, "geometry": {"type": "Point", "coordinates": [24.91658500065177, 60.21735500371687]}}, {"type": "Feature", "properties": {"submitted": true, "locationType": "A dangerous or difficult intersection", "greatestDangerTo": "Cyclists (incl. e-bikes)", "layer": "DangerousLocations_hki", "status": "active_hazard"}, "geometry": {"type": "Point", "coordinates": [24.937331000098148, 60.185218000860154]}}, {"type": "Feature", "properties": {"submitted": true, "locationType": "Issue regarding the condition of the road or its maintenance", "greatestDangerTo": "Pedestrians", "layer": "DangerousLocations_hki", "status": "active_hazard"}, "geometry": {"type": "Point", "coordinates": [24.94059400019103, 60.17818600136322]}}, {"type": "Feature", "properties": {"submitted": true, "locationType": "A dangerous or difficult intersection", "greatestDangerTo": "Cyclists (incl. e-bikes)", "layer": "DangerousLocations_hki", "status": "active_hazard"}, "geometry": {"type": "Point", "coordinates": [24.913089999429754, 60.19113899705885]}}, {"type": "Feature", "properties": {"submitted": true, "locationType": "Issue regarding quality of the route or its continuity", "greatestDangerTo": "Cyclists (incl. e-bikes)", "layer": "DangerousLocations_hki", "status": "active_hazard"}, "geometry": {"type": "Point", "coordinates": [24.933349000775248, 60.19297100114002]}}, {"type": "Feature", "properties": {"submitted": true, "locationType": "A poorly placed public transport stop", "greatestDangerTo": "Cyclists (incl. e-bikes)", "layer": "DangerousLocations_hki", "status": "active_hazard"}, "geometry": {"type": "Point", "coordinates": [24.910864000838046, 60.19064499622169]}}, {"type": "Feature", "properties": {"submitted": false, "locationType": "Unsafe pedestrian or tramway crossing", "greatestDangerTo": "Pedestrians", "layer": "DangerousLocations_hki", "status": "active_hazard"}, "geometry": {"type": "Point", "coordinates": [24.94096499914858, 60.15810800267357]}}, {"type": "Feature", "properties": {"submitted": true, "locationType": "Some other issue", "greatestDangerTo": "Cyclists (incl. e-bikes)", "layer": "DangerousLocations_hki", "status": "active_hazard"}, "geometry": {"type": "Point", "coordinates": [25.030000999214828, 60.19487300320683]}}, {"type": "Feature", "properties": {"submitted": true, "locationType": "A dangerous or difficult intersection", "greatestDangerTo": "Pedestrians", "layer": "DangerousLocations_hki", "status": "active_hazard"}, "geometry": {"type": "Point", "coordinates": [25.035953999654392, 60.193321000415466]}}, {"type": "Feature", "properties": {"submitted": true, "locationType": "A dangerous or difficult intersection", "greatestDangerTo": "Cyclists (incl. e-bikes)", "layer": "DangerousLocations_hki", "status": "active_hazard"}, "geometry": {"type": "Point", "coordinates": [25.054334999046386, 60.2076100034666]}}, {"type": "Feature", "properties": {"submitted": true, "locationType": "A dangerous or difficult intersection", "greatestDangerTo": "Cyclists (incl. e-bikes)", "layer": "DangerousLocations_hki", "status": "active_hazard"}, "geometry": {"type": "Point", "coordinates": [25.076318999081227, 60.20439400428971]}}, {"type": "Feature", "properties": {"submitted": true, "locationType": "A dangerous or difficult intersection", "greatestDangerTo": "Pedestrians", "layer": "DangerousLocations_hki", "status": "active_hazard"}, "geometry": {"type": "Point", "coordinates": [25.055275000133875, 60.19773399663841]}}, {"type": "Feature", "properties": {"submitted": true, "locationType": "Unsafe pedestrian or tramway crossing", "greatestDangerTo": "Cyclists (incl. e-bikes)", "layer": "DangerousLocations_hki", "status": "active_hazard"}, "geometry": {"type": "Point", "coordinates": [24.891049000287584, 60.2481120040233]}}, {"type": "Feature", "properties": {"submitted": true, "locationType": "Some other issue", "greatestDangerTo": "Cyclists (incl. e-bikes)", "layer": "DangerousLocations_hki", "status": "active_hazard"}, "geometry": {"type": "Point", "coordinates": [24.959325000643144, 60.18388199878788]}}, {"type": "Feature", "properties": {"submitted": true, "locationType": "A poorly placed public transport stop", "greatestDangerTo": "Cyclists (incl. e-bikes)", "layer": "DangerousLocations_hki", "status": "active_hazard"}, "geometry": {"type": "Point", "coordinates": [24.96390300027688, 60.18859699741026]}}, {"type": "Feature", "properties": {"submitted": true, "locationType": "Unsafe pedestrian or tramway crossing", "greatestDangerTo": "Persons using mobility aids (such as a wheelchair or walker)", "layer": "DangerousLocations_hki", "status": "active_hazard"}, "geometry": {"type": "Point", "coordinates": [24.958680999875625, 60.19351400169602]}}, {"type": "Feature", "properties": {"submitted": true, "locationType": "Unsafe pedestrian or tramway crossing", "greatestDangerTo": "Pedestrians", "layer": "DangerousLocations_hki", "status": "active_hazard"}, "geometry": {"type": "Point", "coordinates": [24.9891719999155, 60.27060099607007]}}, {"type": "Feature", "properties": {"submitted": true, "locationType": "Unsafe pedestrian or tramway crossing", "greatestDangerTo": "Pedestrians", "layer": "DangerousLocations_hki", "status": "active_hazard"}, "geometry": {"type": "Point", "coordinates": [24.946156000530905, 60.163729000341796]}}, {"type": "Feature", "properties": {"submitted": true, "locationType": "Unsafe pedestrian or tramway crossing", "greatestDangerTo": "Pedestrians", "layer": "DangerousLocations_hki", "status": "active_hazard"}, "geometry": {"type": "Point", "coordinates": [24.99719600105367, 60.230020996441404]}}, {"type": "Feature", "properties": {"submitted": true, "locationType": "Unsafe pedestrian or tramway crossing", "greatestDangerTo": "Pedestrians", "layer": "DangerousLocations_hki", "status": "active_hazard"}, "geometry": {"type": "Point", "coordinates": [24.998802999672765, 60.23047799555501]}}, {"type": "Feature", "properties": {"submitted": true, "locationType": "A dangerous or difficult intersection", "greatestDangerTo": "Pedestrians", "layer": "DangerousLocations_hki", "status": "active_hazard"}, "geometry": {"type": "Point", "coordinates": [24.892251999834055, 60.16129500321168]}}, {"type": "Feature", "properties": {"submitted": true, "locationType": "Unsafe pedestrian or tramway crossing", "greatestDangerTo": "Pedestrians", "layer": "DangerousLocations_hki", "status": "active_hazard"}, "geometry": {"type": "Point", "coordinates": [24.880245999527556, 60.16034600309617]}}, {"type": "Feature", "properties": {"submitted": true, "locationType": "Unsafe pedestrian or tramway crossing", "greatestDangerTo": "Pedestrians", "layer": "DangerousLocations_hki", "status": "active_hazard"}, "geometry": {"type": "Point", "coordinates": [24.872943999665864, 60.15814899930076]}}, {"type": "Feature", "properties": {"submitted": true, "locationType": "Unsafe pedestrian or tramway crossing", "greatestDangerTo": "Pedestrians", "layer": "DangerousLocations_hki", "status": "active_hazard"}, "geometry": {"type": "Point", "coordinates": [24.88200000063372, 60.148702000959425]}}, {"type": "Feature", "properties": {"submitted": true, "locationType": "Unsafe pedestrian or tramway crossing", "greatestDangerTo": "Pedestrians", "layer": "DangerousLocations_hki", "status": "active_hazard"}, "geometry": {"type": "Point", "coordinates": [25.082918999350543, 60.21325300354551]}}, {"type": "Feature", "properties": {"submitted": true, "locationType": null, "greatestDangerTo": null, "layer": "DangerousLocations_hki", "status": "active_hazard"}, "geometry": {"type": "Point", "coordinates": [25.1353520001577, 60.20648400184548]}}, {"type": "Feature", "properties": {"submitted": true, "locationType": "Unsafe pedestrian or tramway crossing", "greatestDangerTo": "Users of e-scooters or other light electric vehicles", "layer": "DangerousLocations_hki", "status": "active_hazard"}, "geometry": {"type": "Point", "coordinates": [25.14417700008252, 60.20747900079628]}}, {"type": "Feature", "properties": {"submitted": true, "locationType": "A dangerous or difficult intersection", "greatestDangerTo": "Car drivers", "layer": "DangerousLocations_hki", "status": "active_hazard"}, "geometry": {"type": "Point", "coordinates": [24.994402000567078, 60.186114002803414]}}, {"type": "Feature", "properties": {"submitted": true, "locationType": "Unsafe pedestrian or tramway crossing", "greatestDangerTo": "Cyclists (incl. e-bikes)", "layer": "DangerousLocations_hki", "status": "active_hazard"}, "geometry": {"type": "Point", "coordinates": [24.976485999638363, 60.216836001111304]}}, {"type": "Feature", "properties": {"submitted": false, "locationType": "Unsafe pedestrian or tramway crossing", "greatestDangerTo": "Pedestrians", "layer": "DangerousLocations_hki", "status": "active_hazard"}, "geometry": {"type": "Point", "coordinates": [24.978602000489435, 60.18601799713934]}}, {"type": "Feature", "properties": {"submitted": false, "locationType": "Unclear signage", "greatestDangerTo": "Pedestrians", "layer": "DangerousLocations_hki", "status": "active_hazard"}, "geometry": {"type": "Point", "coordinates": [24.976580999918895, 60.18485899582626]}}, {"type": "Feature", "properties": {"submitted": false, "locationType": "Unclear signage", "greatestDangerTo": "Pedestrians", "layer": "DangerousLocations_hki", "status": "active_hazard"}, "geometry": {"type": "Point", "coordinates": [24.979366000501383, 60.18611700384246]}}, {"type": "Feature", "properties": {"submitted": false, "locationType": "Unsafe pedestrian or tramway crossing", "greatestDangerTo": "Pedestrians", "layer": "DangerousLocations_hki", "status": "active_hazard"}, "geometry": {"type": "Point", "coordinates": [24.952422999580484, 60.16739100008076]}}, {"type": "Feature", "properties": {"submitted": true, "locationType": "Some other issue", "greatestDangerTo": "Pedestrians", "layer": "DangerousLocations_hki", "status": "active_hazard"}, "geometry": {"type": "Point", "coordinates": [24.933027000200532, 60.20136400432434]}}, {"type": "Feature", "properties": {"submitted": true, "locationType": "Unsafe pedestrian or tramway crossing", "greatestDangerTo": "Pedestrians", "layer": "DangerousLocations_hki", "status": "active_hazard"}, "geometry": {"type": "Point", "coordinates": [24.964629999229114, 60.190399003706766]}}, {"type": "Feature", "properties": {"submitted": true, "locationType": "Unsafe pedestrian or tramway crossing", "greatestDangerTo": "Pedestrians", "layer": "DangerousLocations_hki", "status": "active_hazard"}, "geometry": {"type": "Point", "coordinates": [24.982533000634408, 60.24476399859717]}}, {"type": "Feature", "properties": {"submitted": false, "locationType": "Issue regarding quality of the route or its continuity", "greatestDangerTo": null, "layer": "DangerousLocations_hki", "status": "active_hazard"}, "geometry": {"type": "Point", "coordinates": [24.874855000298947, 60.155948996239474]}}, {"type": "Feature", "properties": {"submitted": true, "locationType": "Unclear signage", "greatestDangerTo": "Car drivers", "layer": "DangerousLocations_hki", "status": "active_hazard"}, "geometry": {"type": "Point", "coordinates": [25.039468000155438, 60.192372000871394]}}, {"type": "Feature", "properties": {"submitted": true, "locationType": "A dangerous or difficult intersection", "greatestDangerTo": "Car drivers", "layer": "DangerousLocations_hki", "status": "active_hazard"}, "geometry": {"type": "Point", "coordinates": [24.97682599974498, 60.18335599616688]}}, {"type": "Feature", "properties": {"submitted": true, "locationType": "A dangerous or difficult intersection", "greatestDangerTo": "Cyclists (incl. e-bikes)", "layer": "DangerousLocations_hki", "status": "active_hazard"}, "geometry": {"type": "Point", "coordinates": [24.974614000142925, 60.184145999481395]}}, {"type": "Feature", "properties": {"submitted": true, "locationType": "A dangerous location related to parking", "greatestDangerTo": "Cyclists (incl. e-bikes)", "layer": "DangerousLocations_hki", "status": "active_hazard"}, "geometry": {"type": "Point", "coordinates": [24.980724999466723, 60.18773100100398]}}, {"type": "Feature", "properties": {"submitted": true, "locationType": "Unsafe pedestrian or tramway crossing", "greatestDangerTo": "Pedestrians", "layer": "DangerousLocations_hki", "status": "active_hazard"}, "geometry": {"type": "Point", "coordinates": [24.94506100058109, 60.19117100007366]}}, {"type": "Feature", "properties": {"submitted": true, "locationType": "Unclear signage", "greatestDangerTo": "Pedestrians", "layer": "DangerousLocations_hki", "status": "active_hazard"}, "geometry": {"type": "Point", "coordinates": [24.944127999461845, 60.19272299844736]}}, {"type": "Feature", "properties": {"submitted": true, "locationType": "Unsafe pedestrian or tramway crossing", "greatestDangerTo": "Pedestrians", "layer": "DangerousLocations_hki", "status": "active_hazard"}, "geometry": {"type": "Point", "coordinates": [24.966259000374055, 60.20307000103541]}}, {"type": "Feature", "properties": {"submitted": true, "locationType": "A dangerous or difficult intersection", "greatestDangerTo": "Car drivers", "layer": "DangerousLocations_hki", "status": "active_hazard"}, "geometry": {"type": "Point", "coordinates": [24.897716999441172, 60.22452199738944]}}, {"type": "Feature", "properties": {"submitted": true, "locationType": "Some other issue", "greatestDangerTo": "Pedestrians", "layer": "DangerousLocations_hki", "status": "active_hazard"}, "geometry": {"type": "Point", "coordinates": [24.928537000638396, 60.1975150030779]}}, {"type": "Feature", "properties": {"submitted": true, "locationType": "Unsafe pedestrian or tramway crossing", "greatestDangerTo": "Pedestrians", "layer": "DangerousLocations_hki", "status": "active_hazard"}, "geometry": {"type": "Point", "coordinates": [24.918538999753814, 60.20488000108787]}}, {"type": "Feature", "properties": {"submitted": true, "locationType": "A dangerous or difficult intersection", "greatestDangerTo": "Pedestrians", "layer": "DangerousLocations_hki", "status": "active_hazard"}, "geometry": {"type": "Point", "coordinates": [24.933342000998827, 60.20108199562072]}}, {"type": "Feature", "properties": {"submitted": true, "locationType": "Issue regarding quality of the route or its continuity", "greatestDangerTo": "Cyclists (incl. e-bikes)", "layer": "DangerousLocations_hki", "status": "active_hazard"}, "geometry": {"type": "Point", "coordinates": [24.918571000335263, 60.20395200002115]}}, {"type": "Feature", "properties": {"submitted": true, "locationType": "A dangerous location related to construction site arrangements", "greatestDangerTo": "Cyclists (incl. e-bikes)", "layer": "DangerousLocations_hki", "status": "active_hazard"}, "geometry": {"type": "Point", "coordinates": [24.918169999426166, 60.20408999994028]}}, {"type": "Feature", "properties": {"submitted": true, "locationType": "Issue regarding quality of the route or its continuity", "greatestDangerTo": "Cyclists (incl. e-bikes)", "layer": "DangerousLocations_hki", "status": "active_hazard"}, "geometry": {"type": "Point", "coordinates": [24.91917299941663, 60.20554100205969]}}, {"type": "Feature", "properties": {"submitted": true, "locationType": "Some other issue", "greatestDangerTo": "Cyclists (incl. e-bikes)", "layer": "DangerousLocations_hki", "status": "active_hazard"}, "geometry": {"type": "Point", "coordinates": [24.935588999710966, 60.16367399790723]}}, {"type": "Feature", "properties": {"submitted": true, "locationType": "Unclear signage", "greatestDangerTo": "Car drivers", "layer": "DangerousLocations_hki", "status": "active_hazard"}, "geometry": {"type": "Point", "coordinates": [24.946721999079084, 60.171196004014845]}}, {"type": "Feature", "properties": {"submitted": true, "locationType": "A dangerous or difficult intersection", "greatestDangerTo": null, "layer": "DangerousLocations_hki", "status": "active_hazard"}, "geometry": {"type": "Point", "coordinates": [25.026094000315915, 60.16693500020958]}}, {"type": "Feature", "properties": {"submitted": true, "locationType": null, "greatestDangerTo": null, "layer": "DangerousLocations_hki", "status": "active_hazard"}, "geometry": {"type": "Point", "coordinates": [25.026241000427603, 60.16373600396418]}}, {"type": "Feature", "properties": {"submitted": true, "locationType": "A dangerous or difficult intersection", "greatestDangerTo": "Pedestrians", "layer": "DangerousLocations_hki", "status": "active_hazard"}, "geometry": {"type": "Point", "coordinates": [25.050626999518393, 60.17819800163774]}}, {"type": "Feature", "properties": {"submitted": true, "locationType": "Unsafe pedestrian or tramway crossing", "greatestDangerTo": "Pedestrians", "layer": "DangerousLocations_hki", "status": "active_hazard"}, "geometry": {"type": "Point", "coordinates": [24.84422499993994, 60.25547799880683]}}, {"type": "Feature", "properties": {"submitted": false, "locationType": "Unsafe pedestrian or tramway crossing", "greatestDangerTo": "Car drivers", "layer": "DangerousLocations_hki", "status": "active_hazard"}, "geometry": {"type": "Point", "coordinates": [24.923489000994433, 60.18173899634387]}}, {"type": "Feature", "properties": {"submitted": true, "locationType": "A dangerous or difficult intersection", "greatestDangerTo": "Car drivers", "layer": "DangerousLocations_hki", "status": "active_hazard"}, "geometry": {"type": "Point", "coordinates": [24.91135300044703, 60.15697399843819]}}, {"type": "Feature", "properties": {"submitted": true, "locationType": "A dangerous or difficult intersection", "greatestDangerTo": "Car drivers", "layer": "DangerousLocations_hki", "status": "active_hazard"}, "geometry": {"type": "Point", "coordinates": [24.95764399920804, 60.17919900065412]}}, {"type": "Feature", "properties": {"submitted": true, "locationType": "A dangerous or difficult intersection", "greatestDangerTo": "Car drivers", "layer": "DangerousLocations_hki", "status": "active_hazard"}, "geometry": {"type": "Point", "coordinates": [24.900110998962667, 60.23537000428722]}}, {"type": "Feature", "properties": {"submitted": true, "locationType": "A dangerous or difficult intersection", "greatestDangerTo": "Car drivers", "layer": "DangerousLocations_hki", "status": "active_hazard"}, "geometry": {"type": "Point", "coordinates": [24.89595000077335, 60.234711995843654]}}, {"type": "Feature", "properties": {"submitted": true, "locationType": "A dangerous or difficult intersection", "greatestDangerTo": "Car drivers", "layer": "DangerousLocations_hki", "status": "active_hazard"}, "geometry": {"type": "Point", "coordinates": [24.816020999746865, 60.212045001259945]}}, {"type": "Feature", "properties": {"submitted": true, "locationType": "Some other issue", "greatestDangerTo": "Users of e-scooters or other light electric vehicles", "layer": "DangerousLocations_hki", "status": "active_hazard"}, "geometry": {"type": "Point", "coordinates": [24.954524999792756, 60.16782300243982]}}, {"type": "Feature", "properties": {"submitted": true, "locationType": "Some other issue", "greatestDangerTo": "Cyclists (incl. e-bikes)", "layer": "DangerousLocations_hki", "status": "active_hazard"}, "geometry": {"type": "Point", "coordinates": [24.926598999419607, 60.16945299557577]}}, {"type": "Feature", "properties": {"submitted": true, "locationType": "Unsafe pedestrian or tramway crossing", "greatestDangerTo": "Cyclists (incl. e-bikes)", "layer": "DangerousLocations_hki", "status": "active_hazard"}, "geometry": {"type": "Point", "coordinates": [24.937334000060922, 60.195590999282395]}}, {"type": "Feature", "properties": {"submitted": true, "locationType": "Pedestrian traffic lights that change too fast", "greatestDangerTo": "Pedestrians", "layer": "DangerousLocations_hki", "status": "active_hazard"}, "geometry": {"type": "Point", "coordinates": [24.9128540006197, 60.16459700222731]}}, {"type": "Feature", "properties": {"submitted": true, "locationType": "Some other issue", "greatestDangerTo": "Pedestrians", "layer": "DangerousLocations_hki", "status": "active_hazard"}, "geometry": {"type": "Point", "coordinates": [25.029075000774906, 60.27273999753137]}}, {"type": "Feature", "properties": {"submitted": true, "locationType": "Some other issue", "greatestDangerTo": "Pedestrians", "layer": "DangerousLocations_hki", "status": "active_hazard"}, "geometry": {"type": "Point", "coordinates": [25.02870699989511, 60.273881995726335]}}, {"type": "Feature", "properties": {"submitted": true, "locationType": "A dangerous location related to construction site arrangements", "greatestDangerTo": "Pedestrians", "layer": "DangerousLocations_hki", "status": "active_hazard"}, "geometry": {"type": "Point", "coordinates": [25.02963999919355, 60.27478599934938]}}, {"type": "Feature", "properties": {"submitted": true, "locationType": "Unclear signage", "greatestDangerTo": "Pedestrians", "layer": "DangerousLocations_hki", "status": "active_hazard"}, "geometry": {"type": "Point", "coordinates": [24.953874999320583, 60.167801998955525]}}, {"type": "Feature", "properties": {"submitted": true, "locationType": "Issue regarding quality of the route or its continuity", "greatestDangerTo": "Pedestrians", "layer": "DangerousLocations_hki", "status": "active_hazard"}, "geometry": {"type": "Point", "coordinates": [24.937622000604353, 60.17076100074956]}}, {"type": "Feature", "properties": {"submitted": true, "locationType": "A dangerous location related to construction site arrangements", "greatestDangerTo": "Cyclists (incl. e-bikes)", "layer": "DangerousLocations_hki", "status": "active_hazard"}, "geometry": {"type": "Point", "coordinates": [25.019353999417277, 60.169086003756064]}}, {"type": "Feature", "properties": {"submitted": true, "locationType": "Unclear signage", "greatestDangerTo": "Cyclists (incl. e-bikes)", "layer": "DangerousLocations_hki", "status": "active_hazard"}, "geometry": {"type": "Point", "coordinates": [25.01350900036185, 60.18968099882944]}}, {"type": "Feature", "properties": {"submitted": true, "locationType": "Unsafe pedestrian or tramway crossing", "greatestDangerTo": "Pedestrians", "layer": "DangerousLocations_hki", "status": "active_hazard"}, "geometry": {"type": "Point", "coordinates": [24.846541999256985, 60.232671003296616]}}, {"type": "Feature", "properties": {"submitted": true, "locationType": "A dangerous or difficult intersection", "greatestDangerTo": "Pedestrians", "layer": "DangerousLocations_hki", "status": "active_hazard"}, "geometry": {"type": "Point", "coordinates": [24.84642099983316, 60.23282999944001]}}, {"type": "Feature", "properties": {"submitted": true, "locationType": "Unsafe pedestrian or tramway crossing", "greatestDangerTo": "Pedestrians", "layer": "DangerousLocations_hki", "status": "active_hazard"}, "geometry": {"type": "Point", "coordinates": [25.030121999621368, 60.19456300217339]}}, {"type": "Feature", "properties": {"submitted": true, "locationType": "A poorly placed public transport stop", "greatestDangerTo": "Public transport users", "layer": "DangerousLocations_hki", "status": "active_hazard"}, "geometry": {"type": "Point", "coordinates": [24.963630998972327, 60.18953400232893]}}, {"type": "Feature", "properties": {"submitted": true, "locationType": "Unsafe pedestrian or tramway crossing", "greatestDangerTo": "Pedestrians", "layer": "DangerousLocations_hki", "status": "active_hazard"}, "geometry": {"type": "Point", "coordinates": [24.966980000103653, 60.192802999434]}}, {"type": "Feature", "properties": {"submitted": true, "locationType": "Unsafe pedestrian or tramway crossing", "greatestDangerTo": "Pedestrians", "layer": "DangerousLocations_hki", "status": "active_hazard"}, "geometry": {"type": "Point", "coordinates": [24.96647099900763, 60.19250600326504]}}, {"type": "Feature", "properties": {"submitted": true, "locationType": "Unsafe pedestrian or tramway crossing", "greatestDangerTo": "Pedestrians", "layer": "DangerousLocations_hki", "status": "active_hazard"}, "geometry": {"type": "Point", "coordinates": [24.967904000324314, 60.19210300175412]}}, {"type": "Feature", "properties": {"submitted": true, "locationType": "A dangerous location related to parking", "greatestDangerTo": "Pedestrians", "layer": "DangerousLocations_hki", "status": "active_hazard"}, "geometry": {"type": "Point", "coordinates": [24.967298999255256, 60.19228200360755]}}, {"type": "Feature", "properties": {"submitted": true, "locationType": "A dangerous or difficult intersection", "greatestDangerTo": "Pedestrians", "layer": "DangerousLocations_hki", "status": "active_hazard"}, "geometry": {"type": "Point", "coordinates": [24.886271000778383, 60.14978299945569]}}, {"type": "Feature", "properties": {"submitted": true, "locationType": "Unsafe pedestrian or tramway crossing", "greatestDangerTo": "Car drivers", "layer": "DangerousLocations_hki", "status": "active_hazard"}, "geometry": {"type": "Point", "coordinates": [24.979632999878184, 60.18276699727013]}}, {"type": "Feature", "properties": {"submitted": true, "locationType": "Some other issue", "greatestDangerTo": "Car drivers", "layer": "DangerousLocations_hki", "status": "active_hazard"}, "geometry": {"type": "Point", "coordinates": [24.97909300012398, 60.18293499699131]}}, {"type": "Feature", "properties": {"submitted": true, "locationType": "A poorly placed public transport stop", "greatestDangerTo": "Pedestrians", "layer": "DangerousLocations_hki", "status": "active_hazard"}, "geometry": {"type": "Point", "coordinates": [24.955216999527558, 60.18180900109768]}}, {"type": "Feature", "properties": {"submitted": true, "locationType": "Unsafe pedestrian or tramway crossing", "greatestDangerTo": "Pedestrians", "layer": "DangerousLocations_hki", "status": "active_hazard"}, "geometry": {"type": "Point", "coordinates": [24.954591000419974, 60.181569000264844]}}, {"type": "Feature", "properties": {"submitted": true, "locationType": "Some other issue", "greatestDangerTo": "Pedestrians", "layer": "DangerousLocations_hki", "status": "active_hazard"}, "geometry": {"type": "Point", "coordinates": [24.946456999484205, 60.19246600049623]}}, {"type": "Feature", "properties": {"submitted": true, "locationType": "Unsafe pedestrian or tramway crossing", "greatestDangerTo": "Pedestrians", "layer": "DangerousLocations_hki", "status": "active_hazard"}, "geometry": {"type": "Point", "coordinates": [24.886447000458425, 60.1496210039703]}}, {"type": "Feature", "properties": {"submitted": true, "locationType": "A dangerous or difficult intersection", "greatestDangerTo": "Persons using mobility aids (such as a wheelchair or walker)", "layer": "DangerousLocations_hki", "status": "active_hazard"}, "geometry": {"type": "Point", "coordinates": [24.913016000309014, 60.1911770025696]}}, {"type": "Feature", "properties": {"submitted": true, "locationType": "Unclear signage", "greatestDangerTo": "Pedestrians", "layer": "DangerousLocations_hki", "status": "active_hazard"}, "geometry": {"type": "Point", "coordinates": [24.851267999429833, 60.24680399672452]}}, {"type": "Feature", "properties": {"submitted": true, "locationType": "Pedestrian traffic lights that change too fast", "greatestDangerTo": "Pedestrians", "layer": "DangerousLocations_hki", "status": "active_hazard"}, "geometry": {"type": "Point", "coordinates": [24.84573200078579, 60.24369299741433]}}, {"type": "Feature", "properties": {"submitted": true, "locationType": "Unsafe pedestrian or tramway crossing", "greatestDangerTo": "Pedestrians", "layer": "DangerousLocations_hki", "status": "active_hazard"}, "geometry": {"type": "Point", "coordinates": [24.94881100060429, 60.19780099894748]}}, {"type": "Feature", "properties": {"submitted": true, "locationType": "Some other issue", "greatestDangerTo": "Pedestrians", "layer": "DangerousLocations_hki", "status": "active_hazard"}, "geometry": {"type": "Point", "coordinates": [24.970742999070634, 60.19637400445336]}}, {"type": "Feature", "properties": {"submitted": true, "locationType": "Some other issue", "greatestDangerTo": "Pedestrians", "layer": "DangerousLocations_hki", "status": "active_hazard"}, "geometry": {"type": "Point", "coordinates": [24.978707000342787, 60.18597399766321]}}, {"type": "Feature", "properties": {"submitted": true, "locationType": "Unsafe pedestrian or tramway crossing", "greatestDangerTo": "Persons using mobility aids (such as a wheelchair or walker)", "layer": "DangerousLocations_hki", "status": "active_hazard"}, "geometry": {"type": "Point", "coordinates": [24.964591000104566, 60.19039899767553]}}, {"type": "Feature", "properties": {"submitted": true, "locationType": "Unsafe pedestrian or tramway crossing", "greatestDangerTo": "Persons using mobility aids (such as a wheelchair or walker)", "layer": "DangerousLocations_hki", "status": "active_hazard"}, "geometry": {"type": "Point", "coordinates": [24.96467099998122, 60.19194899623727]}}, {"type": "Feature", "properties": {"submitted": true, "locationType": "A dangerous or difficult intersection", "greatestDangerTo": "Public transport users", "layer": "DangerousLocations_hki", "status": "active_hazard"}, "geometry": {"type": "Point", "coordinates": [24.859667000761483, 60.16246599996665]}}, {"type": "Feature", "properties": {"submitted": true, "locationType": "A poorly placed public transport stop", "greatestDangerTo": "Car drivers", "layer": "DangerousLocations_hki", "status": "active_hazard"}, "geometry": {"type": "Point", "coordinates": [25.005109999730468, 60.23413700412756]}}, {"type": "Feature", "properties": {"submitted": true, "locationType": "A dangerous or difficult intersection", "greatestDangerTo": "Cyclists (incl. e-bikes)", "layer": "DangerousLocations_hki", "status": "active_hazard"}, "geometry": {"type": "Point", "coordinates": [24.860676000575122, 60.15952199788907]}}, {"type": "Feature", "properties": {"submitted": true, "locationType": "Unsafe pedestrian or tramway crossing", "greatestDangerTo": "Pedestrians", "layer": "DangerousLocations_hki", "status": "active_hazard"}, "geometry": {"type": "Point", "coordinates": [24.906007000609712, 60.19118200041906]}}, {"type": "Feature", "properties": {"submitted": true, "locationType": "A dangerous location related to construction site arrangements", "greatestDangerTo": "Pedestrians", "layer": "DangerousLocations_hki", "status": "active_hazard"}, "geometry": {"type": "Point", "coordinates": [24.949928999185996, 60.17701600274598]}}, {"type": "Feature", "properties": {"submitted": true, "locationType": "Some other issue", "greatestDangerTo": "Cyclists (incl. e-bikes)", "layer": "DangerousLocations_hki", "status": "active_hazard"}, "geometry": {"type": "Point", "coordinates": [24.941692000257316, 60.176847998521055]}}, {"type": "Feature", "properties": {"submitted": true, "locationType": "Unsafe pedestrian or tramway crossing", "greatestDangerTo": "Pedestrians", "layer": "DangerousLocations_hki", "status": "active_hazard"}, "geometry": {"type": "Point", "coordinates": [24.960095000316063, 60.18455299707208]}}, {"type": "Feature", "properties": {"submitted": true, "locationType": "A dangerous location related to parking", "greatestDangerTo": "Pedestrians", "layer": "DangerousLocations_hki", "status": "active_hazard"}, "geometry": {"type": "Point", "coordinates": [24.953290999017213, 60.187380001976706]}}, {"type": "Feature", "properties": {"submitted": true, "locationType": "Unsafe pedestrian or tramway crossing", "greatestDangerTo": "Pedestrians", "layer": "DangerousLocations_hki", "status": "active_hazard"}, "geometry": {"type": "Point", "coordinates": [24.951687999471506, 60.18761300233159]}}, {"type": "Feature", "properties": {"submitted": true, "locationType": "A dangerous location related to construction site arrangements", "greatestDangerTo": "Pedestrians", "layer": "DangerousLocations_hki", "status": "active_hazard"}, "geometry": {"type": "Point", "coordinates": [24.95325099908255, 60.18198500400929]}}, {"type": "Feature", "properties": {"submitted": true, "locationType": "A dangerous location related to parking", "greatestDangerTo": "Pedestrians", "layer": "DangerousLocations_hki", "status": "active_hazard"}, "geometry": {"type": "Point", "coordinates": [24.952958999648324, 60.18818700074705]}}, {"type": "Feature", "properties": {"submitted": true, "locationType": "Pedestrian traffic lights that change too fast", "greatestDangerTo": "Pedestrians", "layer": "DangerousLocations_hki", "status": "active_hazard"}, "geometry": {"type": "Point", "coordinates": [24.950207000381067, 60.17591399950078]}}, {"type": "Feature", "properties": {"submitted": true, "locationType": "Some other issue", "greatestDangerTo": "Car drivers", "layer": "DangerousLocations_hki", "status": "active_hazard"}, "geometry": {"type": "Point", "coordinates": [24.976656999860307, 60.189238999513506]}}, {"type": "Feature", "properties": {"submitted": true, "locationType": "Some other issue", "greatestDangerTo": "Pedestrians", "layer": "DangerousLocations_hki", "status": "active_hazard"}, "geometry": {"type": "Point", "coordinates": [24.888949000450076, 60.236172996582916]}}, {"type": "Feature", "properties": {"submitted": true, "locationType": "Pedestrian traffic lights that change too fast", "greatestDangerTo": "Pedestrians", "layer": "DangerousLocations_hki", "status": "active_hazard"}, "geometry": {"type": "Point", "coordinates": [24.877015999131572, 60.15231500250062]}}, {"type": "Feature", "properties": {"submitted": true, "locationType": "Some other issue", "greatestDangerTo": "Cyclists (incl. e-bikes)", "layer": "DangerousLocations_hki", "status": "active_hazard"}, "geometry": {"type": "Point", "coordinates": [25.049486999324415, 60.18240799944885]}}, {"type": "Feature", "properties": {"submitted": true, "locationType": "Unsafe pedestrian or tramway crossing", "greatestDangerTo": "Pedestrians", "layer": "DangerousLocations_hki", "status": "active_hazard"}, "geometry": {"type": "Point", "coordinates": [24.9389490000967, 60.172902999903805]}}, {"type": "Feature", "properties": {"submitted": false, "locationType": "Unsafe pedestrian or tramway crossing", "greatestDangerTo": "Pedestrians", "layer": "DangerousLocations_hki", "status": "active_hazard"}, "geometry": {"type": "Point", "coordinates": [24.944471999869616, 60.167453001243715]}}, {"type": "Feature", "properties": {"submitted": true, "locationType": "Unsafe pedestrian or tramway crossing", "greatestDangerTo": "Pedestrians", "layer": "DangerousLocations_hki", "status": "active_hazard"}, "geometry": {"type": "Point", "coordinates": [24.859067998978066, 60.16354100276048]}}, {"type": "Feature", "properties": {"submitted": true, "locationType": null, "greatestDangerTo": null, "layer": "DangerousLocations_hki", "status": "active_hazard"}, "geometry": {"type": "Point", "coordinates": [24.859173999837985, 60.16306600326661]}}, {"type": "Feature", "properties": {"submitted": true, "locationType": "Issue regarding quality of the route or its continuity", "greatestDangerTo": "Cyclists (incl. e-bikes)", "layer": "DangerousLocations_hki", "status": "active_hazard"}, "geometry": {"type": "Point", "coordinates": [24.859222000174483, 60.163165996385715]}}, {"type": "Feature", "properties": {"submitted": true, "locationType": "Unsafe pedestrian or tramway crossing", "greatestDangerTo": "Cyclists (incl. e-bikes)", "layer": "DangerousLocations_hki", "status": "active_hazard"}, "geometry": {"type": "Point", "coordinates": [24.96810899943917, 60.186336997290056]}}, {"type": "Feature", "properties": {"submitted": true, "locationType": "Unsafe pedestrian or tramway crossing", "greatestDangerTo": "Pedestrians", "layer": "DangerousLocations_hki", "status": "active_hazard"}, "geometry": {"type": "Point", "coordinates": [24.96690100006455, 60.18682699950478]}}, {"type": "Feature", "properties": {"submitted": true, "locationType": "Unsafe pedestrian or tramway crossing", "greatestDangerTo": "Pedestrians", "layer": "DangerousLocations_hki", "status": "active_hazard"}, "geometry": {"type": "Point", "coordinates": [24.891994999751, 60.261423995550544]}}, {"type": "Feature", "properties": {"submitted": true, "locationType": "Some other issue", "greatestDangerTo": "Pedestrians", "layer": "DangerousLocations_hki", "status": "active_hazard"}, "geometry": {"type": "Point", "coordinates": [24.887711000955882, 60.26185799901078]}}, {"type": "Feature", "properties": {"submitted": true, "locationType": "Unsafe pedestrian or tramway crossing", "greatestDangerTo": "Pedestrians", "layer": "DangerousLocations_hki", "status": "active_hazard"}, "geometry": {"type": "Point", "coordinates": [24.895478000379445, 60.22578499685163]}}, {"type": "Feature", "properties": {"submitted": true, "locationType": "Some other issue", "greatestDangerTo": "Pedestrians", "layer": "DangerousLocations_hki", "status": "active_hazard"}, "geometry": {"type": "Point", "coordinates": [24.89858300056127, 60.22413799614488]}}, {"type": "Feature", "properties": {"submitted": true, "locationType": "Unsafe pedestrian or tramway crossing", "greatestDangerTo": "Pedestrians", "layer": "DangerousLocations_hki", "status": "active_hazard"}, "geometry": {"type": "Point", "coordinates": [24.97516200014348, 60.18995899568713]}}, {"type": "Feature", "properties": {"submitted": true, "locationType": "Unsafe pedestrian or tramway crossing", "greatestDangerTo": "Pedestrians", "layer": "DangerousLocations_hki", "status": "active_hazard"}, "geometry": {"type": "Point", "coordinates": [24.9771790002368, 60.187371002592414]}}, {"type": "Feature", "properties": {"submitted": true, "locationType": "Unsafe pedestrian or tramway crossing", "greatestDangerTo": "Cyclists (incl. e-bikes)", "layer": "DangerousLocations_hki", "status": "active_hazard"}, "geometry": {"type": "Point", "coordinates": [24.95264900063233, 60.21113099638393]}}, {"type": "Feature", "properties": {"submitted": true, "locationType": "Unsafe pedestrian or tramway crossing", "greatestDangerTo": "Pedestrians", "layer": "DangerousLocations_hki", "status": "active_hazard"}, "geometry": {"type": "Point", "coordinates": [24.954179000308105, 60.193224004176344]}}, {"type": "Feature", "properties": {"submitted": true, "locationType": "Unsafe pedestrian or tramway crossing", "greatestDangerTo": "Pedestrians", "layer": "DangerousLocations_hki", "status": "active_hazard"}, "geometry": {"type": "Point", "coordinates": [24.949485000241353, 60.19433300358392]}}, {"type": "Feature", "properties": {"submitted": true, "locationType": "A dangerous or difficult intersection", "greatestDangerTo": "Pedestrians", "layer": "DangerousLocations_hki", "status": "active_hazard"}, "geometry": {"type": "Point", "coordinates": [24.887202999487194, 60.261779998655946]}}, {"type": "Feature", "properties": {"submitted": true, "locationType": "Unclear signage", "greatestDangerTo": "Cyclists (incl. e-bikes)", "layer": "DangerousLocations_hki", "status": "active_hazard"}, "geometry": {"type": "Point", "coordinates": [24.884317000414068, 60.19653299949291]}}, {"type": "Feature", "properties": {"submitted": true, "locationType": "Unsafe pedestrian or tramway crossing", "greatestDangerTo": "Pedestrians", "layer": "DangerousLocations_hki", "status": "active_hazard"}, "geometry": {"type": "Point", "coordinates": [24.88346399947479, 60.199545998025926]}}, {"type": "Feature", "properties": {"submitted": true, "locationType": "Unsafe pedestrian or tramway crossing", "greatestDangerTo": "Pedestrians", "layer": "DangerousLocations_hki", "status": "active_hazard"}, "geometry": {"type": "Point", "coordinates": [24.88159999933586, 60.20243299979162]}}, {"type": "Feature", "properties": {"submitted": true, "locationType": "Unsafe pedestrian or tramway crossing", "greatestDangerTo": "Pedestrians", "layer": "DangerousLocations_hki", "status": "active_hazard"}, "geometry": {"type": "Point", "coordinates": [24.880882000565315, 60.203784998507494]}}, {"type": "Feature", "properties": {"submitted": true, "locationType": "A dangerous or difficult intersection", "greatestDangerTo": "Pedestrians", "layer": "DangerousLocations_hki", "status": "active_hazard"}, "geometry": {"type": "Point", "coordinates": [24.87633100010432, 60.20090300102413]}}, {"type": "Feature", "properties": {"submitted": true, "locationType": "A dangerous or difficult intersection", "greatestDangerTo": "Pedestrians", "layer": "DangerousLocations_hki", "status": "active_hazard"}, "geometry": {"type": "Point", "coordinates": [24.880422000874916, 60.19935799602195]}}, {"type": "Feature", "properties": {"submitted": true, "locationType": "Unsafe pedestrian or tramway crossing", "greatestDangerTo": "Car drivers", "layer": "DangerousLocations_hki", "status": "active_hazard"}, "geometry": {"type": "Point", "coordinates": [24.937339999530273, 60.1955310034601]}}, {"type": "Feature", "properties": {"submitted": true, "locationType": "A poorly placed public transport stop", "greatestDangerTo": "Pedestrians", "layer": "DangerousLocations_hki", "status": "active_hazard"}, "geometry": {"type": "Point", "coordinates": [24.84668800019186, 60.23262500424019]}}, {"type": "Feature", "properties": {"submitted": true, "locationType": "Unsafe pedestrian or tramway crossing", "greatestDangerTo": "Pedestrians", "layer": "DangerousLocations_hki", "status": "active_hazard"}, "geometry": {"type": "Point", "coordinates": [25.078884000630193, 60.2112930019019]}}, {"type": "Feature", "properties": {"submitted": true, "locationType": "Unsafe pedestrian or tramway crossing", "greatestDangerTo": "Car drivers", "layer": "DangerousLocations_hki", "status": "active_hazard"}, "geometry": {"type": "Point", "coordinates": [24.948361999442156, 60.209550996001525]}}, {"type": "Feature", "properties": {"submitted": true, "locationType": "Unsafe pedestrian or tramway crossing", "greatestDangerTo": "Car drivers", "layer": "DangerousLocations_hki", "status": "active_hazard"}, "geometry": {"type": "Point", "coordinates": [24.95432999952011, 60.21184699753537]}}, {"type": "Feature", "properties": {"submitted": true, "locationType": "Unsafe pedestrian or tramway crossing", "greatestDangerTo": "Car drivers", "layer": "DangerousLocations_hki", "status": "active_hazard"}, "geometry": {"type": "Point", "coordinates": [24.943297000014798, 60.21339300104264]}}, {"type": "Feature", "properties": {"submitted": true, "locationType": "Some other issue", "greatestDangerTo": "Persons using mobility aids (such as a wheelchair or walker)", "layer": "DangerousLocations_hki", "status": "active_hazard"}, "geometry": {"type": "Point", "coordinates": [24.949724999058176, 60.17885800341037]}}, {"type": "Feature", "properties": {"submitted": true, "locationType": "Some other issue", "greatestDangerTo": "Pedestrians", "layer": "DangerousLocations_hki", "status": "active_hazard"}, "geometry": {"type": "Point", "coordinates": [24.89482700076143, 60.19350299722411]}}, {"type": "Feature", "properties": {"submitted": true, "locationType": "A dangerous or difficult intersection", "greatestDangerTo": "Pedestrians", "layer": "DangerousLocations_hki", "status": "active_hazard"}, "geometry": {"type": "Point", "coordinates": [24.884844000505883, 60.19655599593074]}}, {"type": "Feature", "properties": {"submitted": true, "locationType": "Unclear signage", "greatestDangerTo": "Cyclists (incl. e-bikes)", "layer": "DangerousLocations_hki", "status": "active_hazard"}, "geometry": {"type": "Point", "coordinates": [25.01280400045287, 60.189732001537756]}}, {"type": "Feature", "properties": {"submitted": true, "locationType": "Unsafe pedestrian or tramway crossing", "greatestDangerTo": "Pedestrians", "layer": "DangerousLocations_hki", "status": "active_hazard"}, "geometry": {"type": "Point", "coordinates": [24.962073000580983, 60.19100299831716]}}, {"type": "Feature", "properties": {"submitted": true, "locationType": "Some other issue", "greatestDangerTo": "Pedestrians", "layer": "DangerousLocations_hki", "status": "active_hazard"}, "geometry": {"type": "Point", "coordinates": [25.06332399996376, 60.22709100230418]}}, {"type": "Feature", "properties": {"submitted": true, "locationType": "Unsafe pedestrian or tramway crossing", "greatestDangerTo": "Cyclists (incl. e-bikes)", "layer": "DangerousLocations_hki", "status": "active_hazard"}, "geometry": {"type": "Point", "coordinates": [25.075238000898814, 60.22476299766505]}}, {"type": "Feature", "properties": {"submitted": true, "locationType": "Some other issue", "greatestDangerTo": "Pedestrians", "layer": "DangerousLocations_hki", "status": "active_hazard"}, "geometry": {"type": "Point", "coordinates": [24.84125100039351, 60.18056800154741]}}, {"type": "Feature", "properties": {"submitted": true, "locationType": "Some other issue", "greatestDangerTo": "Pedestrians", "layer": "DangerousLocations_hki", "status": "active_hazard"}, "geometry": {"type": "Point", "coordinates": [24.875927998972596, 60.18880900398523]}}, {"type": "Feature", "properties": {"submitted": true, "locationType": "Issue regarding quality of the route or its continuity", "greatestDangerTo": "Cyclists (incl. e-bikes)", "layer": "DangerousLocations_hki", "status": "active_hazard"}, "geometry": {"type": "Point", "coordinates": [24.95799500017735, 60.168552003891186]}}, {"type": "Feature", "properties": {"submitted": true, "locationType": "Unsafe pedestrian or tramway crossing", "greatestDangerTo": "Pedestrians", "layer": "DangerousLocations_hki", "status": "active_hazard"}, "geometry": {"type": "Point", "coordinates": [24.94262399983361, 60.19184400106238]}}, {"type": "Feature", "properties": {"submitted": true, "locationType": "Unsafe pedestrian or tramway crossing", "greatestDangerTo": "Pedestrians", "layer": "DangerousLocations_hki", "status": "active_hazard"}, "geometry": {"type": "Point", "coordinates": [24.94153299940656, 60.19115100254949]}}, {"type": "Feature", "properties": {"submitted": true, "locationType": "Issue regarding quality of the route or its continuity", "greatestDangerTo": "Cyclists (incl. e-bikes)", "layer": "DangerousLocations_hki", "status": "active_hazard"}, "geometry": {"type": "Point", "coordinates": [24.928407000435833, 60.197503001761866]}}, {"type": "Feature", "properties": {"submitted": true, "locationType": "A dangerous or difficult intersection", "greatestDangerTo": "Cyclists (incl. e-bikes)", "layer": "DangerousLocations_hki", "status": "active_hazard"}, "geometry": {"type": "Point", "coordinates": [24.922011999732753, 60.162929998405964]}}, {"type": "Feature", "properties": {"submitted": true, "locationType": "Issue regarding quality of the route or its continuity", "greatestDangerTo": "Pedestrians", "layer": "DangerousLocations_hki", "status": "active_hazard"}, "geometry": {"type": "Point", "coordinates": [24.921896999203195, 60.15881599928453]}}, {"type": "Feature", "properties": {"submitted": true, "locationType": "A dangerous or difficult intersection", "greatestDangerTo": "Cyclists (incl. e-bikes)", "layer": "DangerousLocations_hki", "status": "active_hazard"}, "geometry": {"type": "Point", "coordinates": [24.915879999193738, 60.175514001639826]}}, {"type": "Feature", "properties": {"submitted": true, "locationType": "Issue regarding quality of the route or its continuity", "greatestDangerTo": "Cyclists (incl. e-bikes)", "layer": "DangerousLocations_hki", "status": "active_hazard"}, "geometry": {"type": "Point", "coordinates": [24.885585000322795, 60.19596599893688]}}, {"type": "Feature", "properties": {"submitted": true, "locationType": "Some other issue", "greatestDangerTo": "Pedestrians", "layer": "DangerousLocations_hki", "status": "active_hazard"}, "geometry": {"type": "Point", "coordinates": [24.97874499941798, 60.18598099915542]}}, {"type": "Feature", "properties": {"submitted": true, "locationType": "Unsafe pedestrian or tramway crossing", "greatestDangerTo": "Pedestrians", "layer": "DangerousLocations_hki", "status": "active_hazard"}, "geometry": {"type": "Point", "coordinates": [24.972104000672353, 60.17931100217794]}}, {"type": "Feature", "properties": {"submitted": true, "locationType": "A dangerous or difficult intersection", "greatestDangerTo": "Car drivers", "layer": "DangerousLocations_hki", "status": "active_hazard"}, "geometry": {"type": "Point", "coordinates": [24.968541999390567, 60.188475002879045]}}, {"type": "Feature", "properties": {"submitted": true, "locationType": "A dangerous or difficult intersection", "greatestDangerTo": "Pedestrians", "layer": "DangerousLocations_hki", "status": "active_hazard"}, "geometry": {"type": "Point", "coordinates": [24.968324000386147, 60.186248004435534]}}, {"type": "Feature", "properties": {"submitted": true, "locationType": "A dangerous or difficult intersection", "greatestDangerTo": "Pedestrians", "layer": "DangerousLocations_hki", "status": "active_hazard"}, "geometry": {"type": "Point", "coordinates": [24.912829998968956, 60.188329002413]}}, {"type": "Feature", "properties": {"submitted": true, "locationType": "Pedestrian traffic lights that change too fast", "greatestDangerTo": "Pedestrians", "layer": "DangerousLocations_hki", "status": "active_hazard"}, "geometry": {"type": "Point", "coordinates": [24.914861999650547, 60.190483999126236]}}, {"type": "Feature", "properties": {"submitted": true, "locationType": "Unsafe pedestrian or tramway crossing", "greatestDangerTo": "Pedestrians", "layer": "DangerousLocations_hki", "status": "active_hazard"}, "geometry": {"type": "Point", "coordinates": [24.914694000423296, 60.19038499727569]}}, {"type": "Feature", "properties": {"submitted": true, "locationType": "A dangerous location related to construction site arrangements", "greatestDangerTo": "Pedestrians", "layer": "DangerousLocations_hki", "status": "active_hazard"}, "geometry": {"type": "Point", "coordinates": [24.933003999433765, 60.220845996589446]}}, {"type": "Feature", "properties": {"submitted": true, "locationType": "Some other issue", "greatestDangerTo": "Pedestrians", "layer": "DangerousLocations_hki", "status": "active_hazard"}, "geometry": {"type": "Point", "coordinates": [24.98165900045189, 60.24114800014366]}}, {"type": "Feature", "properties": {"submitted": true, "locationType": "Unsafe pedestrian or tramway crossing", "greatestDangerTo": "Pedestrians", "layer": "DangerousLocations_hki", "status": "active_hazard"}, "geometry": {"type": "Point", "coordinates": [24.98624400027354, 60.25712299574525]}}, {"type": "Feature", "properties": {"submitted": true, "locationType": "Unsafe pedestrian or tramway crossing", "greatestDangerTo": "Pedestrians", "layer": "DangerousLocations_hki", "status": "active_hazard"}, "geometry": {"type": "Point", "coordinates": [24.987120000817068, 60.257956996539384]}}, {"type": "Feature", "properties": {"submitted": true, "locationType": "Unsafe pedestrian or tramway crossing", "greatestDangerTo": "Pedestrians", "layer": "DangerousLocations_hki", "status": "active_hazard"}, "geometry": {"type": "Point", "coordinates": [24.988425999705786, 60.26004999945639]}}, {"type": "Feature", "properties": {"submitted": true, "locationType": "Unsafe pedestrian or tramway crossing", "greatestDangerTo": "Pedestrians", "layer": "DangerousLocations_hki", "status": "active_hazard"}, "geometry": {"type": "Point", "coordinates": [24.99053399941832, 60.26131799823874]}}, {"type": "Feature", "properties": {"submitted": true, "locationType": "Pedestrian traffic lights that change too fast", "greatestDangerTo": "Pedestrians", "layer": "DangerousLocations_hki", "status": "active_hazard"}, "geometry": {"type": "Point", "coordinates": [24.990576999999707, 60.261368003635354]}}, {"type": "Feature", "properties": {"submitted": true, "locationType": "Pedestrian traffic lights that change too fast", "greatestDangerTo": "Pedestrians", "layer": "DangerousLocations_hki", "status": "active_hazard"}, "geometry": {"type": "Point", "coordinates": [24.987045000539744, 60.25798999874729]}}, {"type": "Feature", "properties": {"submitted": true, "locationType": "A dangerous or difficult intersection", "greatestDangerTo": "Pedestrians", "layer": "DangerousLocations_hki", "status": "active_hazard"}, "geometry": {"type": "Point", "coordinates": [24.98301300087131, 60.2554169974815]}}, {"type": "Feature", "properties": {"submitted": true, "locationType": "Pedestrian traffic lights that change too fast", "greatestDangerTo": "Pedestrians", "layer": "DangerousLocations_hki", "status": "active_hazard"}, "geometry": {"type": "Point", "coordinates": [24.98720899973689, 60.25171699785212]}}, {"type": "Feature", "properties": {"submitted": true, "locationType": "Pedestrian traffic lights that change too fast", "greatestDangerTo": "Public transport users", "layer": "DangerousLocations_hki", "status": "active_hazard"}, "geometry": {"type": "Point", "coordinates": [24.943428999318133, 60.21339200324508]}}, {"type": "Feature", "properties": {"submitted": true, "locationType": "A poorly placed public transport stop", "greatestDangerTo": "Public transport users", "layer": "DangerousLocations_hki", "status": "active_hazard"}, "geometry": {"type": "Point", "coordinates": [24.916690999401613, 60.18975800006515]}}, {"type": "Feature", "properties": {"submitted": true, "locationType": "A poorly placed public transport stop", "greatestDangerTo": "Public transport users", "layer": "DangerousLocations_hki", "status": "active_hazard"}, "geometry": {"type": "Point", "coordinates": [24.916907999179852, 60.18968100359285]}}, {"type": "Feature", "properties": {"submitted": true, "locationType": "Unsafe pedestrian or tramway crossing", "greatestDangerTo": "Pedestrians", "layer": "DangerousLocations_hki", "status": "active_hazard"}, "geometry": {"type": "Point", "coordinates": [24.929646000290553, 60.19258299657208]}}, {"type": "Feature", "properties": {"submitted": true, "locationType": "Unsafe pedestrian or tramway crossing", "greatestDangerTo": "Pedestrians", "layer": "DangerousLocations_hki", "status": "active_hazard"}, "geometry": {"type": "Point", "coordinates": [24.94779200013, 60.18979399582592]}}, {"type": "Feature", "properties": {"submitted": true, "locationType": "A dangerous or difficult intersection", "greatestDangerTo": "Public transport users", "layer": "DangerousLocations_hki", "status": "active_hazard"}, "geometry": {"type": "Point", "coordinates": [24.9457559997505, 60.19492000167683]}}, {"type": "Feature", "properties": {"submitted": true, "locationType": "A dangerous or difficult intersection", "greatestDangerTo": "Public transport users", "layer": "DangerousLocations_hki", "status": "active_hazard"}, "geometry": {"type": "Point", "coordinates": [24.9651210002327, 60.20293800421872]}}, {"type": "Feature", "properties": {"submitted": true, "locationType": "A poorly placed public transport stop", "greatestDangerTo": "Public transport users", "layer": "DangerousLocations_hki", "status": "active_hazard"}, "geometry": {"type": "Point", "coordinates": [24.964375999469976, 60.19175000004256]}}, {"type": "Feature", "properties": {"submitted": true, "locationType": "A poorly placed public transport stop", "greatestDangerTo": "Pedestrians", "layer": "DangerousLocations_hki", "status": "active_hazard"}, "geometry": {"type": "Point", "coordinates": [24.886245000024914, 60.19596700324409]}}, {"type": "Feature", "properties": {"submitted": true, "locationType": "Unsafe pedestrian or tramway crossing", "greatestDangerTo": "Pedestrians", "layer": "DangerousLocations_hki", "status": "active_hazard"}, "geometry": {"type": "Point", "coordinates": [24.950801999988222, 60.20975499700546]}}, {"type": "Feature", "properties": {"submitted": true, "locationType": "A dangerous or difficult intersection", "greatestDangerTo": "Pedestrians", "layer": "DangerousLocations_hki", "status": "active_hazard"}, "geometry": {"type": "Point", "coordinates": [25.031228999402064, 60.26663300120118]}}, {"type": "Feature", "properties": {"submitted": true, "locationType": "Unsafe pedestrian or tramway crossing", "greatestDangerTo": "Car drivers", "layer": "DangerousLocations_hki", "status": "active_hazard"}, "geometry": {"type": "Point", "coordinates": [24.932307000833646, 60.1972959996085]}}, {"type": "Feature", "properties": {"submitted": true, "locationType": "A dangerous or difficult intersection", "greatestDangerTo": "Persons using mobility aids (such as a wheelchair or walker)", "layer": "DangerousLocations_hki", "status": "active_hazard"}, "geometry": {"type": "Point", "coordinates": [24.94954400083808, 60.181103998000765]}}, {"type": "Feature", "properties": {"submitted": true, "locationType": "Unsafe pedestrian or tramway crossing", "greatestDangerTo": "Pedestrians", "layer": "DangerousLocations_hki", "status": "active_hazard"}, "geometry": {"type": "Point", "coordinates": [24.937342999902672, 60.19553999615487]}}, {"type": "Feature", "properties": {"submitted": true, "locationType": "Unsafe pedestrian or tramway crossing", "greatestDangerTo": "Pedestrians", "layer": "DangerousLocations_hki", "status": "active_hazard"}, "geometry": {"type": "Point", "coordinates": [25.041027999563273, 60.235244002932795]}}, {"type": "Feature", "properties": {"submitted": true, "locationType": "Unsafe pedestrian or tramway crossing", "greatestDangerTo": "Pedestrians", "layer": "DangerousLocations_hki", "status": "active_hazard"}, "geometry": {"type": "Point", "coordinates": [24.907163000718665, 60.16191599591589]}}, {"type": "Feature", "properties": {"submitted": true, "locationType": "Some other issue", "greatestDangerTo": "Pedestrians", "layer": "DangerousLocations_hki", "status": "active_hazard"}, "geometry": {"type": "Point", "coordinates": [24.964407000348952, 60.18968600279352]}}, {"type": "Feature", "properties": {"submitted": true, "locationType": "Unsafe pedestrian or tramway crossing", "greatestDangerTo": "Pedestrians", "layer": "DangerousLocations_hki", "status": "active_hazard"}, "geometry": {"type": "Point", "coordinates": [24.9646939998186, 60.19202000073077]}}, {"type": "Feature", "properties": {"submitted": true, "locationType": "Unclear signage", "greatestDangerTo": "Pedestrians", "layer": "DangerousLocations_hki", "status": "active_hazard"}, "geometry": {"type": "Point", "coordinates": [24.89739499899686, 60.2562540036324]}}, {"type": "Feature", "properties": {"submitted": true, "locationType": "Unsafe pedestrian or tramway crossing", "greatestDangerTo": "Pedestrians", "layer": "DangerousLocations_hki", "status": "active_hazard"}, "geometry": {"type": "Point", "coordinates": [24.86163600105284, 60.159098996420575]}}, {"type": "Feature", "properties": {"submitted": true, "locationType": "Some other issue", "greatestDangerTo": "Car drivers", "layer": "DangerousLocations_hki", "status": "active_hazard"}, "geometry": {"type": "Point", "coordinates": [24.897930000858643, 60.20325199918333]}}, {"type": "Feature", "properties": {"submitted": true, "locationType": "A dangerous or difficult intersection", "greatestDangerTo": "Those travelling by moped or motorcycle", "layer": "DangerousLocations_hki", "status": "active_hazard"}, "geometry": {"type": "Point", "coordinates": [24.8993049995178, 60.20812199861824]}}, {"type": "Feature", "properties": {"submitted": true, "locationType": "Unsafe pedestrian or tramway crossing", "greatestDangerTo": "Pedestrians", "layer": "DangerousLocations_hki", "status": "active_hazard"}, "geometry": {"type": "Point", "coordinates": [24.93945700020893, 60.23203299923194]}}, {"type": "Feature", "properties": {"submitted": true, "locationType": "Some other issue", "greatestDangerTo": "Pedestrians", "layer": "DangerousLocations_hki", "status": "active_hazard"}, "geometry": {"type": "Point", "coordinates": [24.940604999602794, 60.23353400329739]}}, {"type": "Feature", "properties": {"submitted": true, "locationType": "A dangerous or difficult intersection", "greatestDangerTo": "Cyclists (incl. e-bikes)", "layer": "DangerousLocations_hki", "status": "active_hazard"}, "geometry": {"type": "Point", "coordinates": [24.93957600039848, 60.23286799844336]}}, {"type": "Feature", "properties": {"submitted": true, "locationType": "A dangerous or difficult intersection", "greatestDangerTo": "Cyclists (incl. e-bikes)", "layer": "DangerousLocations_hki", "status": "active_hazard"}, "geometry": {"type": "Point", "coordinates": [25.01337500007333, 60.18889200218549]}}, {"type": "Feature", "properties": {"submitted": false, "locationType": "Unclear signage", "greatestDangerTo": "Car drivers", "layer": "DangerousLocations_hki", "status": "active_hazard"}, "geometry": {"type": "Point", "coordinates": [24.97958900036218, 60.182853001235564]}}, {"type": "Feature", "properties": {"submitted": true, "locationType": "Some other issue", "greatestDangerTo": "Pedestrians", "layer": "DangerousLocations_hki", "status": "active_hazard"}, "geometry": {"type": "Point", "coordinates": [24.91770999955718, 60.15798399957859]}}, {"type": "Feature", "properties": {"submitted": true, "locationType": "A dangerous or difficult intersection", "greatestDangerTo": "Pedestrians", "layer": "DangerousLocations_hki", "status": "active_hazard"}, "geometry": {"type": "Point", "coordinates": [24.931197000875276, 60.233953996662436]}}, {"type": "Feature", "properties": {"submitted": true, "locationType": "A dangerous or difficult intersection", "greatestDangerTo": "Cyclists (incl. e-bikes)", "layer": "DangerousLocations_hki", "status": "active_hazard"}, "geometry": {"type": "Point", "coordinates": [24.921021000652182, 60.16364300022815]}}, {"type": "Feature", "properties": {"submitted": true, "locationType": "A dangerous or difficult intersection", "greatestDangerTo": "Cyclists (incl. e-bikes)", "layer": "DangerousLocations_hki", "status": "active_hazard"}, "geometry": {"type": "Point", "coordinates": [24.891496000646026, 60.194796001419675]}}, {"type": "Feature", "properties": {"submitted": false, "locationType": "Some other issue", "greatestDangerTo": "Cyclists (incl. e-bikes)", "layer": "DangerousLocations_hki", "status": "active_hazard"}, "geometry": {"type": "Point", "coordinates": [24.963739000227193, 60.2289219968195]}}, {"type": "Feature", "properties": {"submitted": true, "locationType": "Unsafe pedestrian or tramway crossing", "greatestDangerTo": "Pedestrians", "layer": "DangerousLocations_hki", "status": "active_hazard"}, "geometry": {"type": "Point", "coordinates": [24.948588999516968, 60.223071000736766]}}, {"type": "Feature", "properties": {"submitted": true, "locationType": "A dangerous or difficult intersection", "greatestDangerTo": "Cyclists (incl. e-bikes)", "layer": "DangerousLocations_hki", "status": "active_hazard"}, "geometry": {"type": "Point", "coordinates": [24.952939000743445, 60.186941000622014]}}, {"type": "Feature", "properties": {"submitted": true, "locationType": "A dangerous or difficult intersection", "greatestDangerTo": "Cyclists (incl. e-bikes)", "layer": "DangerousLocations_hki", "status": "active_hazard"}, "geometry": {"type": "Point", "coordinates": [24.935136000239364, 60.17239600138622]}}, {"type": "Feature", "properties": {"submitted": true, "locationType": "Issue regarding quality of the route or its continuity", "greatestDangerTo": "Pedestrians", "layer": "DangerousLocations_hki", "status": "active_hazard"}, "geometry": {"type": "Point", "coordinates": [24.91418499918384, 60.16167600375093]}}, {"type": "Feature", "properties": {"submitted": true, "locationType": "Some other issue", "greatestDangerTo": "Cyclists (incl. e-bikes)", "layer": "DangerousLocations_hki", "status": "active_hazard"}, "geometry": {"type": "Point", "coordinates": [25.031623999322186, 60.23436700130626]}}, {"type": "Feature", "properties": {"submitted": true, "locationType": "Some other issue", "greatestDangerTo": "Cyclists (incl. e-bikes)", "layer": "DangerousLocations_hki", "status": "active_hazard"}, "geometry": {"type": "Point", "coordinates": [24.93551200084263, 60.17448399768572]}}, {"type": "Feature", "properties": {"submitted": true, "locationType": "A dangerous or difficult intersection", "greatestDangerTo": "Pedestrians", "layer": "DangerousLocations_hki", "status": "active_hazard"}, "geometry": {"type": "Point", "coordinates": [24.917849000844523, 60.17683100040296]}}, {"type": "Feature", "properties": {"submitted": true, "locationType": null, "greatestDangerTo": null, "layer": "DangerousLocations_hki", "status": "active_hazard"}, "geometry": {"type": "Point", "coordinates": [24.968327000227568, 60.18139000220393]}}, {"type": "Feature", "properties": {"submitted": false, "locationType": "Some other issue", "greatestDangerTo": null, "layer": "DangerousLocations_hki", "status": "active_hazard"}, "geometry": {"type": "Point", "coordinates": [24.934587999648084, 60.174114002365016]}}, {"type": "Feature", "properties": {"submitted": true, "locationType": "A dangerous or difficult intersection", "greatestDangerTo": "Car drivers", "layer": "DangerousLocations_hki", "status": "active_hazard"}, "geometry": {"type": "Point", "coordinates": [25.03415300017947, 60.271730002857986]}}, {"type": "Feature", "properties": {"submitted": false, "locationType": "A dangerous or difficult intersection", "greatestDangerTo": "Pedestrians", "layer": "DangerousLocations_hki", "status": "active_hazard"}, "geometry": {"type": "Point", "coordinates": [24.962192000133562, 60.197096996635665]}}, {"type": "Feature", "properties": {"submitted": false, "locationType": "Unsafe pedestrian or tramway crossing", "greatestDangerTo": null, "layer": "DangerousLocations_hki", "status": "active_hazard"}, "geometry": {"type": "Point", "coordinates": [24.96301400042526, 60.19665699716112]}}, {"type": "Feature", "properties": {"submitted": true, "locationType": "Some other issue", "greatestDangerTo": "Pedestrians", "layer": "DangerousLocations_hki", "status": "active_hazard"}, "geometry": {"type": "Point", "coordinates": [24.867930000784707, 60.25216099813738]}}, {"type": "Feature", "properties": {"submitted": true, "locationType": "Unsafe pedestrian or tramway crossing", "greatestDangerTo": "Pedestrians", "layer": "DangerousLocations_hki", "status": "active_hazard"}, "geometry": {"type": "Point", "coordinates": [24.866759999536182, 60.25162100330323]}}, {"type": "Feature", "properties": {"submitted": true, "locationType": "Unclear signage", "greatestDangerTo": "Pedestrians", "layer": "DangerousLocations_hki", "status": "active_hazard"}, "geometry": {"type": "Point", "coordinates": [25.011399999604407, 60.23228400256865]}}, {"type": "Feature", "properties": {"submitted": true, "locationType": "Unclear signage", "greatestDangerTo": "Pedestrians", "layer": "DangerousLocations_hki", "status": "active_hazard"}, "geometry": {"type": "Point", "coordinates": [25.011057999161867, 60.233858000185485]}}, {"type": "Feature", "properties": {"submitted": true, "locationType": "Unclear signage", "greatestDangerTo": "Pedestrians", "layer": "DangerousLocations_hki", "status": "active_hazard"}, "geometry": {"type": "Point", "coordinates": [25.007887000402675, 60.236424996801446]}}, {"type": "Feature", "properties": {"submitted": true, "locationType": "Unsafe pedestrian or tramway crossing", "greatestDangerTo": "Pedestrians", "layer": "DangerousLocations_hki", "status": "active_hazard"}, "geometry": {"type": "Point", "coordinates": [24.938585000183856, 60.17286699652578]}}, {"type": "Feature", "properties": {"submitted": true, "locationType": "Some other issue", "greatestDangerTo": "Cyclists (incl. e-bikes)", "layer": "DangerousLocations_hki", "status": "active_hazard"}, "geometry": {"type": "Point", "coordinates": [24.959739999215046, 60.19311700373595]}}, {"type": "Feature", "properties": {"submitted": true, "locationType": "Unsafe pedestrian or tramway crossing", "greatestDangerTo": "Pedestrians", "layer": "DangerousLocations_hki", "status": "active_hazard"}, "geometry": {"type": "Point", "coordinates": [24.95563399952424, 60.19382500151956]}}, {"type": "Feature", "properties": {"submitted": true, "locationType": "Unclear signage", "greatestDangerTo": "Car drivers", "layer": "DangerousLocations_hki", "status": "active_hazard"}, "geometry": {"type": "Point", "coordinates": [24.966220000714515, 60.19389000262649]}}, {"type": "Feature", "properties": {"submitted": true, "locationType": "A dangerous or difficult intersection", "greatestDangerTo": "Car drivers", "layer": "DangerousLocations_hki", "status": "active_hazard"}, "geometry": {"type": "Point", "coordinates": [24.964577999909757, 60.209356999702294]}}, {"type": "Feature", "properties": {"submitted": true, "locationType": "A dangerous location related to parking", "greatestDangerTo": "Pedestrians", "layer": "DangerousLocations_hki", "status": "active_hazard"}, "geometry": {"type": "Point", "coordinates": [24.928620999675356, 60.16600999947476]}}, {"type": "Feature", "properties": {"submitted": true, "locationType": "A dangerous or difficult intersection", "greatestDangerTo": "Pedestrians", "layer": "DangerousLocations_hki", "status": "active_hazard"}, "geometry": {"type": "Point", "coordinates": [24.94034799924454, 60.17037700261464]}}, {"type": "Feature", "properties": {"submitted": true, "locationType": "A dangerous or difficult intersection", "greatestDangerTo": "Car drivers", "layer": "DangerousLocations_hki", "status": "active_hazard"}, "geometry": {"type": "Point", "coordinates": [24.9646050006655, 60.19201399957121]}}, {"type": "Feature", "properties": {"submitted": true, "locationType": "A dangerous or difficult intersection", "greatestDangerTo": "Cyclists (incl. e-bikes)", "layer": "DangerousLocations_hki", "status": "active_hazard"}, "geometry": {"type": "Point", "coordinates": [24.936363000120217, 60.17450600185059]}}, {"type": "Feature", "properties": {"submitted": true, "locationType": "Pedestrian traffic lights that change too fast", "greatestDangerTo": "Pedestrians", "layer": "DangerousLocations_hki", "status": "active_hazard"}, "geometry": {"type": "Point", "coordinates": [24.96398799971575, 60.18981600221189]}}, {"type": "Feature", "properties": {"submitted": true, "locationType": "Pedestrian traffic lights that change too fast", "greatestDangerTo": "Pedestrians", "layer": "DangerousLocations_hki", "status": "active_hazard"}, "geometry": {"type": "Point", "coordinates": [24.940262000841596, 60.170366998178686]}}, {"type": "Feature", "properties": {"submitted": true, "locationType": "Unsafe pedestrian or tramway crossing", "greatestDangerTo": "Pedestrians", "layer": "DangerousLocations_hki", "status": "active_hazard"}, "geometry": {"type": "Point", "coordinates": [24.930467999422707, 60.166517999217234]}}, {"type": "Feature", "properties": {"submitted": true, "locationType": "Unsafe pedestrian or tramway crossing", "greatestDangerTo": "Pedestrians", "layer": "DangerousLocations_hki", "status": "active_hazard"}, "geometry": {"type": "Point", "coordinates": [24.929793999540422, 60.16644700247356]}}, {"type": "Feature", "properties": {"submitted": true, "locationType": "Unsafe pedestrian or tramway crossing", "greatestDangerTo": "Pedestrians", "layer": "DangerousLocations_hki", "status": "active_hazard"}, "geometry": {"type": "Point", "coordinates": [24.964638999629607, 60.19340699804992]}}, {"type": "Feature", "properties": {"submitted": true, "locationType": "A dangerous or difficult intersection", "greatestDangerTo": "Car drivers", "layer": "DangerousLocations_hki", "status": "active_hazard"}, "geometry": {"type": "Point", "coordinates": [24.962718000652515, 60.19600299698131]}}, {"type": "Feature", "properties": {"submitted": true, "locationType": "Some other issue", "greatestDangerTo": "Pedestrians", "layer": "DangerousLocations_hki", "status": "active_hazard"}, "geometry": {"type": "Point", "coordinates": [24.951757999276154, 60.16731599743143]}}, {"type": "Feature", "properties": {"submitted": true, "locationType": "Unsafe pedestrian or tramway crossing", "greatestDangerTo": "Pedestrians", "layer": "DangerousLocations_hki", "status": "active_hazard"}, "geometry": {"type": "Point", "coordinates": [24.941926999926515, 60.170457998798895]}}, {"type": "Feature", "properties": {"submitted": true, "locationType": "Unsafe pedestrian or tramway crossing", "greatestDangerTo": "Pedestrians", "layer": "DangerousLocations_hki", "status": "active_hazard"}, "geometry": {"type": "Point", "coordinates": [24.875712000350752, 60.15494400414356]}}, {"type": "Feature", "properties": {"submitted": true, "locationType": "Unsafe pedestrian or tramway crossing", "greatestDangerTo": "Pedestrians", "layer": "DangerousLocations_hki", "status": "active_hazard"}, "geometry": {"type": "Point", "coordinates": [24.97685100066443, 60.191548998420764]}}, {"type": "Feature", "properties": {"submitted": false, "locationType": "Unsafe pedestrian or tramway crossing", "greatestDangerTo": "Pedestrians", "layer": "DangerousLocations_hki", "status": "active_hazard"}, "geometry": {"type": "Point", "coordinates": [24.966337999661597, 60.21566200095941]}}, {"type": "Feature", "properties": {"submitted": false, "locationType": "Unsafe pedestrian or tramway crossing", "greatestDangerTo": "Pedestrians", "layer": "DangerousLocations_hki", "status": "active_hazard"}, "geometry": {"type": "Point", "coordinates": [24.94367999969554, 60.21320000020797]}}, {"type": "Feature", "properties": {"submitted": true, "locationType": "A dangerous or difficult intersection", "greatestDangerTo": "Cyclists (incl. e-bikes)", "layer": "DangerousLocations_hki", "status": "active_hazard"}, "geometry": {"type": "Point", "coordinates": [24.881859000358258, 60.24528300278537]}}, {"type": "Feature", "properties": {"submitted": true, "locationType": "Some other issue", "greatestDangerTo": "Public transport users", "layer": "DangerousLocations_hki", "status": "active_hazard"}, "geometry": {"type": "Point", "coordinates": [24.891999999512024, 60.218216996332394]}}, {"type": "Feature", "properties": {"submitted": true, "locationType": "Some other issue", "greatestDangerTo": "Public transport users", "layer": "DangerousLocations_hki", "status": "active_hazard"}, "geometry": {"type": "Point", "coordinates": [24.860799000892257, 60.22055399812431]}}, {"type": "Feature", "properties": {"submitted": true, "locationType": "A dangerous location related to construction site arrangements", "greatestDangerTo": "Car drivers", "layer": "DangerousLocations_hki", "status": "active_hazard"}, "geometry": {"type": "Point", "coordinates": [25.027921999429374, 60.1691969985721]}}, {"type": "Feature", "properties": {"submitted": true, "locationType": "Unsafe pedestrian or tramway crossing", "greatestDangerTo": "Pedestrians", "layer": "DangerousLocations_hki", "status": "active_hazard"}, "geometry": {"type": "Point", "coordinates": [24.870963999692666, 60.24616099904304]}}, {"type": "Feature", "properties": {"submitted": true, "locationType": "Unsafe pedestrian or tramway crossing", "greatestDangerTo": "Pedestrians", "layer": "DangerousLocations_hki", "status": "active_hazard"}, "geometry": {"type": "Point", "coordinates": [25.058103000190908, 60.20983599568486]}}, {"type": "Feature", "properties": {"submitted": true, "locationType": "Unsafe pedestrian or tramway crossing", "greatestDangerTo": "Pedestrians", "layer": "DangerousLocations_hki", "status": "active_hazard"}, "geometry": {"type": "Point", "coordinates": [25.043735000295424, 60.21741800249374]}}, {"type": "Feature", "properties": {"submitted": false, "locationType": "Some other issue", "greatestDangerTo": "Pedestrians", "layer": "DangerousLocations_hki", "status": "active_hazard"}, "geometry": {"type": "Point", "coordinates": [25.049390000445708, 60.183803001746185]}}, {"type": "Feature", "properties": {"submitted": false, "locationType": "Some other issue", "greatestDangerTo": "Pedestrians", "layer": "DangerousLocations_hki", "status": "active_hazard"}, "geometry": {"type": "Point", "coordinates": [25.03512799942, 60.19354499604986]}}, {"type": "Feature", "properties": {"submitted": true, "locationType": "A dangerous location related to construction site arrangements", "greatestDangerTo": "Cyclists (incl. e-bikes)", "layer": "DangerousLocations_hki", "status": "active_hazard"}, "geometry": {"type": "Point", "coordinates": [24.896791000769475, 60.19264699699748]}}, {"type": "Feature", "properties": {"submitted": true, "locationType": "A dangerous location related to parking", "greatestDangerTo": "Car drivers", "layer": "DangerousLocations_hki", "status": "active_hazard"}, "geometry": {"type": "Point", "coordinates": [24.972507000003887, 60.218661000814784]}}, {"type": "Feature", "properties": {"submitted": true, "locationType": "Some other issue", "greatestDangerTo": "Car drivers", "layer": "DangerousLocations_hki", "status": "active_hazard"}, "geometry": {"type": "Point", "coordinates": [24.943779999817746, 60.208547003322536]}}, {"type": "Feature", "properties": {"submitted": true, "locationType": "Unsafe pedestrian or tramway crossing", "greatestDangerTo": "Pedestrians", "layer": "DangerousLocations_hki", "status": "active_hazard"}, "geometry": {"type": "Point", "coordinates": [24.944768999872693, 60.19099100218351]}}, {"type": "Feature", "properties": {"submitted": true, "locationType": "Pedestrian traffic lights that change too fast", "greatestDangerTo": "Persons using mobility aids (such as a wheelchair or walker)", "layer": "DangerousLocations_hki", "status": "active_hazard"}, "geometry": {"type": "Point", "coordinates": [24.949126001006558, 60.19063499635137]}}, {"type": "Feature", "properties": {"submitted": true, "locationType": "Some other issue", "greatestDangerTo": "Pedestrians", "layer": "DangerousLocations_hki", "status": "active_hazard"}, "geometry": {"type": "Point", "coordinates": [24.972049000689736, 60.18933499625061]}}, {"type": "Feature", "properties": {"submitted": true, "locationType": "Unsafe pedestrian or tramway crossing", "greatestDangerTo": "Pedestrians", "layer": "DangerousLocations_hki", "status": "active_hazard"}, "geometry": {"type": "Point", "coordinates": [24.964453000560606, 60.19041600098675]}}, {"type": "Feature", "properties": {"submitted": true, "locationType": "Unsafe pedestrian or tramway crossing", "greatestDangerTo": "Pedestrians", "layer": "DangerousLocations_hki", "status": "active_hazard"}, "geometry": {"type": "Point", "coordinates": [24.964609999311005, 60.19195699656739]}}, {"type": "Feature", "properties": {"submitted": true, "locationType": "Unsafe pedestrian or tramway crossing", "greatestDangerTo": "Pedestrians", "layer": "DangerousLocations_hki", "status": "active_hazard"}, "geometry": {"type": "Point", "coordinates": [24.96274599961277, 60.19593200345565]}}, {"type": "Feature", "properties": {"submitted": true, "locationType": "A poorly placed public transport stop", "greatestDangerTo": "Pedestrians", "layer": "DangerousLocations_hki", "status": "active_hazard"}, "geometry": {"type": "Point", "coordinates": [24.960687000335348, 60.18495699581857]}}, {"type": "Feature", "properties": {"submitted": true, "locationType": "Unsafe pedestrian or tramway crossing", "greatestDangerTo": "Pedestrians", "layer": "DangerousLocations_hki", "status": "active_hazard"}, "geometry": {"type": "Point", "coordinates": [24.963529999226235, 60.18790199827765]}}, {"type": "Feature", "properties": {"submitted": true, "locationType": "A dangerous or difficult intersection", "greatestDangerTo": "Pedestrians", "layer": "DangerousLocations_hki", "status": "active_hazard"}, "geometry": {"type": "Point", "coordinates": [25.083669000085102, 60.2252959991632]}}, {"type": "Feature", "properties": {"submitted": true, "locationType": "Some other issue", "greatestDangerTo": "Pedestrians", "layer": "DangerousLocations_hki", "status": "active_hazard"}, "geometry": {"type": "Point", "coordinates": [24.9358290002062, 60.172642000736474]}}, {"type": "Feature", "properties": {"submitted": true, "locationType": "Issue regarding quality of the route or its continuity", "greatestDangerTo": "Cyclists (incl. e-bikes)", "layer": "DangerousLocations_hki", "status": "active_hazard"}, "geometry": {"type": "Point", "coordinates": [24.939410999281073, 60.181283998798754]}}, {"type": "Feature", "properties": {"submitted": true, "locationType": "Issue regarding quality of the route or its continuity", "greatestDangerTo": "Cyclists (incl. e-bikes)", "layer": "DangerousLocations_hki", "status": "active_hazard"}, "geometry": {"type": "Point", "coordinates": [24.93967400101481, 60.25320899569134]}}, {"type": "Feature", "properties": {"submitted": true, "locationType": "Issue regarding the condition of the road or its maintenance", "greatestDangerTo": "Cyclists (incl. e-bikes)", "layer": "DangerousLocations_hki", "status": "active_hazard"}, "geometry": {"type": "Point", "coordinates": [24.938163999693458, 60.25498800105516]}}, {"type": "Feature", "properties": {"submitted": true, "locationType": "A dangerous or difficult intersection", "greatestDangerTo": "Cyclists (incl. e-bikes)", "layer": "DangerousLocations_hki", "status": "active_hazard"}, "geometry": {"type": "Point", "coordinates": [24.94186900046825, 60.249754999866525]}}, {"type": "Feature", "properties": {"submitted": true, "locationType": "Some other issue", "greatestDangerTo": "Cyclists (incl. e-bikes)", "layer": "DangerousLocations_hki", "status": "active_hazard"}, "geometry": {"type": "Point", "coordinates": [24.941429999994615, 60.25079700323293]}}, {"type": "Feature", "properties": {"submitted": true, "locationType": "A dangerous or difficult intersection", "greatestDangerTo": "Cyclists (incl. e-bikes)", "layer": "DangerousLocations_hki", "status": "active_hazard"}, "geometry": {"type": "Point", "coordinates": [24.944623000833882, 60.23877199750774]}}, {"type": "Feature", "properties": {"submitted": true, "locationType": "Some other issue", "greatestDangerTo": "Cyclists (incl. e-bikes)", "layer": "DangerousLocations_hki", "status": "active_hazard"}, "geometry": {"type": "Point", "coordinates": [24.945885999531754, 60.1720479986285]}}, {"type": "Feature", "properties": {"submitted": true, "locationType": "A dangerous or difficult intersection", "greatestDangerTo": "Cyclists (incl. e-bikes)", "layer": "DangerousLocations_hki", "status": "active_hazard"}, "geometry": {"type": "Point", "coordinates": [24.943078000395474, 60.246952999269645]}}, {"type": "Feature", "properties": {"submitted": true, "locationType": "A dangerous or difficult intersection", "greatestDangerTo": "Cyclists (incl. e-bikes)", "layer": "DangerousLocations_hki", "status": "active_hazard"}, "geometry": {"type": "Point", "coordinates": [24.944306999299904, 60.23983200120703]}}, {"type": "Feature", "properties": {"submitted": true, "locationType": "A dangerous or difficult intersection", "greatestDangerTo": "Cyclists (incl. e-bikes)", "layer": "DangerousLocations_hki", "status": "active_hazard"}, "geometry": {"type": "Point", "coordinates": [24.942753000458453, 60.247633996109684]}}, {"type": "Feature", "properties": {"submitted": true, "locationType": "A dangerous or difficult intersection", "greatestDangerTo": "Cyclists (incl. e-bikes)", "layer": "DangerousLocations_hki", "status": "active_hazard"}, "geometry": {"type": "Point", "coordinates": [24.942487999096784, 60.24846000047565]}}, {"type": "Feature", "properties": {"submitted": true, "locationType": "A dangerous or difficult intersection", "greatestDangerTo": "Cyclists (incl. e-bikes)", "layer": "DangerousLocations_hki", "status": "active_hazard"}, "geometry": {"type": "Point", "coordinates": [24.943378999936016, 60.245842997377245]}}, {"type": "Feature", "properties": {"submitted": true, "locationType": "A dangerous or difficult intersection", "greatestDangerTo": "Cyclists (incl. e-bikes)", "layer": "DangerousLocations_hki", "status": "active_hazard"}, "geometry": {"type": "Point", "coordinates": [24.943764998978082, 60.24438900426639]}}, {"type": "Feature", "properties": {"submitted": true, "locationType": "A poorly placed public transport stop", "greatestDangerTo": "Cyclists (incl. e-bikes)", "layer": "DangerousLocations_hki", "status": "active_hazard"}, "geometry": {"type": "Point", "coordinates": [24.94431099996863, 60.2441410044716]}}, {"type": "Feature", "properties": {"submitted": true, "locationType": "Issue regarding quality of the route or its continuity", "greatestDangerTo": "Cyclists (incl. e-bikes)", "layer": "DangerousLocations_hki", "status": "active_hazard"}, "geometry": {"type": "Point", "coordinates": [24.943842000618094, 60.24082899602554]}}, {"type": "Feature", "properties": {"submitted": true, "locationType": "A dangerous or difficult intersection", "greatestDangerTo": "Cyclists (incl. e-bikes)", "layer": "DangerousLocations_hki", "status": "active_hazard"}, "geometry": {"type": "Point", "coordinates": [24.945189999770072, 60.237649001479056]}}, {"type": "Feature", "properties": {"submitted": true, "locationType": "Issue regarding quality of the route or its continuity", "greatestDangerTo": "Cyclists (incl. e-bikes)", "layer": "DangerousLocations_hki", "status": "active_hazard"}, "geometry": {"type": "Point", "coordinates": [24.9637470001294, 60.2612400001772]}}, {"type": "Feature", "properties": {"submitted": true, "locationType": "A dangerous or difficult intersection", "greatestDangerTo": "Cyclists (incl. e-bikes)", "layer": "DangerousLocations_hki", "status": "active_hazard"}, "geometry": {"type": "Point", "coordinates": [24.943329999427263, 60.21344799702294]}}, {"type": "Feature", "properties": {"submitted": true, "locationType": "A dangerous or difficult intersection", "greatestDangerTo": "Pedestrians", "layer": "DangerousLocations_hki", "status": "active_hazard"}, "geometry": {"type": "Point", "coordinates": [24.92723099990053, 60.165481001388365]}}, {"type": "Feature", "properties": {"submitted": true, "locationType": "A dangerous or difficult intersection", "greatestDangerTo": "Cyclists (incl. e-bikes)", "layer": "DangerousLocations_hki", "status": "active_hazard"}, "geometry": {"type": "Point", "coordinates": [25.04954400016311, 60.181368000547714]}}, {"type": "Feature", "properties": {"submitted": true, "locationType": "A dangerous or difficult intersection", "greatestDangerTo": "Pedestrians", "layer": "DangerousLocations_hki", "status": "active_hazard"}, "geometry": {"type": "Point", "coordinates": [25.05026399924565, 60.17824499769706]}}, {"type": "Feature", "properties": {"submitted": true, "locationType": "Issue regarding quality of the route or its continuity", "greatestDangerTo": "Pedestrians", "layer": "DangerousLocations_hki", "status": "active_hazard"}, "geometry": {"type": "Point", "coordinates": [25.05202100044684, 60.17727099879094]}}, {"type": "Feature", "properties": {"submitted": true, "locationType": "Unsafe pedestrian or tramway crossing", "greatestDangerTo": "Pedestrians", "layer": "DangerousLocations_hki", "status": "active_hazard"}, "geometry": {"type": "Point", "coordinates": [24.953190999469268, 60.181104999863024]}}, {"type": "Feature", "properties": {"submitted": true, "locationType": "A dangerous or difficult intersection", "greatestDangerTo": "Cyclists (incl. e-bikes)", "layer": "DangerousLocations_hki", "status": "active_hazard"}, "geometry": {"type": "Point", "coordinates": [24.9743330006777, 60.183874001113075]}}, {"type": "Feature", "properties": {"submitted": true, "locationType": "Unclear signage", "greatestDangerTo": "Cyclists (incl. e-bikes)", "layer": "DangerousLocations_hki", "status": "active_hazard"}, "geometry": {"type": "Point", "coordinates": [24.964703999664437, 60.18403800226441]}}, {"type": "Feature", "properties": {"submitted": true, "locationType": "A dangerous location related to construction site arrangements", "greatestDangerTo": "Pedestrians", "layer": "DangerousLocations_hki", "status": "active_hazard"}, "geometry": {"type": "Point", "coordinates": [24.933354000122836, 60.19762199589269]}}, {"type": "Feature", "properties": {"submitted": true, "locationType": "A poorly placed public transport stop", "greatestDangerTo": "Pedestrians", "layer": "DangerousLocations_hki", "status": "active_hazard"}, "geometry": {"type": "Point", "coordinates": [24.921880000279142, 60.202394002344285]}}, {"type": "Feature", "properties": {"submitted": true, "locationType": "Some other issue", "greatestDangerTo": "Car drivers", "layer": "DangerousLocations_hki", "status": "active_hazard"}, "geometry": {"type": "Point", "coordinates": [24.848353999327248, 60.240686002711314]}}, {"type": "Feature", "properties": {"submitted": true, "locationType": "A dangerous or difficult intersection", "greatestDangerTo": "Car drivers", "layer": "DangerousLocations_hki", "status": "active_hazard"}, "geometry": {"type": "Point", "coordinates": [24.945112000559764, 60.20682400369893]}}, {"type": "Feature", "properties": {"submitted": true, "locationType": "A dangerous or difficult intersection", "greatestDangerTo": "Pedestrians", "layer": "DangerousLocations_hki", "status": "active_hazard"}, "geometry": {"type": "Point", "coordinates": [24.84643499936629, 60.2328039987897]}}, {"type": "Feature", "properties": {"submitted": true, "locationType": "Unsafe pedestrian or tramway crossing", "greatestDangerTo": "Pedestrians", "layer": "DangerousLocations_hki", "status": "active_hazard"}, "geometry": {"type": "Point", "coordinates": [24.88449299925186, 60.15443700189242]}}, {"type": "Feature", "properties": {"submitted": true, "locationType": "Unsafe pedestrian or tramway crossing", "greatestDangerTo": "Pedestrians", "layer": "DangerousLocations_hki", "status": "active_hazard"}, "geometry": {"type": "Point", "coordinates": [24.88482500055078, 60.15457900331479]}}, {"type": "Feature", "properties": {"submitted": true, "locationType": "Issue regarding quality of the route or its continuity", "greatestDangerTo": "Cyclists (incl. e-bikes)", "layer": "DangerousLocations_hki", "status": "active_hazard"}, "geometry": {"type": "Point", "coordinates": [24.957957999013704, 60.168524002865894]}}, {"type": "Feature", "properties": {"submitted": true, "locationType": "Unsafe pedestrian or tramway crossing", "greatestDangerTo": "Pedestrians", "layer": "DangerousLocations_hki", "status": "active_hazard"}, "geometry": {"type": "Point", "coordinates": [24.96817699928124, 60.21608500168202]}}, {"type": "Feature", "properties": {"submitted": true, "locationType": "Unsafe pedestrian or tramway crossing", "greatestDangerTo": "Cyclists (incl. e-bikes)", "layer": "DangerousLocations_hki", "status": "active_hazard"}, "geometry": {"type": "Point", "coordinates": [24.96515399978697, 60.21531000326565]}}, {"type": "Feature", "properties": {"submitted": true, "locationType": "Pedestrian traffic lights that change too fast", "greatestDangerTo": "Cyclists (incl. e-bikes)", "layer": "DangerousLocations_hki", "status": "active_hazard"}, "geometry": {"type": "Point", "coordinates": [24.965191000047806, 60.21518300193961]}}, {"type": "Feature", "properties": {"submitted": true, "locationType": "Unclear signage", "greatestDangerTo": "Pedestrians", "layer": "DangerousLocations_hki", "status": "active_hazard"}, "geometry": {"type": "Point", "coordinates": [24.89217699948864, 60.215866999050824]}}, {"type": "Feature", "properties": {"submitted": true, "locationType": "Unsafe pedestrian or tramway crossing", "greatestDangerTo": "Pedestrians", "layer": "DangerousLocations_hki", "status": "active_hazard"}, "geometry": {"type": "Point", "coordinates": [24.95718499928355, 60.19458000100923]}}, {"type": "Feature", "properties": {"submitted": true, "locationType": "Some other issue", "greatestDangerTo": "Pedestrians", "layer": "DangerousLocations_hki", "status": "active_hazard"}, "geometry": {"type": "Point", "coordinates": [24.950275000900643, 60.178271997994976]}}, {"type": "Feature", "properties": {"submitted": true, "locationType": "Unsafe pedestrian or tramway crossing", "greatestDangerTo": "Pedestrians", "layer": "DangerousLocations_hki", "status": "active_hazard"}, "geometry": {"type": "Point", "coordinates": [24.911818999202314, 60.15710500148607]}}, {"type": "Feature", "properties": {"submitted": true, "locationType": "Unsafe pedestrian or tramway crossing", "greatestDangerTo": "Pedestrians", "layer": "DangerousLocations_hki", "status": "active_hazard"}, "geometry": {"type": "Point", "coordinates": [24.964893999392366, 60.215122002901744]}}, {"type": "Feature", "properties": {"submitted": true, "locationType": "Unsafe pedestrian or tramway crossing", "greatestDangerTo": "Pedestrians", "layer": "DangerousLocations_hki", "status": "active_hazard"}, "geometry": {"type": "Point", "coordinates": [24.95386500075464, 60.217020996997874]}}, {"type": "Feature", "properties": {"submitted": false, "locationType": "Unsafe pedestrian or tramway crossing", "greatestDangerTo": "Persons using mobility aids (such as a wheelchair or walker)", "layer": "DangerousLocations_hki", "status": "active_hazard"}, "geometry": {"type": "Point", "coordinates": [24.94069300093427, 60.17198199795827]}}, {"type": "Feature", "properties": {"submitted": false, "locationType": "Unsafe pedestrian or tramway crossing", "greatestDangerTo": "Pedestrians", "layer": "DangerousLocations_hki", "status": "active_hazard"}, "geometry": {"type": "Point", "coordinates": [24.875834999870023, 60.19828799696806]}}, {"type": "Feature", "properties": {"submitted": true, "locationType": "A dangerous or difficult intersection", "greatestDangerTo": "Pedestrians", "layer": "DangerousLocations_hki", "status": "active_hazard"}, "geometry": {"type": "Point", "coordinates": [24.930396000543357, 60.166417003754724]}}, {"type": "Feature", "properties": {"submitted": true, "locationType": "Some other issue", "greatestDangerTo": "Pedestrians", "layer": "DangerousLocations_hki", "status": "active_hazard"}, "geometry": {"type": "Point", "coordinates": [24.938066999516497, 60.16467199831273]}}, {"type": "Feature", "properties": {"submitted": true, "locationType": "Issue regarding quality of the route or its continuity", "greatestDangerTo": "Car drivers", "layer": "DangerousLocations_hki", "status": "active_hazard"}, "geometry": {"type": "Point", "coordinates": [24.951584000673098, 60.18229899907979]}}, {"type": "Feature", "properties": {"submitted": true, "locationType": "Unsafe pedestrian or tramway crossing", "greatestDangerTo": "Pedestrians", "layer": "DangerousLocations_hki", "status": "active_hazard"}, "geometry": {"type": "Point", "coordinates": [24.93742500066508, 60.172830999145816]}}, {"type": "Feature", "properties": {"submitted": true, "locationType": "Issue regarding quality of the route or its continuity", "greatestDangerTo": "Cyclists (incl. e-bikes)", "layer": "DangerousLocations_hki", "status": "active_hazard"}, "geometry": {"type": "Point", "coordinates": [24.951256000635407, 60.197078999839]}}, {"type": "Feature", "properties": {"submitted": true, "locationType": "A dangerous or difficult intersection", "greatestDangerTo": "Pedestrians", "layer": "DangerousLocations_hki", "status": "active_hazard"}, "geometry": {"type": "Point", "coordinates": [24.94954899918054, 60.190611001773895]}}, {"type": "Feature", "properties": {"submitted": true, "locationType": "A dangerous or difficult intersection", "greatestDangerTo": "Car drivers", "layer": "DangerousLocations_hki", "status": "active_hazard"}, "geometry": {"type": "Point", "coordinates": [24.966951000112743, 60.188658000885745]}}, {"type": "Feature", "properties": {"submitted": true, "locationType": "Some other issue", "greatestDangerTo": "Persons using mobility aids (such as a wheelchair or walker)", "layer": "DangerousLocations_hki", "status": "active_hazard"}, "geometry": {"type": "Point", "coordinates": [25.05075900056356, 60.17825599766387]}}, {"type": "Feature", "properties": {"submitted": true, "locationType": "Issue regarding quality of the route or its continuity", "greatestDangerTo": "Persons using mobility aids (such as a wheelchair or walker)", "layer": "DangerousLocations_hki", "status": "active_hazard"}, "geometry": {"type": "Point", "coordinates": [25.052418999208083, 60.17862299872158]}}, {"type": "Feature", "properties": {"submitted": true, "locationType": "A dangerous or difficult intersection", "greatestDangerTo": "Car drivers", "layer": "DangerousLocations_hki", "status": "active_hazard"}, "geometry": {"type": "Point", "coordinates": [25.046473000233252, 60.231946999461435]}}, {"type": "Feature", "properties": {"submitted": true, "locationType": "Issue regarding quality of the route or its continuity", "greatestDangerTo": "Pedestrians", "layer": "DangerousLocations_hki", "status": "active_hazard"}, "geometry": {"type": "Point", "coordinates": [24.907843000173607, 60.1631120008726]}}, {"type": "Feature", "properties": {"submitted": true, "locationType": "Unsafe pedestrian or tramway crossing", "greatestDangerTo": "Pedestrians", "layer": "DangerousLocations_hki", "status": "active_hazard"}, "geometry": {"type": "Point", "coordinates": [24.977043999026428, 60.19173200264557]}}, {"type": "Feature", "properties": {"submitted": true, "locationType": "Unsafe pedestrian or tramway crossing", "greatestDangerTo": "Pedestrians", "layer": "DangerousLocations_hki", "status": "active_hazard"}, "geometry": {"type": "Point", "coordinates": [24.964886999027318, 60.21512800312938]}}, {"type": "Feature", "properties": {"submitted": true, "locationType": "Unsafe pedestrian or tramway crossing", "greatestDangerTo": "Pedestrians", "layer": "DangerousLocations_hki", "status": "active_hazard"}, "geometry": {"type": "Point", "coordinates": [24.955595000565822, 60.212328002568036]}}, {"type": "Feature", "properties": {"submitted": true, "locationType": "Unsafe pedestrian or tramway crossing", "greatestDangerTo": "Pedestrians", "layer": "DangerousLocations_hki", "status": "active_hazard"}, "geometry": {"type": "Point", "coordinates": [24.95438299976433, 60.21181800427115]}}, {"type": "Feature", "properties": {"submitted": true, "locationType": "Unsafe pedestrian or tramway crossing", "greatestDangerTo": "Pedestrians", "layer": "DangerousLocations_hki", "status": "active_hazard"}, "geometry": {"type": "Point", "coordinates": [24.951821999354447, 60.21081499765358]}}, {"type": "Feature", "properties": {"submitted": true, "locationType": "Some other issue", "greatestDangerTo": "Pedestrians", "layer": "DangerousLocations_hki", "status": "active_hazard"}, "geometry": {"type": "Point", "coordinates": [24.920524999554182, 60.24922300050616]}}, {"type": "Feature", "properties": {"submitted": true, "locationType": "Issue regarding quality of the route or its continuity", "greatestDangerTo": "Pedestrians", "layer": "DangerousLocations_hki", "status": "active_hazard"}, "geometry": {"type": "Point", "coordinates": [24.998449000089963, 60.25702099718541]}}, {"type": "Feature", "properties": {"submitted": true, "locationType": "Unsafe pedestrian or tramway crossing", "greatestDangerTo": "Pedestrians", "layer": "DangerousLocations_hki", "status": "active_hazard"}, "geometry": {"type": "Point", "coordinates": [24.95403699949856, 60.21182400171592]}}, {"type": "Feature", "properties": {"submitted": true, "locationType": "Pedestrian traffic lights that change too fast", "greatestDangerTo": "Persons using mobility aids (such as a wheelchair or walker)", "layer": "DangerousLocations_hki", "status": "active_hazard"}, "geometry": {"type": "Point", "coordinates": [24.951655000309465, 60.210854004327594]}}, {"type": "Feature", "properties": {"submitted": true, "locationType": "Unsafe pedestrian or tramway crossing", "greatestDangerTo": "Pedestrians", "layer": "DangerousLocations_hki", "status": "active_hazard"}, "geometry": {"type": "Point", "coordinates": [24.955619999903913, 60.21234000151384]}}, {"type": "Feature", "properties": {"submitted": true, "locationType": "Unsafe pedestrian or tramway crossing", "greatestDangerTo": "Pedestrians", "layer": "DangerousLocations_hki", "status": "active_hazard"}, "geometry": {"type": "Point", "coordinates": [24.964601999505398, 60.19200700152558]}}, {"type": "Feature", "properties": {"submitted": true, "locationType": "A dangerous or difficult intersection", "greatestDangerTo": "Cyclists (incl. e-bikes)", "layer": "DangerousLocations_hki", "status": "active_hazard"}, "geometry": {"type": "Point", "coordinates": [24.859813999355357, 60.16247200371635]}}, {"type": "Feature", "properties": {"submitted": true, "locationType": "Unsafe pedestrian or tramway crossing", "greatestDangerTo": "Pedestrians", "layer": "DangerousLocations_hki", "status": "active_hazard"}, "geometry": {"type": "Point", "coordinates": [24.940977000363613, 60.158093000702664]}}, {"type": "Feature", "properties": {"submitted": true, "locationType": "Unsafe pedestrian or tramway crossing", "greatestDangerTo": "Pedestrians", "layer": "DangerousLocations_hki", "status": "active_hazard"}, "geometry": {"type": "Point", "coordinates": [24.944751999074995, 60.15821800147094]}}, {"type": "Feature", "properties": {"submitted": true, "locationType": "A dangerous or difficult intersection", "greatestDangerTo": "Pedestrians", "layer": "DangerousLocations_hki", "status": "active_hazard"}, "geometry": {"type": "Point", "coordinates": [24.88474800065115, 60.15445099974607]}}, {"type": "Feature", "properties": {"submitted": true, "locationType": "Some other issue", "greatestDangerTo": "Pedestrians", "layer": "DangerousLocations_hki", "status": "active_hazard"}, "geometry": {"type": "Point", "coordinates": [24.942728000046735, 60.19438999727771]}}, {"type": "Feature", "properties": {"submitted": true, "locationType": "Some other issue", "greatestDangerTo": "Pedestrians", "layer": "DangerousLocations_hki", "status": "active_hazard"}, "geometry": {"type": "Point", "coordinates": [24.945716999392133, 60.19468300228111]}}, {"type": "Feature", "properties": {"submitted": true, "locationType": "Unsafe pedestrian or tramway crossing", "greatestDangerTo": "Cyclists (incl. e-bikes)", "layer": "DangerousLocations_hki", "status": "active_hazard"}, "geometry": {"type": "Point", "coordinates": [24.943947000665062, 60.19363899700011]}}, {"type": "Feature", "properties": {"submitted": true, "locationType": "Pedestrian traffic lights that change too fast", "greatestDangerTo": "Pedestrians", "layer": "DangerousLocations_hki", "status": "active_hazard"}, "geometry": {"type": "Point", "coordinates": [24.963912000629527, 60.18915899662261]}}, {"type": "Feature", "properties": {"submitted": false, "locationType": "Some other issue", "greatestDangerTo": "Pedestrians", "layer": "DangerousLocations_hki", "status": "active_hazard"}, "geometry": {"type": "Point", "coordinates": [24.94034299935914, 60.16696500082069]}}, {"type": "Feature", "properties": {"submitted": true, "locationType": "A dangerous location related to construction site arrangements", "greatestDangerTo": "Car drivers", "layer": "DangerousLocations_hki", "status": "active_hazard"}, "geometry": {"type": "Point", "coordinates": [25.04746500099403, 60.17544099599232]}}, {"type": "Feature", "properties": {"submitted": true, "locationType": "Some other issue", "greatestDangerTo": "Car drivers", "layer": "DangerousLocations_hki", "status": "active_hazard"}, "geometry": {"type": "Point", "coordinates": [25.03446700054871, 60.19629000077298]}}, {"type": "Feature", "properties": {"submitted": true, "locationType": "Some other issue", "greatestDangerTo": "Car drivers", "layer": "DangerousLocations_hki", "status": "active_hazard"}, "geometry": {"type": "Point", "coordinates": [25.07966300100747, 60.22334299671568]}}, {"type": "Feature", "properties": {"submitted": true, "locationType": "Unsafe pedestrian or tramway crossing", "greatestDangerTo": "Pedestrians", "layer": "DangerousLocations_hki", "status": "active_hazard"}, "geometry": {"type": "Point", "coordinates": [24.940460999788797, 60.17049699763954]}}, {"type": "Feature", "properties": {"submitted": true, "locationType": "Issue regarding the condition of the road or its maintenance", "greatestDangerTo": "Pedestrians", "layer": "DangerousLocations_hki", "status": "active_hazard"}, "geometry": {"type": "Point", "coordinates": [25.08156500030955, 60.22147900288896]}}, {"type": "Feature", "properties": {"submitted": false, "locationType": "Unsafe pedestrian or tramway crossing", "greatestDangerTo": "Pedestrians", "layer": "DangerousLocations_hki", "status": "active_hazard"}, "geometry": {"type": "Point", "coordinates": [24.884720999045125, 60.15447700296732]}}, {"type": "Feature", "properties": {"submitted": true, "locationType": "Unsafe pedestrian or tramway crossing", "greatestDangerTo": "Pedestrians", "layer": "DangerousLocations_hki", "status": "active_hazard"}, "geometry": {"type": "Point", "coordinates": [24.884681000613742, 60.15444199851695]}}, {"type": "Feature", "properties": {"submitted": true, "locationType": "Unclear signage", "greatestDangerTo": "Cyclists (incl. e-bikes)", "layer": "DangerousLocations_hki", "status": "active_hazard"}, "geometry": {"type": "Point", "coordinates": [24.957811000238, 60.16845599858522]}}, {"type": "Feature", "properties": {"submitted": true, "locationType": "Unsafe pedestrian or tramway crossing", "greatestDangerTo": "Pedestrians", "layer": "DangerousLocations_hki", "status": "active_hazard"}, "geometry": {"type": "Point", "coordinates": [24.952771000422704, 60.16767300319275]}}, {"type": "Feature", "properties": {"submitted": true, "locationType": "A dangerous or difficult intersection", "greatestDangerTo": "Cyclists (incl. e-bikes)", "layer": "DangerousLocations_hki", "status": "active_hazard"}, "geometry": {"type": "Point", "coordinates": [24.96025600051696, 60.160047000732796]}}, {"type": "Feature", "properties": {"submitted": true, "locationType": "Unsafe pedestrian or tramway crossing", "greatestDangerTo": "Public transport users", "layer": "DangerousLocations_hki", "status": "active_hazard"}, "geometry": {"type": "Point", "coordinates": [24.935343999306696, 60.17444600015742]}}, {"type": "Feature", "properties": {"submitted": true, "locationType": "Some other issue", "greatestDangerTo": "Cyclists (incl. e-bikes)", "layer": "DangerousLocations_hki", "status": "active_hazard"}, "geometry": {"type": "Point", "coordinates": [24.96067600000866, 60.1927880023566]}}, {"type": "Feature", "properties": {"submitted": true, "locationType": "Unsafe pedestrian or tramway crossing", "greatestDangerTo": "Pedestrians", "layer": "DangerousLocations_hki", "status": "active_hazard"}, "geometry": {"type": "Point", "coordinates": [24.964125999160228, 60.18980100236236]}}, {"type": "Feature", "properties": {"submitted": true, "locationType": "Unsafe pedestrian or tramway crossing", "greatestDangerTo": "Pedestrians", "layer": "DangerousLocations_hki", "status": "active_hazard"}, "geometry": {"type": "Point", "coordinates": [24.945271000778227, 60.206835000446816]}}, {"type": "Feature", "properties": {"submitted": true, "locationType": "A dangerous or difficult intersection", "greatestDangerTo": "Pedestrians", "layer": "DangerousLocations_hki", "status": "active_hazard"}, "geometry": {"type": "Point", "coordinates": [24.945821000526028, 60.20845100371108]}}, {"type": "Feature", "properties": {"submitted": true, "locationType": "Unsafe pedestrian or tramway crossing", "greatestDangerTo": "Pedestrians", "layer": "DangerousLocations_hki", "status": "active_hazard"}, "geometry": {"type": "Point", "coordinates": [24.945430000711845, 60.20877699794763]}}, {"type": "Feature", "properties": {"submitted": true, "locationType": "Unsafe pedestrian or tramway crossing", "greatestDangerTo": "Pedestrians", "layer": "DangerousLocations_hki", "status": "active_hazard"}, "geometry": {"type": "Point", "coordinates": [24.846453999985485, 60.23281600200255]}}, {"type": "Feature", "properties": {"submitted": true, "locationType": "Unsafe pedestrian or tramway crossing", "greatestDangerTo": "Pedestrians", "layer": "DangerousLocations_hki", "status": "active_hazard"}, "geometry": {"type": "Point", "coordinates": [24.972137000305633, 60.179306998240165]}}, {"type": "Feature", "properties": {"submitted": true, "locationType": "Some other issue", "greatestDangerTo": "Cyclists (incl. e-bikes)", "layer": "DangerousLocations_hki", "status": "active_hazard"}, "geometry": {"type": "Point", "coordinates": [25.037190000163367, 60.277316000249854]}}, {"type": "Feature", "properties": {"submitted": true, "locationType": "Unsafe pedestrian or tramway crossing", "greatestDangerTo": "Pedestrians", "layer": "DangerousLocations_hki", "status": "active_hazard"}, "geometry": {"type": "Point", "coordinates": [25.04691200026635, 60.271373997589244]}}, {"type": "Feature", "properties": {"submitted": true, "locationType": "Unsafe pedestrian or tramway crossing", "greatestDangerTo": "Pedestrians", "layer": "DangerousLocations_hki", "status": "active_hazard"}, "geometry": {"type": "Point", "coordinates": [25.050084999562564, 60.27104399994425]}}, {"type": "Feature", "properties": {"submitted": true, "locationType": "Unsafe pedestrian or tramway crossing", "greatestDangerTo": "Cyclists (incl. e-bikes)", "layer": "DangerousLocations_hki", "status": "active_hazard"}, "geometry": {"type": "Point", "coordinates": [25.046909999479055, 60.271460999306704]}}, {"type": "Feature", "properties": {"submitted": true, "locationType": "Unsafe pedestrian or tramway crossing", "greatestDangerTo": "Pedestrians", "layer": "DangerousLocations_hki", "status": "active_hazard"}, "geometry": {"type": "Point", "coordinates": [25.052814000305098, 60.270970000593]}}, {"type": "Feature", "properties": {"submitted": true, "locationType": "Unsafe pedestrian or tramway crossing", "greatestDangerTo": "Cyclists (incl. e-bikes)", "layer": "DangerousLocations_hki", "status": "active_hazard"}, "geometry": {"type": "Point", "coordinates": [25.039421000946387, 60.27663399810409]}}, {"type": "Feature", "properties": {"submitted": true, "locationType": "A poorly placed public transport stop", "greatestDangerTo": "Car drivers", "layer": "DangerousLocations_hki", "status": "active_hazard"}, "geometry": {"type": "Point", "coordinates": [25.039863998962282, 60.27657400240396]}}, {"type": "Feature", "properties": {"submitted": true, "locationType": "A poorly placed public transport stop", "greatestDangerTo": "Car drivers", "layer": "DangerousLocations_hki", "status": "active_hazard"}, "geometry": {"type": "Point", "coordinates": [25.044339000154935, 60.274386996221004]}}, {"type": "Feature", "properties": {"submitted": true, "locationType": "A poorly placed public transport stop", "greatestDangerTo": "Car drivers", "layer": "DangerousLocations_hki", "status": "active_hazard"}, "geometry": {"type": "Point", "coordinates": [25.044675000620224, 60.273719998927355]}}, {"type": "Feature", "properties": {"submitted": true, "locationType": "A dangerous or difficult intersection", "greatestDangerTo": "Pedestrians", "layer": "DangerousLocations_hki", "status": "active_hazard"}, "geometry": {"type": "Point", "coordinates": [24.936429000429218, 60.17276699805068]}}, {"type": "Feature", "properties": {"submitted": true, "locationType": "A dangerous or difficult intersection", "greatestDangerTo": "Persons using mobility aids (such as a wheelchair or walker)", "layer": "DangerousLocations_hki", "status": "active_hazard"}, "geometry": {"type": "Point", "coordinates": [24.93842700054025, 60.17287299941046]}}, {"type": "Feature", "properties": {"submitted": true, "locationType": "A dangerous or difficult intersection", "greatestDangerTo": "Pedestrians", "layer": "DangerousLocations_hki", "status": "active_hazard"}, "geometry": {"type": "Point", "coordinates": [24.933239000130488, 60.177039002316796]}}, {"type": "Feature", "properties": {"submitted": true, "locationType": "A dangerous or difficult intersection", "greatestDangerTo": "Pedestrians", "layer": "DangerousLocations_hki", "status": "active_hazard"}, "geometry": {"type": "Point", "coordinates": [24.936265999683506, 60.17451200010837]}}, {"type": "Feature", "properties": {"submitted": true, "locationType": "A dangerous or difficult intersection", "greatestDangerTo": "Pedestrians", "layer": "DangerousLocations_hki", "status": "active_hazard"}, "geometry": {"type": "Point", "coordinates": [24.939016000716364, 60.17290699710805]}}, {"type": "Feature", "properties": {"submitted": true, "locationType": "Unsafe pedestrian or tramway crossing", "greatestDangerTo": "Pedestrians", "layer": "DangerousLocations_hki", "status": "active_hazard"}, "geometry": {"type": "Point", "coordinates": [24.944796999290766, 60.17146799802798]}}, {"type": "Feature", "properties": {"submitted": true, "locationType": "A dangerous or difficult intersection", "greatestDangerTo": "Pedestrians", "layer": "DangerousLocations_hki", "status": "active_hazard"}, "geometry": {"type": "Point", "coordinates": [24.897598999212935, 60.224502998437444]}}, {"type": "Feature", "properties": {"submitted": true, "locationType": "Unsafe pedestrian or tramway crossing", "greatestDangerTo": "Pedestrians", "layer": "DangerousLocations_hki", "status": "active_hazard"}, "geometry": {"type": "Point", "coordinates": [24.927721999963833, 60.24016699552911]}}, {"type": "Feature", "properties": {"submitted": true, "locationType": "Unsafe pedestrian or tramway crossing", "greatestDangerTo": "Pedestrians", "layer": "DangerousLocations_hki", "status": "active_hazard"}, "geometry": {"type": "Point", "coordinates": [24.927809999195006, 60.23991799900413]}}, {"type": "Feature", "properties": {"submitted": true, "locationType": "Unsafe pedestrian or tramway crossing", "greatestDangerTo": "Pedestrians", "layer": "DangerousLocations_hki", "status": "active_hazard"}, "geometry": {"type": "Point", "coordinates": [24.92865099943746, 60.25348100438121]}}, {"type": "Feature", "properties": {"submitted": true, "locationType": "Unsafe pedestrian or tramway crossing", "greatestDangerTo": "Pedestrians", "layer": "DangerousLocations_hki", "status": "active_hazard"}, "geometry": {"type": "Point", "coordinates": [24.929940999390364, 60.25597300012502]}}, {"type": "Feature", "properties": {"submitted": true, "locationType": "Unsafe pedestrian or tramway crossing", "greatestDangerTo": "Cyclists (incl. e-bikes)", "layer": "DangerousLocations_hki", "status": "active_hazard"}, "geometry": {"type": "Point", "coordinates": [24.92292300097818, 60.24748499852291]}}, {"type": "Feature", "properties": {"submitted": true, "locationType": "Unsafe pedestrian or tramway crossing", "greatestDangerTo": "Cyclists (incl. e-bikes)", "layer": "DangerousLocations_hki", "status": "active_hazard"}, "geometry": {"type": "Point", "coordinates": [24.933221999728733, 60.24379600102305]}}, {"type": "Feature", "properties": {"submitted": true, "locationType": "A dangerous or difficult intersection", "greatestDangerTo": "Car drivers", "layer": "DangerousLocations_hki", "status": "active_hazard"}, "geometry": {"type": "Point", "coordinates": [24.927436000665097, 60.24075899953464]}}, {"type": "Feature", "properties": {"submitted": true, "locationType": "Unsafe pedestrian or tramway crossing", "greatestDangerTo": "Pedestrians", "layer": "DangerousLocations_hki", "status": "active_hazard"}, "geometry": {"type": "Point", "coordinates": [24.9439869992395, 60.25708199855371]}}, {"type": "Feature", "properties": {"submitted": true, "locationType": "A dangerous or difficult intersection", "greatestDangerTo": "Cyclists (incl. e-bikes)", "layer": "DangerousLocations_hki", "status": "active_hazard"}, "geometry": {"type": "Point", "coordinates": [24.941813000186794, 60.2497220032949]}}, {"type": "Feature", "properties": {"submitted": true, "locationType": "Unsafe pedestrian or tramway crossing", "greatestDangerTo": "Pedestrians", "layer": "DangerousLocations_hki", "status": "active_hazard"}, "geometry": {"type": "Point", "coordinates": [24.933980000654646, 60.16895399806619]}}, {"type": "Feature", "properties": {"submitted": true, "locationType": "Unsafe pedestrian or tramway crossing", "greatestDangerTo": "Pedestrians", "layer": "DangerousLocations_hki", "status": "active_hazard"}, "geometry": {"type": "Point", "coordinates": [24.880564000450676, 60.15203699810354]}}, {"type": "Feature", "properties": {"submitted": false, "locationType": "Unclear signage", "greatestDangerTo": "Pedestrians", "layer": "DangerousLocations_hki", "status": "active_hazard"}, "geometry": {"type": "Point", "coordinates": [24.979860999541298, 60.18618099998128]}}, {"type": "Feature", "properties": {"submitted": false, "locationType": "Unclear signage", "greatestDangerTo": "Pedestrians", "layer": "DangerousLocations_hki", "status": "active_hazard"}, "geometry": {"type": "Point", "coordinates": [24.978700000403823, 60.18585700133516]}}, {"type": "Feature", "properties": {"submitted": true, "locationType": "Unsafe pedestrian or tramway crossing", "greatestDangerTo": "Pedestrians", "layer": "DangerousLocations_hki", "status": "active_hazard"}, "geometry": {"type": "Point", "coordinates": [24.88459199981639, 60.15447799670394]}}, {"type": "Feature", "properties": {"submitted": true, "locationType": "Unsafe pedestrian or tramway crossing", "greatestDangerTo": "Pedestrians", "layer": "DangerousLocations_hki", "status": "active_hazard"}, "geometry": {"type": "Point", "coordinates": [24.908266999553245, 60.1928759986726]}}, {"type": "Feature", "properties": {"submitted": true, "locationType": "Unsafe pedestrian or tramway crossing", "greatestDangerTo": "Pedestrians", "layer": "DangerousLocations_hki", "status": "active_hazard"}, "geometry": {"type": "Point", "coordinates": [24.978323999342514, 60.18603499914314]}}, {"type": "Feature", "properties": {"submitted": true, "locationType": "Unsafe pedestrian or tramway crossing", "greatestDangerTo": "Pedestrians", "layer": "DangerousLocations_hki", "status": "active_hazard"}, "geometry": {"type": "Point", "coordinates": [24.981428999781883, 60.18750799902768]}}, {"type": "Feature", "properties": {"submitted": true, "locationType": "Unsafe pedestrian or tramway crossing", "greatestDangerTo": "Pedestrians", "layer": "DangerousLocations_hki", "status": "active_hazard"}, "geometry": {"type": "Point", "coordinates": [24.981537000272724, 60.18993300217399]}}, {"type": "Feature", "properties": {"submitted": true, "locationType": "A dangerous or difficult intersection", "greatestDangerTo": "Pedestrians", "layer": "DangerousLocations_hki", "status": "active_hazard"}, "geometry": {"type": "Point", "coordinates": [24.970522000970725, 60.18877099881412]}}, {"type": "Feature", "properties": {"submitted": true, "locationType": "A dangerous or difficult intersection", "greatestDangerTo": "Pedestrians", "layer": "DangerousLocations_hki", "status": "active_hazard"}, "geometry": {"type": "Point", "coordinates": [24.96996400037209, 60.18815200235816]}}, {"type": "Feature", "properties": {"submitted": true, "locationType": "A dangerous or difficult intersection", "greatestDangerTo": "Cyclists (incl. e-bikes)", "layer": "DangerousLocations_hki", "status": "active_hazard"}, "geometry": {"type": "Point", "coordinates": [24.93204199893294, 60.19770700298919]}}, {"type": "Feature", "properties": {"submitted": true, "locationType": "A dangerous or difficult intersection", "greatestDangerTo": "Pedestrians", "layer": "DangerousLocations_hki", "status": "active_hazard"}, "geometry": {"type": "Point", "coordinates": [24.949920000556222, 60.17964300428381]}}, {"type": "Feature", "properties": {"submitted": true, "locationType": "Some other issue", "greatestDangerTo": "Pedestrians", "layer": "DangerousLocations_hki", "status": "active_hazard"}, "geometry": {"type": "Point", "coordinates": [24.9543530004753, 60.17871700194505]}}, {"type": "Feature", "properties": {"submitted": true, "locationType": "Issue regarding quality of the route or its continuity", "greatestDangerTo": "Cyclists (incl. e-bikes)", "layer": "DangerousLocations_hki", "status": "active_hazard"}, "geometry": {"type": "Point", "coordinates": [24.922643000656464, 60.17773100284037]}}, {"type": "Feature", "properties": {"submitted": true, "locationType": "Unsafe pedestrian or tramway crossing", "greatestDangerTo": "Pedestrians", "layer": "DangerousLocations_hki", "status": "active_hazard"}, "geometry": {"type": "Point", "coordinates": [24.940269000248637, 60.181505996052955]}}, {"type": "Feature", "properties": {"submitted": true, "locationType": "Unsafe pedestrian or tramway crossing", "greatestDangerTo": "Pedestrians", "layer": "DangerousLocations_hki", "status": "active_hazard"}, "geometry": {"type": "Point", "coordinates": [24.931981999024895, 60.18449300305473]}}, {"type": "Feature", "properties": {"submitted": true, "locationType": "A dangerous location related to parking", "greatestDangerTo": "Cyclists (incl. e-bikes)", "layer": "DangerousLocations_hki", "status": "active_hazard"}, "geometry": {"type": "Point", "coordinates": [24.920075999496188, 60.18848000044346]}}, {"type": "Feature", "properties": {"submitted": true, "locationType": "A dangerous or difficult intersection", "greatestDangerTo": "Cyclists (incl. e-bikes)", "layer": "DangerousLocations_hki", "status": "active_hazard"}, "geometry": {"type": "Point", "coordinates": [24.955980000825605, 60.18216099649699]}}, {"type": "Feature", "properties": {"submitted": true, "locationType": "A dangerous location related to parking", "greatestDangerTo": "Pedestrians", "layer": "DangerousLocations_hki", "status": "active_hazard"}, "geometry": {"type": "Point", "coordinates": [24.952840000312538, 60.18687799943548]}}, {"type": "Feature", "properties": {"submitted": true, "locationType": "A dangerous or difficult intersection", "greatestDangerTo": "Pedestrians", "layer": "DangerousLocations_hki", "status": "active_hazard"}, "geometry": {"type": "Point", "coordinates": [24.96249100078561, 60.18759599722556]}}, {"type": "Feature", "properties": {"submitted": true, "locationType": "Issue regarding quality of the route or its continuity", "greatestDangerTo": "Cyclists (incl. e-bikes)", "layer": "DangerousLocations_hki", "status": "active_hazard"}, "geometry": {"type": "Point", "coordinates": [24.96855499975133, 60.18914400027254]}}, {"type": "Feature", "properties": {"submitted": true, "locationType": "A dangerous or difficult intersection", "greatestDangerTo": "Cyclists (incl. e-bikes)", "layer": "DangerousLocations_hki", "status": "active_hazard"}, "geometry": {"type": "Point", "coordinates": [24.974112999766817, 60.188919001568124]}}, {"type": "Feature", "properties": {"submitted": true, "locationType": "A dangerous location related to parking", "greatestDangerTo": "Cyclists (incl. e-bikes)", "layer": "DangerousLocations_hki", "status": "active_hazard"}, "geometry": {"type": "Point", "coordinates": [24.953700999620498, 60.18120099696163]}}, {"type": "Feature", "properties": {"submitted": true, "locationType": "Unclear signage", "greatestDangerTo": "Cyclists (incl. e-bikes)", "layer": "DangerousLocations_hki", "status": "active_hazard"}, "geometry": {"type": "Point", "coordinates": [24.943875999737685, 60.16683599836039]}}, {"type": "Feature", "properties": {"submitted": true, "locationType": "Unclear signage", "greatestDangerTo": "Cyclists (incl. e-bikes)", "layer": "DangerousLocations_hki", "status": "active_hazard"}, "geometry": {"type": "Point", "coordinates": [24.89762299953719, 60.1620170026138]}}, {"type": "Feature", "properties": {"submitted": true, "locationType": "Unclear signage", "greatestDangerTo": "Cyclists (incl. e-bikes)", "layer": "DangerousLocations_hki", "status": "active_hazard"}, "geometry": {"type": "Point", "coordinates": [24.93046999934236, 60.18274100119658]}}, {"type": "Feature", "properties": {"submitted": true, "locationType": "A dangerous location related to construction site arrangements", "greatestDangerTo": "Cyclists (incl. e-bikes)", "layer": "DangerousLocations_hki", "status": "active_hazard"}, "geometry": {"type": "Point", "coordinates": [24.922011000061357, 60.185253003542506]}}, {"type": "Feature", "properties": {"submitted": true, "locationType": "A dangerous or difficult intersection", "greatestDangerTo": "Car drivers", "layer": "DangerousLocations_hki", "status": "active_hazard"}, "geometry": {"type": "Point", "coordinates": [25.089896999498563, 60.23908000132262]}}, {"type": "Feature", "properties": {"submitted": true, "locationType": "A dangerous or difficult intersection", "greatestDangerTo": "Car drivers", "layer": "DangerousLocations_hki", "status": "active_hazard"}, "geometry": {"type": "Point", "coordinates": [24.956983999863553, 60.194634001329355]}}, {"type": "Feature", "properties": {"submitted": true, "locationType": "Unsafe pedestrian or tramway crossing", "greatestDangerTo": "Car drivers", "layer": "DangerousLocations_hki", "status": "active_hazard"}, "geometry": {"type": "Point", "coordinates": [25.01110899896439, 60.22939700319296]}}, {"type": "Feature", "properties": {"submitted": true, "locationType": "Unsafe pedestrian or tramway crossing", "greatestDangerTo": "Car drivers", "layer": "DangerousLocations_hki", "status": "active_hazard"}, "geometry": {"type": "Point", "coordinates": [24.964577999014796, 60.19195900217089]}}, {"type": "Feature", "properties": {"submitted": true, "locationType": "Unsafe pedestrian or tramway crossing", "greatestDangerTo": "Car drivers", "layer": "DangerousLocations_hki", "status": "active_hazard"}, "geometry": {"type": "Point", "coordinates": [24.958271000122966, 60.19525199570008]}}, {"type": "Feature", "properties": {"submitted": true, "locationType": "Unsafe pedestrian or tramway crossing", "greatestDangerTo": "Pedestrians", "layer": "DangerousLocations_hki", "status": "active_hazard"}, "geometry": {"type": "Point", "coordinates": [24.97411799911645, 60.18891500022053]}}, {"type": "Feature", "properties": {"submitted": true, "locationType": "Unsafe pedestrian or tramway crossing", "greatestDangerTo": "Pedestrians", "layer": "DangerousLocations_hki", "status": "active_hazard"}, "geometry": {"type": "Point", "coordinates": [24.909157000589484, 60.15953899648488]}}, {"type": "Feature", "properties": {"submitted": true, "locationType": "A dangerous location related to construction site arrangements", "greatestDangerTo": "Pedestrians", "layer": "DangerousLocations_hki", "status": "active_hazard"}, "geometry": {"type": "Point", "coordinates": [24.909269000745297, 60.15723099964534]}}, {"type": "Feature", "properties": {"submitted": true, "locationType": "Issue regarding quality of the route or its continuity", "greatestDangerTo": "Pedestrians", "layer": "DangerousLocations_hki", "status": "active_hazard"}, "geometry": {"type": "Point", "coordinates": [24.927868999563145, 60.16510900396786]}}, {"type": "Feature", "properties": {"submitted": true, "locationType": "Unsafe pedestrian or tramway crossing", "greatestDangerTo": "Pedestrians", "layer": "DangerousLocations_hki", "status": "active_hazard"}, "geometry": {"type": "Point", "coordinates": [24.93204900055968, 60.15968400049952]}}, {"type": "Feature", "properties": {"submitted": true, "locationType": "Issue regarding quality of the route or its continuity", "greatestDangerTo": "Car drivers", "layer": "DangerousLocations_hki", "status": "active_hazard"}, "geometry": {"type": "Point", "coordinates": [24.926327999477362, 60.16439099683749]}}, {"type": "Feature", "properties": {"submitted": true, "locationType": "Issue regarding quality of the route or its continuity", "greatestDangerTo": "Car drivers", "layer": "DangerousLocations_hki", "status": "active_hazard"}, "geometry": {"type": "Point", "coordinates": [24.924847000446263, 60.16484699752425]}}, {"type": "Feature", "properties": {"submitted": true, "locationType": "A dangerous location related to construction site arrangements", "greatestDangerTo": "Pedestrians", "layer": "DangerousLocations_hki", "status": "active_hazard"}, "geometry": {"type": "Point", "coordinates": [24.925655999691166, 60.16576100237046]}}, {"type": "Feature", "properties": {"submitted": true, "locationType": "A dangerous or difficult intersection", "greatestDangerTo": "Pedestrians", "layer": "DangerousLocations_hki", "status": "active_hazard"}, "geometry": {"type": "Point", "coordinates": [24.926762000444185, 60.16410699687074]}}, {"type": "Feature", "properties": {"submitted": true, "locationType": "Unsafe pedestrian or tramway crossing", "greatestDangerTo": "Car drivers", "layer": "DangerousLocations_hki", "status": "active_hazard"}, "geometry": {"type": "Point", "coordinates": [24.966473000726946, 60.19252099775041]}}, {"type": "Feature", "properties": {"submitted": true, "locationType": "A dangerous or difficult intersection", "greatestDangerTo": "Cyclists (incl. e-bikes)", "layer": "DangerousLocations_hki", "status": "active_hazard"}, "geometry": {"type": "Point", "coordinates": [24.976796000400803, 60.210463998873664]}}, {"type": "Feature", "properties": {"submitted": true, "locationType": "A dangerous or difficult intersection", "greatestDangerTo": "Cyclists (incl. e-bikes)", "layer": "DangerousLocations_hki", "status": "active_hazard"}, "geometry": {"type": "Point", "coordinates": [24.87986500055756, 60.20917499851138]}}, {"type": "Feature", "properties": {"submitted": true, "locationType": "Issue regarding quality of the route or its continuity", "greatestDangerTo": "Cyclists (incl. e-bikes)", "layer": "DangerousLocations_hki", "status": "active_hazard"}, "geometry": {"type": "Point", "coordinates": [24.856246001074116, 60.183776996151146]}}, {"type": "Feature", "properties": {"submitted": true, "locationType": "Some other issue", "greatestDangerTo": "Cyclists (incl. e-bikes)", "layer": "DangerousLocations_hki", "status": "active_hazard"}, "geometry": {"type": "Point", "coordinates": [24.92490300066803, 60.16101499818262]}}, {"type": "Feature", "properties": {"submitted": true, "locationType": "A poorly placed public transport stop", "greatestDangerTo": "Public transport users", "layer": "DangerousLocations_hki", "status": "active_hazard"}, "geometry": {"type": "Point", "coordinates": [24.881980999430876, 60.20295800016727]}}, {"type": "Feature", "properties": {"submitted": true, "locationType": "A dangerous or difficult intersection", "greatestDangerTo": "Cyclists (incl. e-bikes)", "layer": "DangerousLocations_hki", "status": "active_hazard"}, "geometry": {"type": "Point", "coordinates": [24.921583999938196, 60.16244500055439]}}, {"type": "Feature", "properties": {"submitted": true, "locationType": "A dangerous location related to construction site arrangements", "greatestDangerTo": "Pedestrians", "layer": "DangerousLocations_hki", "status": "active_hazard"}, "geometry": {"type": "Point", "coordinates": [24.925372000146158, 60.16629599689028]}}, {"type": "Feature", "properties": {"submitted": true, "locationType": "A dangerous or difficult intersection", "greatestDangerTo": "Cyclists (incl. e-bikes)", "layer": "DangerousLocations_hki", "status": "active_hazard"}, "geometry": {"type": "Point", "coordinates": [24.973065999032695, 60.225018002155146]}}, {"type": "Feature", "properties": {"submitted": true, "locationType": "Unsafe pedestrian or tramway crossing", "greatestDangerTo": "Pedestrians", "layer": "DangerousLocations_hki", "status": "active_hazard"}, "geometry": {"type": "Point", "coordinates": [24.9733410003683, 60.22576899583753]}}, {"type": "Feature", "properties": {"submitted": true, "locationType": "Unsafe pedestrian or tramway crossing", "greatestDangerTo": "Pedestrians", "layer": "DangerousLocations_hki", "status": "active_hazard"}, "geometry": {"type": "Point", "coordinates": [24.972170999130757, 60.227193000148596]}}, {"type": "Feature", "properties": {"submitted": true, "locationType": "Some other issue", "greatestDangerTo": "Car drivers", "layer": "DangerousLocations_hki", "status": "active_hazard"}, "geometry": {"type": "Point", "coordinates": [24.862619000335027, 60.23329600297645]}}, {"type": "Feature", "properties": {"submitted": true, "locationType": "A dangerous or difficult intersection", "greatestDangerTo": "Car drivers", "layer": "DangerousLocations_hki", "status": "active_hazard"}, "geometry": {"type": "Point", "coordinates": [24.86008199940383, 60.23745100222723]}}, {"type": "Feature", "properties": {"submitted": true, "locationType": "A dangerous or difficult intersection", "greatestDangerTo": "Pedestrians", "layer": "DangerousLocations_hki", "status": "active_hazard"}, "geometry": {"type": "Point", "coordinates": [24.93618499941425, 60.196485996196024]}}, {"type": "Feature", "properties": {"submitted": true, "locationType": "Unclear signage", "greatestDangerTo": "Pedestrians", "layer": "DangerousLocations_hki", "status": "active_hazard"}, "geometry": {"type": "Point", "coordinates": [24.94039800083733, 60.19571699608313]}}, {"type": "Feature", "properties": {"submitted": true, "locationType": "Issue regarding the condition of the road or its maintenance", "greatestDangerTo": "Pedestrians", "layer": "DangerousLocations_hki", "status": "active_hazard"}, "geometry": {"type": "Point", "coordinates": [24.946242000389677, 60.19248700167977]}}, {"type": "Feature", "properties": {"submitted": true, "locationType": "A dangerous or difficult intersection", "greatestDangerTo": "Pedestrians", "layer": "DangerousLocations_hki", "status": "active_hazard"}, "geometry": {"type": "Point", "coordinates": [24.943439000374017, 60.19326300174279]}}, {"type": "Feature", "properties": {"submitted": true, "locationType": "Pedestrian traffic lights that change too fast", "greatestDangerTo": "Pedestrians", "layer": "DangerousLocations_hki", "status": "active_hazard"}, "geometry": {"type": "Point", "coordinates": [24.949056999233193, 60.1906340005991]}}, {"type": "Feature", "properties": {"submitted": true, "locationType": "Unclear signage", "greatestDangerTo": "Pedestrians", "layer": "DangerousLocations_hki", "status": "active_hazard"}, "geometry": {"type": "Point", "coordinates": [24.93516000072355, 60.191604002764045]}}, {"type": "Feature", "properties": {"submitted": true, "locationType": "A dangerous location related to parking", "greatestDangerTo": "Persons using mobility aids (such as a wheelchair or walker)", "layer": "DangerousLocations_hki", "status": "active_hazard"}, "geometry": {"type": "Point", "coordinates": [24.929074000475847, 60.18876400053758]}}, {"type": "Feature", "properties": {"submitted": true, "locationType": "A dangerous location related to construction site arrangements", "greatestDangerTo": "Cyclists (incl. e-bikes)", "layer": "DangerousLocations_hki", "status": "active_hazard"}, "geometry": {"type": "Point", "coordinates": [24.934802999710232, 60.19663199660351]}}, {"type": "Feature", "properties": {"submitted": true, "locationType": "A dangerous location related to construction site arrangements", "greatestDangerTo": "Cyclists (incl. e-bikes)", "layer": "DangerousLocations_hki", "status": "active_hazard"}, "geometry": {"type": "Point", "coordinates": [24.921551999712236, 60.19040599737266]}}, {"type": "Feature", "properties": {"submitted": true, "locationType": "A poorly placed public transport stop", "greatestDangerTo": "Pedestrians", "layer": "DangerousLocations_hki", "status": "active_hazard"}, "geometry": {"type": "Point", "coordinates": [24.94646999924162, 60.19473600366643]}}, {"type": "Feature", "properties": {"submitted": true, "locationType": "A poorly placed public transport stop", "greatestDangerTo": "Public transport users", "layer": "DangerousLocations_hki", "status": "active_hazard"}, "geometry": {"type": "Point", "coordinates": [24.962320000583137, 60.189465002885306]}}, {"type": "Feature", "properties": {"submitted": true, "locationType": "A dangerous location related to parking", "greatestDangerTo": "Pedestrians", "layer": "DangerousLocations_hki", "status": "active_hazard"}, "geometry": {"type": "Point", "coordinates": [24.930476000804692, 60.1861219988384]}}, {"type": "Feature", "properties": {"submitted": true, "locationType": "Unsafe pedestrian or tramway crossing", "greatestDangerTo": "Cyclists (incl. e-bikes)", "layer": "DangerousLocations_hki", "status": "active_hazard"}, "geometry": {"type": "Point", "coordinates": [24.931827999921644, 60.192639000798444]}}, {"type": "Feature", "properties": {"submitted": true, "locationType": "Some other issue", "greatestDangerTo": "Pedestrians", "layer": "DangerousLocations_hki", "status": "active_hazard"}, "geometry": {"type": "Point", "coordinates": [24.992900000180704, 60.243331003298955]}}, {"type": "Feature", "properties": {"submitted": true, "locationType": "Unsafe pedestrian or tramway crossing", "greatestDangerTo": "Pedestrians", "layer": "DangerousLocations_hki", "status": "active_hazard"}, "geometry": {"type": "Point", "coordinates": [24.99319800102937, 60.24510299654932]}}, {"type": "Feature", "properties": {"submitted": true, "locationType": "A dangerous or difficult intersection", "greatestDangerTo": "Cyclists (incl. e-bikes)", "layer": "DangerousLocations_hki", "status": "active_hazard"}, "geometry": {"type": "Point", "coordinates": [25.016825000335377, 60.25420900422251]}}, {"type": "Feature", "properties": {"submitted": true, "locationType": "Unsafe pedestrian or tramway crossing", "greatestDangerTo": "Cyclists (incl. e-bikes)", "layer": "DangerousLocations_hki", "status": "active_hazard"}, "geometry": {"type": "Point", "coordinates": [24.99012899997743, 60.24287499615051]}}, {"type": "Feature", "properties": {"submitted": true, "locationType": "Unsafe pedestrian or tramway crossing", "greatestDangerTo": "Pedestrians", "layer": "DangerousLocations_hki", "status": "active_hazard"}, "geometry": {"type": "Point", "coordinates": [24.992643998972362, 60.24595500386936]}}, {"type": "Feature", "properties": {"submitted": true, "locationType": "Pedestrian traffic lights that change too fast", "greatestDangerTo": "Pedestrians", "layer": "DangerousLocations_hki", "status": "active_hazard"}, "geometry": {"type": "Point", "coordinates": [24.914779000853027, 60.190431999010556]}}, {"type": "Feature", "properties": {"submitted": true, "locationType": "A dangerous or difficult intersection", "greatestDangerTo": "Cyclists (incl. e-bikes)", "layer": "DangerousLocations_hki", "status": "active_hazard"}, "geometry": {"type": "Point", "coordinates": [24.901864000444665, 60.212552002510904]}}, {"type": "Feature", "properties": {"submitted": true, "locationType": "Some other issue", "greatestDangerTo": "Persons using mobility aids (such as a wheelchair or walker)", "layer": "DangerousLocations_hki", "status": "active_hazard"}, "geometry": {"type": "Point", "coordinates": [24.957466999089856, 60.21805800199642]}}, {"type": "Feature", "properties": {"submitted": true, "locationType": "Some other issue", "greatestDangerTo": "Pedestrians", "layer": "DangerousLocations_hki", "status": "active_hazard"}, "geometry": {"type": "Point", "coordinates": [24.978101998962288, 60.241061002518656]}}, {"type": "Feature", "properties": {"submitted": true, "locationType": "Unsafe pedestrian or tramway crossing", "greatestDangerTo": "Pedestrians", "layer": "DangerousLocations_hki", "status": "active_hazard"}, "geometry": {"type": "Point", "coordinates": [24.96206900027751, 60.19685599964434]}}, {"type": "Feature", "properties": {"submitted": true, "locationType": null, "greatestDangerTo": null, "layer": "DangerousLocations_hki", "status": "active_hazard"}, "geometry": {"type": "Point", "coordinates": [24.98237099971216, 60.27601699980874]}}, {"type": "Feature", "properties": {"submitted": true, "locationType": "Unclear signage", "greatestDangerTo": "Pedestrians", "layer": "DangerousLocations_hki", "status": "active_hazard"}, "geometry": {"type": "Point", "coordinates": [24.88742799951212, 60.26174800186935]}}, {"type": "Feature", "properties": {"submitted": true, "locationType": "Unsafe pedestrian or tramway crossing", "greatestDangerTo": "Pedestrians", "layer": "DangerousLocations_hki", "status": "active_hazard"}, "geometry": {"type": "Point", "coordinates": [25.051687000295516, 60.23030899682219]}}, {"type": "Feature", "properties": {"submitted": true, "locationType": "Unsafe pedestrian or tramway crossing", "greatestDangerTo": "Pedestrians", "layer": "DangerousLocations_hki", "status": "active_hazard"}, "geometry": {"type": "Point", "coordinates": [25.030439000307087, 60.22719099765623]}}, {"type": "Feature", "properties": {"submitted": true, "locationType": "A dangerous or difficult intersection", "greatestDangerTo": "Pedestrians", "layer": "DangerousLocations_hki", "status": "active_hazard"}, "geometry": {"type": "Point", "coordinates": [25.02764399956026, 60.22763100442917]}}, {"type": "Feature", "properties": {"submitted": true, "locationType": "A dangerous or difficult intersection", "greatestDangerTo": "Cyclists (incl. e-bikes)", "layer": "DangerousLocations_hki", "status": "active_hazard"}, "geometry": {"type": "Point", "coordinates": [24.927438999823462, 60.17118600173636]}}, {"type": "Feature", "properties": {"submitted": true, "locationType": "A dangerous or difficult intersection", "greatestDangerTo": "Car drivers", "layer": "DangerousLocations_hki", "status": "active_hazard"}, "geometry": {"type": "Point", "coordinates": [24.97967400029181, 60.18286399735766]}}, {"type": "Feature", "properties": {"submitted": true, "locationType": "Some other issue", "greatestDangerTo": "Cyclists (incl. e-bikes)", "layer": "DangerousLocations_hki", "status": "active_hazard"}, "geometry": {"type": "Point", "coordinates": [24.96151199980111, 60.211152000283676]}}, {"type": "Feature", "properties": {"submitted": true, "locationType": "A dangerous or difficult intersection", "greatestDangerTo": "Cyclists (incl. e-bikes)", "layer": "DangerousLocations_hki", "status": "active_hazard"}, "geometry": {"type": "Point", "coordinates": [24.965433000965525, 60.2003329984126]}}, {"type": "Feature", "properties": {"submitted": true, "locationType": "Unsafe pedestrian or tramway crossing", "greatestDangerTo": "Pedestrians", "layer": "DangerousLocations_hki", "status": "active_hazard"}, "geometry": {"type": "Point", "coordinates": [24.95886600099433, 60.21598599562798]}}, {"type": "Feature", "properties": {"submitted": true, "locationType": "Issue regarding quality of the route or its continuity", "greatestDangerTo": "Cyclists (incl. e-bikes)", "layer": "DangerousLocations_hki", "status": "active_hazard"}, "geometry": {"type": "Point", "coordinates": [24.93544500020412, 60.17249700422584]}}, {"type": "Feature", "properties": {"submitted": true, "locationType": "A dangerous or difficult intersection", "greatestDangerTo": "Cyclists (incl. e-bikes)", "layer": "DangerousLocations_hki", "status": "active_hazard"}, "geometry": {"type": "Point", "coordinates": [24.951147000673295, 60.186556999939256]}}, {"type": "Feature", "properties": {"submitted": true, "locationType": "Unsafe pedestrian or tramway crossing", "greatestDangerTo": "Pedestrians", "layer": "DangerousLocations_hki", "status": "active_hazard"}, "geometry": {"type": "Point", "coordinates": [24.98172400043522, 60.18888300055357]}}, {"type": "Feature", "properties": {"submitted": true, "locationType": "A dangerous or difficult intersection", "greatestDangerTo": "Cyclists (incl. e-bikes)", "layer": "DangerousLocations_hki", "status": "active_hazard"}, "geometry": {"type": "Point", "coordinates": [25.056173000015267, 60.207272000584815]}}, {"type": "Feature", "properties": {"submitted": true, "locationType": "Unsafe pedestrian or tramway crossing", "greatestDangerTo": "Pedestrians", "layer": "DangerousLocations_hki", "status": "active_hazard"}, "geometry": {"type": "Point", "coordinates": [24.947473999997467, 60.18961999648233]}}, {"type": "Feature", "properties": {"submitted": true, "locationType": "Pedestrian traffic lights that change too fast", "greatestDangerTo": "Pedestrians", "layer": "DangerousLocations_hki", "status": "active_hazard"}, "geometry": {"type": "Point", "coordinates": [24.94915599982442, 60.190542003703264]}}, {"type": "Feature", "properties": {"submitted": true, "locationType": "Unsafe pedestrian or tramway crossing", "greatestDangerTo": "Pedestrians", "layer": "DangerousLocations_hki", "status": "active_hazard"}, "geometry": {"type": "Point", "coordinates": [24.946237999669385, 60.190645996776325]}}, {"type": "Feature", "properties": {"submitted": true, "locationType": "A dangerous or difficult intersection", "greatestDangerTo": "Pedestrians", "layer": "DangerousLocations_hki", "status": "active_hazard"}, "geometry": {"type": "Point", "coordinates": [24.976830999788913, 60.18329300200079]}}, {"type": "Feature", "properties": {"submitted": true, "locationType": "Pedestrian traffic lights that change too fast", "greatestDangerTo": null, "layer": "DangerousLocations_hki", "status": "active_hazard"}, "geometry": {"type": "Point", "coordinates": [24.894013998917757, 60.20408000405074]}}, {"type": "Feature", "properties": {"submitted": true, "locationType": "Pedestrian traffic lights that change too fast", "greatestDangerTo": "Pedestrians", "layer": "DangerousLocations_hki", "status": "active_hazard"}, "geometry": {"type": "Point", "coordinates": [24.91065900041373, 60.19132700346057]}}, {"type": "Feature", "properties": {"submitted": true, "locationType": "A dangerous or difficult intersection", "greatestDangerTo": "Cyclists (incl. e-bikes)", "layer": "DangerousLocations_hki", "status": "active_hazard"}, "geometry": {"type": "Point", "coordinates": [24.84578899992125, 60.24384599955038]}}, {"type": "Feature", "properties": {"submitted": true, "locationType": "A poorly placed public transport stop", "greatestDangerTo": "Cyclists (incl. e-bikes)", "layer": "DangerousLocations_hki", "status": "active_hazard"}, "geometry": {"type": "Point", "coordinates": [24.86961900037563, 60.18717400440997]}}, {"type": "Feature", "properties": {"submitted": false, "locationType": null, "greatestDangerTo": null, "layer": "DangerousLocations_hki", "status": "active_hazard"}, "geometry": {"type": "Point", "coordinates": [24.983600000500466, 60.19960799792644]}}, {"type": "Feature", "properties": {"submitted": true, "locationType": "Some other issue", "greatestDangerTo": "Pedestrians", "layer": "DangerousLocations_hki", "status": "active_hazard"}, "geometry": {"type": "Point", "coordinates": [24.981725000382845, 60.18723300113534]}}, {"type": "Feature", "properties": {"submitted": true, "locationType": "Unsafe pedestrian or tramway crossing", "greatestDangerTo": "Pedestrians", "layer": "DangerousLocations_hki", "status": "active_hazard"}, "geometry": {"type": "Point", "coordinates": [24.98163700043309, 60.18751500174362]}}, {"type": "Feature", "properties": {"submitted": true, "locationType": "Unclear signage", "greatestDangerTo": "Pedestrians", "layer": "DangerousLocations_hki", "status": "active_hazard"}, "geometry": {"type": "Point", "coordinates": [24.979735001018557, 60.18572999701015]}}, {"type": "Feature", "properties": {"submitted": true, "locationType": "Unsafe pedestrian or tramway crossing", "greatestDangerTo": "Pedestrians", "layer": "DangerousLocations_hki", "status": "active_hazard"}, "geometry": {"type": "Point", "coordinates": [24.86687399981305, 60.25164000040282]}}, {"type": "Feature", "properties": {"submitted": false, "locationType": "A dangerous or difficult intersection", "greatestDangerTo": "Car drivers", "layer": "DangerousLocations_hki", "status": "active_hazard"}, "geometry": {"type": "Point", "coordinates": [24.891867999423553, 60.25885600271657]}}, {"type": "Feature", "properties": {"submitted": true, "locationType": "Unsafe pedestrian or tramway crossing", "greatestDangerTo": "Pedestrians", "layer": "DangerousLocations_hki", "status": "active_hazard"}, "geometry": {"type": "Point", "coordinates": [24.950831999008447, 60.16724800270031]}}, {"type": "Feature", "properties": {"submitted": true, "locationType": "Unsafe pedestrian or tramway crossing", "greatestDangerTo": "Car drivers", "layer": "DangerousLocations_hki", "status": "active_hazard"}, "geometry": {"type": "Point", "coordinates": [24.925689000491108, 60.16504499734621]}}, {"type": "Feature", "properties": {"submitted": true, "locationType": "Unsafe pedestrian or tramway crossing", "greatestDangerTo": "Pedestrians", "layer": "DangerousLocations_hki", "status": "active_hazard"}, "geometry": {"type": "Point", "coordinates": [24.92505899964903, 60.16588400362341]}}, {"type": "Feature", "properties": {"submitted": true, "locationType": "A dangerous or difficult intersection", "greatestDangerTo": "Pedestrians", "layer": "DangerousLocations_hki", "status": "active_hazard"}, "geometry": {"type": "Point", "coordinates": [24.979925998958883, 60.186249004067726]}}, {"type": "Feature", "properties": {"submitted": true, "locationType": "Unclear signage", "greatestDangerTo": "Pedestrians", "layer": "DangerousLocations_hki", "status": "active_hazard"}, "geometry": {"type": "Point", "coordinates": [24.97860999969255, 60.18585500005469]}}, {"type": "Feature", "properties": {"submitted": true, "locationType": "Issue regarding quality of the route or its continuity", "greatestDangerTo": "Pedestrians", "layer": "DangerousLocations_hki", "status": "active_hazard"}, "geometry": {"type": "Point", "coordinates": [24.95138599953216, 60.17958499872481]}}, {"type": "Feature", "properties": {"submitted": true, "locationType": "Unclear signage", "greatestDangerTo": "Pedestrians", "layer": "DangerousLocations_hki", "status": "active_hazard"}, "geometry": {"type": "Point", "coordinates": [24.96169899960206, 60.181719998204656]}}, {"type": "Feature", "properties": {"submitted": true, "locationType": "A dangerous or difficult intersection", "greatestDangerTo": "Cyclists (incl. e-bikes)", "layer": "DangerousLocations_hki", "status": "active_hazard"}, "geometry": {"type": "Point", "coordinates": [24.941973000536112, 60.16079900032586]}}, {"type": "Feature", "properties": {"submitted": true, "locationType": "Unclear signage", "greatestDangerTo": "Pedestrians", "layer": "DangerousLocations_hki", "status": "active_hazard"}, "geometry": {"type": "Point", "coordinates": [24.902719000141712, 60.19733899687509]}}, {"type": "Feature", "properties": {"submitted": true, "locationType": "Some other issue", "greatestDangerTo": "Pedestrians", "layer": "DangerousLocations_hki", "status": "active_hazard"}, "geometry": {"type": "Point", "coordinates": [24.939552999371074, 60.17987499848384]}}, {"type": "Feature", "properties": {"submitted": true, "locationType": "Issue regarding the condition of the road or its maintenance", "greatestDangerTo": "Cyclists (incl. e-bikes)", "layer": "DangerousLocations_hki", "status": "active_hazard"}, "geometry": {"type": "Point", "coordinates": [24.954288001028853, 60.22226299562184]}}, {"type": "Feature", "properties": {"submitted": true, "locationType": "Issue regarding the condition of the road or its maintenance", "greatestDangerTo": "Cyclists (incl. e-bikes)", "layer": "DangerousLocations_hki", "status": "active_hazard"}, "geometry": {"type": "Point", "coordinates": [24.958359000227446, 60.22403800080347]}}, {"type": "Feature", "properties": {"submitted": true, "locationType": "A dangerous or difficult intersection", "greatestDangerTo": "Cyclists (incl. e-bikes)", "layer": "DangerousLocations_hki", "status": "active_hazard"}, "geometry": {"type": "Point", "coordinates": [24.985521000254288, 60.23741699868535]}}, {"type": "Feature", "properties": {"submitted": true, "locationType": "A dangerous or difficult intersection", "greatestDangerTo": "Pedestrians", "layer": "DangerousLocations_hki", "status": "active_hazard"}, "geometry": {"type": "Point", "coordinates": [24.9334269995314, 60.2011830021354]}}, {"type": "Feature", "properties": {"submitted": true, "locationType": "A dangerous or difficult intersection", "greatestDangerTo": "Cyclists (incl. e-bikes)", "layer": "DangerousLocations_hki", "status": "active_hazard"}, "geometry": {"type": "Point", "coordinates": [24.986478000838954, 60.2380239969985]}}, {"type": "Feature", "properties": {"submitted": true, "locationType": "Unsafe pedestrian or tramway crossing", "greatestDangerTo": "Pedestrians", "layer": "DangerousLocations_hki", "status": "active_hazard"}, "geometry": {"type": "Point", "coordinates": [24.992590000099568, 60.24600300272931]}}, {"type": "Feature", "properties": {"submitted": true, "locationType": "Issue regarding quality of the route or its continuity", "greatestDangerTo": "Pedestrians", "layer": "DangerousLocations_hki", "status": "active_hazard"}, "geometry": {"type": "Point", "coordinates": [24.936847999867357, 60.207488000753195]}}, {"type": "Feature", "properties": {"submitted": true, "locationType": "A dangerous or difficult intersection", "greatestDangerTo": "Car drivers", "layer": "DangerousLocations_hki", "status": "active_hazard"}, "geometry": {"type": "Point", "coordinates": [24.957001000333214, 60.19449199926688]}}, {"type": "Feature", "properties": {"submitted": true, "locationType": "Unsafe pedestrian or tramway crossing", "greatestDangerTo": "Pedestrians", "layer": "DangerousLocations_hki", "status": "active_hazard"}, "geometry": {"type": "Point", "coordinates": [24.962825999469246, 60.19594100213558]}}, {"type": "Feature", "properties": {"submitted": true, "locationType": "Pedestrian traffic lights that change too fast", "greatestDangerTo": "Pedestrians", "layer": "DangerousLocations_hki", "status": "active_hazard"}, "geometry": {"type": "Point", "coordinates": [24.963975000618046, 60.18907999873821]}}, {"type": "Feature", "properties": {"submitted": true, "locationType": "Pedestrian traffic lights that change too fast", "greatestDangerTo": "Pedestrians", "layer": "DangerousLocations_hki", "status": "active_hazard"}, "geometry": {"type": "Point", "coordinates": [24.968032999581823, 60.186149997452986]}}, {"type": "Feature", "properties": {"submitted": true, "locationType": "Some other issue", "greatestDangerTo": "Pedestrians", "layer": "DangerousLocations_hki", "status": "active_hazard"}, "geometry": {"type": "Point", "coordinates": [25.03013299916028, 60.19501700095383]}}, {"type": "Feature", "properties": {"submitted": true, "locationType": "Some other issue", "greatestDangerTo": "Pedestrians", "layer": "DangerousLocations_hki", "status": "active_hazard"}, "geometry": {"type": "Point", "coordinates": [25.077525999540804, 60.23283100016207]}}, {"type": "Feature", "properties": {"submitted": true, "locationType": "Some other issue", "greatestDangerTo": "Pedestrians", "layer": "DangerousLocations_hki", "status": "active_hazard"}, "geometry": {"type": "Point", "coordinates": [25.086339999978904, 60.23881299849956]}}, {"type": "Feature", "properties": {"submitted": true, "locationType": "Unsafe pedestrian or tramway crossing", "greatestDangerTo": "Cyclists (incl. e-bikes)", "layer": "DangerousLocations_hki", "status": "active_hazard"}, "geometry": {"type": "Point", "coordinates": [25.074364000570938, 60.239770003615554]}}, {"type": "Feature", "properties": {"submitted": true, "locationType": "Some other issue", "greatestDangerTo": "Cyclists (incl. e-bikes)", "layer": "DangerousLocations_hki", "status": "active_hazard"}, "geometry": {"type": "Point", "coordinates": [25.08581700061073, 60.20895900226439]}}, {"type": "Feature", "properties": {"submitted": true, "locationType": "Some other issue", "greatestDangerTo": "Cyclists (incl. e-bikes)", "layer": "DangerousLocations_hki", "status": "active_hazard"}, "geometry": {"type": "Point", "coordinates": [25.082416000055456, 60.256976000423045]}}, {"type": "Feature", "properties": {"submitted": true, "locationType": "Some other issue", "greatestDangerTo": "Cyclists (incl. e-bikes)", "layer": "DangerousLocations_hki", "status": "active_hazard"}, "geometry": {"type": "Point", "coordinates": [24.940493999253288, 60.168725001483544]}}, {"type": "Feature", "properties": {"submitted": true, "locationType": "Some other issue", "greatestDangerTo": "Cyclists (incl. e-bikes)", "layer": "DangerousLocations_hki", "status": "active_hazard"}, "geometry": {"type": "Point", "coordinates": [25.08672900003455, 60.242281998617216]}}, {"type": "Feature", "properties": {"submitted": true, "locationType": "Unsafe pedestrian or tramway crossing", "greatestDangerTo": "Cyclists (incl. e-bikes)", "layer": "DangerousLocations_hki", "status": "active_hazard"}, "geometry": {"type": "Point", "coordinates": [25.03022699931437, 60.19478499972445]}}, {"type": "Feature", "properties": {"submitted": true, "locationType": "Unsafe pedestrian or tramway crossing", "greatestDangerTo": "Cyclists (incl. e-bikes)", "layer": "DangerousLocations_hki", "status": "active_hazard"}, "geometry": {"type": "Point", "coordinates": [25.040256999510184, 60.192537002093495]}}, {"type": "Feature", "properties": {"submitted": true, "locationType": "Unsafe pedestrian or tramway crossing", "greatestDangerTo": "Cyclists (incl. e-bikes)", "layer": "DangerousLocations_hki", "status": "active_hazard"}, "geometry": {"type": "Point", "coordinates": [25.042531000284864, 60.192646000722014]}}, {"type": "Feature", "properties": {"submitted": true, "locationType": "Unsafe pedestrian or tramway crossing", "greatestDangerTo": "Cyclists (incl. e-bikes)", "layer": "DangerousLocations_hki", "status": "active_hazard"}, "geometry": {"type": "Point", "coordinates": [25.02261599951987, 60.230887002406845]}}, {"type": "Feature", "properties": {"submitted": true, "locationType": "Unsafe pedestrian or tramway crossing", "greatestDangerTo": "Cyclists (incl. e-bikes)", "layer": "DangerousLocations_hki", "status": "active_hazard"}, "geometry": {"type": "Point", "coordinates": [25.030746999362833, 60.23375699643077]}}, {"type": "Feature", "properties": {"submitted": true, "locationType": "Unsafe pedestrian or tramway crossing", "greatestDangerTo": "Cyclists (incl. e-bikes)", "layer": "DangerousLocations_hki", "status": "active_hazard"}, "geometry": {"type": "Point", "coordinates": [25.033867999635415, 60.234599997897504]}}, {"type": "Feature", "properties": {"submitted": true, "locationType": "A dangerous or difficult intersection", "greatestDangerTo": "Pedestrians", "layer": "DangerousLocations_hki", "status": "active_hazard"}, "geometry": {"type": "Point", "coordinates": [25.063459000616213, 60.23296700413444]}}, {"type": "Feature", "properties": {"submitted": true, "locationType": "Unsafe pedestrian or tramway crossing", "greatestDangerTo": "Cyclists (incl. e-bikes)", "layer": "DangerousLocations_hki", "status": "active_hazard"}, "geometry": {"type": "Point", "coordinates": [25.051636000430136, 60.23032400154041]}}, {"type": "Feature", "properties": {"submitted": true, "locationType": "Unsafe pedestrian or tramway crossing", "greatestDangerTo": "Cyclists (incl. e-bikes)", "layer": "DangerousLocations_hki", "status": "active_hazard"}, "geometry": {"type": "Point", "coordinates": [25.08635199948084, 60.21091099620679]}}, {"type": "Feature", "properties": {"submitted": true, "locationType": "Unsafe pedestrian or tramway crossing", "greatestDangerTo": "Cyclists (incl. e-bikes)", "layer": "DangerousLocations_hki", "status": "active_hazard"}, "geometry": {"type": "Point", "coordinates": [25.05629000025863, 60.209066998526524]}}, {"type": "Feature", "properties": {"submitted": true, "locationType": "Unsafe pedestrian or tramway crossing", "greatestDangerTo": "Cyclists (incl. e-bikes)", "layer": "DangerousLocations_hki", "status": "active_hazard"}, "geometry": {"type": "Point", "coordinates": [25.060049999231698, 60.209520003400655]}}, {"type": "Feature", "properties": {"submitted": true, "locationType": "A dangerous or difficult intersection", "greatestDangerTo": "Cyclists (incl. e-bikes)", "layer": "DangerousLocations_hki", "status": "active_hazard"}, "geometry": {"type": "Point", "coordinates": [25.083849999468317, 60.213983003058736]}}, {"type": "Feature", "properties": {"submitted": true, "locationType": "A dangerous or difficult intersection", "greatestDangerTo": "Cyclists (incl. e-bikes)", "layer": "DangerousLocations_hki", "status": "active_hazard"}, "geometry": {"type": "Point", "coordinates": [25.084013000545117, 60.21373499830819]}}, {"type": "Feature", "properties": {"submitted": true, "locationType": "Unsafe pedestrian or tramway crossing", "greatestDangerTo": "Cyclists (incl. e-bikes)", "layer": "DangerousLocations_hki", "status": "active_hazard"}, "geometry": {"type": "Point", "coordinates": [25.09627899956613, 60.21637899789991]}}, {"type": "Feature", "properties": {"submitted": true, "locationType": "Unsafe pedestrian or tramway crossing", "greatestDangerTo": "Cyclists (incl. e-bikes)", "layer": "DangerousLocations_hki", "status": "active_hazard"}, "geometry": {"type": "Point", "coordinates": [25.084568999380394, 60.26002600389958]}}, {"type": "Feature", "properties": {"submitted": true, "locationType": "Issue regarding quality of the route or its continuity", "greatestDangerTo": "Pedestrians", "layer": "DangerousLocations_hki", "status": "active_hazard"}, "geometry": {"type": "Point", "coordinates": [25.03135899960973, 60.19424699832649]}}, {"type": "Feature", "properties": {"submitted": true, "locationType": "Unsafe pedestrian or tramway crossing", "greatestDangerTo": "Cyclists (incl. e-bikes)", "layer": "DangerousLocations_hki", "status": "active_hazard"}, "geometry": {"type": "Point", "coordinates": [25.049807999460775, 60.20450499705561]}}, {"type": "Feature", "properties": {"submitted": true, "locationType": "Unsafe pedestrian or tramway crossing", "greatestDangerTo": "Cyclists (incl. e-bikes)", "layer": "DangerousLocations_hki", "status": "active_hazard"}, "geometry": {"type": "Point", "coordinates": [25.048482999372855, 60.20500799959093]}}, {"type": "Feature", "properties": {"submitted": true, "locationType": "A dangerous or difficult intersection", "greatestDangerTo": "Cyclists (incl. e-bikes)", "layer": "DangerousLocations_hki", "status": "active_hazard"}, "geometry": {"type": "Point", "coordinates": [25.047403000346872, 60.20415999804164]}}, {"type": "Feature", "properties": {"submitted": true, "locationType": "Unsafe pedestrian or tramway crossing", "greatestDangerTo": "Cyclists (incl. e-bikes)", "layer": "DangerousLocations_hki", "status": "active_hazard"}, "geometry": {"type": "Point", "coordinates": [25.04627399922467, 60.20338999796545]}}, {"type": "Feature", "properties": {"submitted": true, "locationType": "Unsafe pedestrian or tramway crossing", "greatestDangerTo": "Cyclists (incl. e-bikes)", "layer": "DangerousLocations_hki", "status": "active_hazard"}, "geometry": {"type": "Point", "coordinates": [25.04602300064119, 60.20323000109544]}}, {"type": "Feature", "properties": {"submitted": true, "locationType": "Unsafe pedestrian or tramway crossing", "greatestDangerTo": "Cyclists (incl. e-bikes)", "layer": "DangerousLocations_hki", "status": "active_hazard"}, "geometry": {"type": "Point", "coordinates": [25.047888999812468, 60.204454996874965]}}, {"type": "Feature", "properties": {"submitted": true, "locationType": "Unsafe pedestrian or tramway crossing", "greatestDangerTo": "Cyclists (incl. e-bikes)", "layer": "DangerousLocations_hki", "status": "active_hazard"}, "geometry": {"type": "Point", "coordinates": [25.01737700054772, 60.22471400063687]}}, {"type": "Feature", "properties": {"submitted": true, "locationType": "Unsafe pedestrian or tramway crossing", "greatestDangerTo": "Cyclists (incl. e-bikes)", "layer": "DangerousLocations_hki", "status": "active_hazard"}, "geometry": {"type": "Point", "coordinates": [25.0089710002159, 60.2256309982483]}}, {"type": "Feature", "properties": {"submitted": true, "locationType": "Unsafe pedestrian or tramway crossing", "greatestDangerTo": "Cyclists (incl. e-bikes)", "layer": "DangerousLocations_hki", "status": "active_hazard"}, "geometry": {"type": "Point", "coordinates": [25.00805500014555, 60.22583599600725]}}, {"type": "Feature", "properties": {"submitted": true, "locationType": "A dangerous or difficult intersection", "greatestDangerTo": "Pedestrians", "layer": "DangerousLocations_hki", "status": "active_hazard"}, "geometry": {"type": "Point", "coordinates": [24.9798080007259, 60.21682500151809]}}, {"type": "Feature", "properties": {"submitted": true, "locationType": "Issue regarding quality of the route or its continuity", "greatestDangerTo": "Cyclists (incl. e-bikes)", "layer": "DangerousLocations_hki", "status": "active_hazard"}, "geometry": {"type": "Point", "coordinates": [25.00849500022894, 60.23020099923058]}}, {"type": "Feature", "properties": {"submitted": true, "locationType": "Unsafe pedestrian or tramway crossing", "greatestDangerTo": "Cyclists (incl. e-bikes)", "layer": "DangerousLocations_hki", "status": "active_hazard"}, "geometry": {"type": "Point", "coordinates": [25.061539000568008, 60.27003599575838]}}, {"type": "Feature", "properties": {"submitted": true, "locationType": "Unsafe pedestrian or tramway crossing", "greatestDangerTo": "Cyclists (incl. e-bikes)", "layer": "DangerousLocations_hki", "status": "active_hazard"}, "geometry": {"type": "Point", "coordinates": [25.15362199984392, 60.20230300377633]}}, {"type": "Feature", "properties": {"submitted": true, "locationType": "Unsafe pedestrian or tramway crossing", "greatestDangerTo": "Cyclists (incl. e-bikes)", "layer": "DangerousLocations_hki", "status": "active_hazard"}, "geometry": {"type": "Point", "coordinates": [25.13391199933803, 60.21362899683226]}}, {"type": "Feature", "properties": {"submitted": true, "locationType": "Issue regarding quality of the route or its continuity", "greatestDangerTo": "Cyclists (incl. e-bikes)", "layer": "DangerousLocations_hki", "status": "active_hazard"}, "geometry": {"type": "Point", "coordinates": [25.118485999242264, 60.23290099999795]}}, {"type": "Feature", "properties": {"submitted": true, "locationType": "Unsafe pedestrian or tramway crossing", "greatestDangerTo": "Cyclists (incl. e-bikes)", "layer": "DangerousLocations_hki", "status": "active_hazard"}, "geometry": {"type": "Point", "coordinates": [25.062359000072277, 60.26992100209265]}}, {"type": "Feature", "properties": {"submitted": true, "locationType": "A dangerous or difficult intersection", "greatestDangerTo": "Cyclists (incl. e-bikes)", "layer": "DangerousLocations_hki", "status": "active_hazard"}, "geometry": {"type": "Point", "coordinates": [24.963218999408422, 60.18819999868454]}}, {"type": "Feature", "properties": {"submitted": true, "locationType": "Unsafe pedestrian or tramway crossing", "greatestDangerTo": "Pedestrians", "layer": "DangerousLocations_hki", "status": "active_hazard"}, "geometry": {"type": "Point", "coordinates": [25.086493000705868, 60.24187300156621]}}, {"type": "Feature", "properties": {"submitted": true, "locationType": "Unsafe pedestrian or tramway crossing", "greatestDangerTo": "Pedestrians", "layer": "DangerousLocations_hki", "status": "active_hazard"}, "geometry": {"type": "Point", "coordinates": [25.086081000748063, 60.2409050005345]}}, {"type": "Feature", "properties": {"submitted": true, "locationType": "Unsafe pedestrian or tramway crossing", "greatestDangerTo": "Pedestrians", "layer": "DangerousLocations_hki", "status": "active_hazard"}, "geometry": {"type": "Point", "coordinates": [25.087763000311508, 60.24327800204074]}}, {"type": "Feature", "properties": {"submitted": true, "locationType": "Unsafe pedestrian or tramway crossing", "greatestDangerTo": "Pedestrians", "layer": "DangerousLocations_hki", "status": "active_hazard"}, "geometry": {"type": "Point", "coordinates": [25.08843700018535, 60.24375200022222]}}, {"type": "Feature", "properties": {"submitted": true, "locationType": "Unsafe pedestrian or tramway crossing", "greatestDangerTo": "Cyclists (incl. e-bikes)", "layer": "DangerousLocations_hki", "status": "active_hazard"}, "geometry": {"type": "Point", "coordinates": [25.073925999976375, 60.229366996141536]}}, {"type": "Feature", "properties": {"submitted": true, "locationType": "Unsafe pedestrian or tramway crossing", "greatestDangerTo": "Cyclists (incl. e-bikes)", "layer": "DangerousLocations_hki", "status": "active_hazard"}, "geometry": {"type": "Point", "coordinates": [25.074997999427428, 60.23043800020676]}}, {"type": "Feature", "properties": {"submitted": true, "locationType": "Unsafe pedestrian or tramway crossing", "greatestDangerTo": "Cyclists (incl. e-bikes)", "layer": "DangerousLocations_hki", "status": "active_hazard"}, "geometry": {"type": "Point", "coordinates": [25.08147799946291, 60.23626499562649]}}, {"type": "Feature", "properties": {"submitted": true, "locationType": "A dangerous or difficult intersection", "greatestDangerTo": "Pedestrians", "layer": "DangerousLocations_hki", "status": "active_hazard"}, "geometry": {"type": "Point", "coordinates": [24.946419999367222, 60.20891499908876]}}, {"type": "Feature", "properties": {"submitted": true, "locationType": "Issue regarding quality of the route or its continuity", "greatestDangerTo": "Pedestrians", "layer": "DangerousLocations_hki", "status": "active_hazard"}, "geometry": {"type": "Point", "coordinates": [24.95520000011481, 60.162714003364194]}}, {"type": "Feature", "properties": {"submitted": true, "locationType": "Unsafe pedestrian or tramway crossing", "greatestDangerTo": "Pedestrians", "layer": "DangerousLocations_hki", "status": "active_hazard"}, "geometry": {"type": "Point", "coordinates": [25.053345999434846, 60.19495999842166]}}, {"type": "Feature", "properties": {"submitted": true, "locationType": "Unsafe pedestrian or tramway crossing", "greatestDangerTo": "Pedestrians", "layer": "DangerousLocations_hki", "status": "active_hazard"}, "geometry": {"type": "Point", "coordinates": [25.059803000697258, 60.201895998296344]}}, {"type": "Feature", "properties": {"submitted": true, "locationType": "Unsafe pedestrian or tramway crossing", "greatestDangerTo": "Cyclists (incl. e-bikes)", "layer": "DangerousLocations_hki", "status": "active_hazard"}, "geometry": {"type": "Point", "coordinates": [25.03625899943603, 60.193256997671824]}}, {"type": "Feature", "properties": {"submitted": true, "locationType": "Unclear signage", "greatestDangerTo": "Car drivers", "layer": "DangerousLocations_hki", "status": "active_hazard"}, "geometry": {"type": "Point", "coordinates": [24.911893999179455, 60.156953003789695]}}, {"type": "Feature", "properties": {"submitted": true, "locationType": "Some other issue", "greatestDangerTo": "Pedestrians", "layer": "DangerousLocations_hki", "status": "active_hazard"}, "geometry": {"type": "Point", "coordinates": [24.974942000237263, 60.165615997378346]}}, {"type": "Feature", "properties": {"submitted": true, "locationType": "A dangerous or difficult intersection", "greatestDangerTo": "Car drivers", "layer": "DangerousLocations_hki", "status": "active_hazard"}, "geometry": {"type": "Point", "coordinates": [25.061859999394347, 60.19133400036605]}}, {"type": "Feature", "properties": {"submitted": true, "locationType": "Unsafe pedestrian or tramway crossing", "greatestDangerTo": "Pedestrians", "layer": "DangerousLocations_hki", "status": "active_hazard"}, "geometry": {"type": "Point", "coordinates": [24.981629000160737, 60.187511996754615]}}, {"type": "Feature", "properties": {"submitted": true, "locationType": "A dangerous or difficult intersection", "greatestDangerTo": "Pedestrians", "layer": "DangerousLocations_hki", "status": "active_hazard"}, "geometry": {"type": "Point", "coordinates": [24.981743999069163, 60.18749800271313]}}, {"type": "Feature", "properties": {"submitted": true, "locationType": "Unsafe pedestrian or tramway crossing", "greatestDangerTo": "Cyclists (incl. e-bikes)", "layer": "DangerousLocations_hki", "status": "active_hazard"}, "geometry": {"type": "Point", "coordinates": [24.98165900035647, 60.18752200125668]}}, {"type": "Feature", "properties": {"submitted": true, "locationType": "Unsafe pedestrian or tramway crossing", "greatestDangerTo": "Pedestrians", "layer": "DangerousLocations_hki", "status": "active_hazard"}, "geometry": {"type": "Point", "coordinates": [24.951735999334666, 60.25772700318379]}}, {"type": "Feature", "properties": {"submitted": true, "locationType": "A dangerous or difficult intersection", "greatestDangerTo": "Pedestrians", "layer": "DangerousLocations_hki", "status": "active_hazard"}, "geometry": {"type": "Point", "coordinates": [24.920895000564887, 60.17003499954304]}}, {"type": "Feature", "properties": {"submitted": true, "locationType": "Unsafe pedestrian or tramway crossing", "greatestDangerTo": "Pedestrians", "layer": "DangerousLocations_hki", "status": "active_hazard"}, "geometry": {"type": "Point", "coordinates": [24.924846999601158, 60.16989800276213]}}, {"type": "Feature", "properties": {"submitted": true, "locationType": "Unsafe pedestrian or tramway crossing", "greatestDangerTo": "Pedestrians", "layer": "DangerousLocations_hki", "status": "active_hazard"}, "geometry": {"type": "Point", "coordinates": [24.920906999605652, 60.17011399603737]}}, {"type": "Feature", "properties": {"submitted": true, "locationType": "A dangerous or difficult intersection", "greatestDangerTo": "Cyclists (incl. e-bikes)", "layer": "DangerousLocations_hki", "status": "active_hazard"}, "geometry": {"type": "Point", "coordinates": [24.921019999791117, 60.17004100284379]}}, {"type": "Feature", "properties": {"submitted": true, "locationType": "Unsafe pedestrian or tramway crossing", "greatestDangerTo": "Pedestrians", "layer": "DangerousLocations_hki", "status": "active_hazard"}, "geometry": {"type": "Point", "coordinates": [24.923592999899256, 60.17000800310045]}}, {"type": "Feature", "properties": {"submitted": true, "locationType": "Unsafe pedestrian or tramway crossing", "greatestDangerTo": "Pedestrians", "layer": "DangerousLocations_hki", "status": "active_hazard"}, "geometry": {"type": "Point", "coordinates": [24.961920000741035, 60.19696099751164]}}, {"type": "Feature", "properties": {"submitted": true, "locationType": "A dangerous or difficult intersection", "greatestDangerTo": "Car drivers", "layer": "DangerousLocations_hki", "status": "active_hazard"}, "geometry": {"type": "Point", "coordinates": [24.964604999300775, 60.1920250023356]}}, {"type": "Feature", "properties": {"submitted": true, "locationType": "Unsafe pedestrian or tramway crossing", "greatestDangerTo": "Pedestrians", "layer": "DangerousLocations_hki", "status": "active_hazard"}, "geometry": {"type": "Point", "coordinates": [24.95727600004359, 60.19464200404871]}}, {"type": "Feature", "properties": {"submitted": true, "locationType": "Unsafe pedestrian or tramway crossing", "greatestDangerTo": "Pedestrians", "layer": "DangerousLocations_hki", "status": "active_hazard"}, "geometry": {"type": "Point", "coordinates": [24.964869000424308, 60.16675300371208]}}, {"type": "Feature", "properties": {"submitted": true, "locationType": "Unsafe pedestrian or tramway crossing", "greatestDangerTo": "Pedestrians", "layer": "DangerousLocations_hki", "status": "active_hazard"}, "geometry": {"type": "Point", "coordinates": [24.964661999241933, 60.16609199881045]}}, {"type": "Feature", "properties": {"submitted": true, "locationType": "Some other issue", "greatestDangerTo": "Pedestrians", "layer": "DangerousLocations_hki", "status": "active_hazard"}, "geometry": {"type": "Point", "coordinates": [24.934831999695295, 60.15559499956205]}}, {"type": "Feature", "properties": {"submitted": false, "locationType": "Unsafe pedestrian or tramway crossing", "greatestDangerTo": null, "layer": "DangerousLocations_hki", "status": "active_hazard"}, "geometry": {"type": "Point", "coordinates": [24.960820999578832, 60.18216499925914]}}, {"type": "Feature", "properties": {"submitted": true, "locationType": "Unsafe pedestrian or tramway crossing", "greatestDangerTo": "Pedestrians", "layer": "DangerousLocations_hki", "status": "active_hazard"}, "geometry": {"type": "Point", "coordinates": [24.956081000635777, 60.21336999818795]}}, {"type": "Feature", "properties": {"submitted": true, "locationType": "Unsafe pedestrian or tramway crossing", "greatestDangerTo": "Pedestrians", "layer": "DangerousLocations_hki", "status": "active_hazard"}, "geometry": {"type": "Point", "coordinates": [24.94770999991792, 60.210978997557724]}}, {"type": "Feature", "properties": {"submitted": true, "locationType": "Unsafe pedestrian or tramway crossing", "greatestDangerTo": "Pedestrians", "layer": "DangerousLocations_hki", "status": "active_hazard"}, "geometry": {"type": "Point", "coordinates": [25.05948699961189, 60.26817199757125]}}, {"type": "Feature", "properties": {"submitted": true, "locationType": "A dangerous or difficult intersection", "greatestDangerTo": "Car drivers", "layer": "DangerousLocations_hki", "status": "active_hazard"}, "geometry": {"type": "Point", "coordinates": [24.97966500065104, 60.182856998048166]}}, {"type": "Feature", "properties": {"submitted": true, "locationType": "A dangerous or difficult intersection", "greatestDangerTo": "Cyclists (incl. e-bikes)", "layer": "DangerousLocations_hki", "status": "active_hazard"}, "geometry": {"type": "Point", "coordinates": [24.935589000585843, 60.22074300334451]}}, {"type": "Feature", "properties": {"submitted": true, "locationType": "A dangerous or difficult intersection", "greatestDangerTo": "Users of e-scooters or other light electric vehicles", "layer": "DangerousLocations_hki", "status": "active_hazard"}, "geometry": {"type": "Point", "coordinates": [24.922408999426853, 60.16219399569504]}}, {"type": "Feature", "properties": {"submitted": true, "locationType": "Some other issue", "greatestDangerTo": "Pedestrians", "layer": "DangerousLocations_hki", "status": "active_hazard"}, "geometry": {"type": "Point", "coordinates": [25.005631000778507, 60.189150001246325]}}, {"type": "Feature", "properties": {"submitted": true, "locationType": "A dangerous or difficult intersection", "greatestDangerTo": "Car drivers", "layer": "DangerousLocations_hki", "status": "active_hazard"}, "geometry": {"type": "Point", "coordinates": [25.055742999468, 60.20858999693952]}}, {"type": "Feature", "properties": {"submitted": true, "locationType": "Some other issue", "greatestDangerTo": "Cyclists (incl. e-bikes)", "layer": "DangerousLocations_hki", "status": "active_hazard"}, "geometry": {"type": "Point", "coordinates": [24.877381000058985, 60.15162600138371]}}, {"type": "Feature", "properties": {"submitted": true, "locationType": "Unsafe pedestrian or tramway crossing", "greatestDangerTo": "Pedestrians", "layer": "DangerousLocations_hki", "status": "active_hazard"}, "geometry": {"type": "Point", "coordinates": [24.93878200065721, 60.17289999802997]}}, {"type": "Feature", "properties": {"submitted": true, "locationType": "Unsafe pedestrian or tramway crossing", "greatestDangerTo": "Cyclists (incl. e-bikes)", "layer": "DangerousLocations_hki", "status": "active_hazard"}, "geometry": {"type": "Point", "coordinates": [24.852877000091155, 60.18204000202899]}}, {"type": "Feature", "properties": {"submitted": true, "locationType": "A dangerous or difficult intersection", "greatestDangerTo": "Pedestrians", "layer": "DangerousLocations_hki", "status": "active_hazard"}, "geometry": {"type": "Point", "coordinates": [24.95310099966844, 60.183213999391846]}}, {"type": "Feature", "properties": {"submitted": true, "locationType": "A dangerous or difficult intersection", "greatestDangerTo": "Pedestrians", "layer": "DangerousLocations_hki", "status": "active_hazard"}, "geometry": {"type": "Point", "coordinates": [25.014203000597295, 60.18853700242874]}}, {"type": "Feature", "properties": {"submitted": false, "locationType": "Unsafe pedestrian or tramway crossing", "greatestDangerTo": "Pedestrians", "layer": "DangerousLocations_hki", "status": "active_hazard"}, "geometry": {"type": "Point", "coordinates": [24.961377998985473, 60.1967240036195]}}, {"type": "Feature", "properties": {"submitted": true, "locationType": "Unsafe pedestrian or tramway crossing", "greatestDangerTo": "Car drivers", "layer": "DangerousLocations_hki", "status": "active_hazard"}, "geometry": {"type": "Point", "coordinates": [25.039813000691275, 60.27660100263421]}}, {"type": "Feature", "properties": {"submitted": true, "locationType": "Unsafe pedestrian or tramway crossing", "greatestDangerTo": "Car drivers", "layer": "DangerousLocations_hki", "status": "active_hazard"}, "geometry": {"type": "Point", "coordinates": [25.03784099951877, 60.2750780029896]}}, {"type": "Feature", "properties": {"submitted": true, "locationType": "Unsafe pedestrian or tramway crossing", "greatestDangerTo": "Car drivers", "layer": "DangerousLocations_hki", "status": "active_hazard"}, "geometry": {"type": "Point", "coordinates": [25.042820999051436, 60.27579300275878]}}, {"type": "Feature", "properties": {"submitted": true, "locationType": "Unsafe pedestrian or tramway crossing", "greatestDangerTo": "Pedestrians", "layer": "DangerousLocations_hki", "status": "active_hazard"}, "geometry": {"type": "Point", "coordinates": [24.944147999686756, 60.164164000853816]}}, {"type": "Feature", "properties": {"submitted": true, "locationType": "A dangerous or difficult intersection", "greatestDangerTo": "Cyclists (incl. e-bikes)", "layer": "DangerousLocations_hki", "status": "active_hazard"}, "geometry": {"type": "Point", "coordinates": [24.934732000314607, 60.16850200046178]}}, {"type": "Feature", "properties": {"submitted": true, "locationType": "A dangerous or difficult intersection", "greatestDangerTo": "Cyclists (incl. e-bikes)", "layer": "DangerousLocations_hki", "status": "active_hazard"}, "geometry": {"type": "Point", "coordinates": [24.930683999876152, 60.16651399886733]}}, {"type": "Feature", "properties": {"submitted": true, "locationType": "Some other issue", "greatestDangerTo": "Pedestrians", "layer": "DangerousLocations_hki", "status": "active_hazard"}, "geometry": {"type": "Point", "coordinates": [24.899393999318114, 60.21663699708065]}}, {"type": "Feature", "properties": {"submitted": true, "locationType": "Unsafe pedestrian or tramway crossing", "greatestDangerTo": "Pedestrians", "layer": "DangerousLocations_hki", "status": "active_hazard"}, "geometry": {"type": "Point", "coordinates": [24.89813499943585, 60.21586599968071]}}, {"type": "Feature", "properties": {"submitted": true, "locationType": "Unsafe pedestrian or tramway crossing", "greatestDangerTo": "Pedestrians", "layer": "DangerousLocations_hki", "status": "active_hazard"}, "geometry": {"type": "Point", "coordinates": [24.919718999269044, 60.16007200149046]}}, {"type": "Feature", "properties": {"submitted": true, "locationType": "Pedestrian traffic lights that change too fast", "greatestDangerTo": "Pedestrians", "layer": "DangerousLocations_hki", "status": "active_hazard"}, "geometry": {"type": "Point", "coordinates": [24.925864000121898, 60.16492100108699]}}, {"type": "Feature", "properties": {"submitted": true, "locationType": "A dangerous or difficult intersection", "greatestDangerTo": "Pedestrians", "layer": "DangerousLocations_hki", "status": "active_hazard"}, "geometry": {"type": "Point", "coordinates": [24.89269800084294, 60.21899699625814]}}, {"type": "Feature", "properties": {"submitted": true, "locationType": "Unsafe pedestrian or tramway crossing", "greatestDangerTo": "Pedestrians", "layer": "DangerousLocations_hki", "status": "active_hazard"}, "geometry": {"type": "Point", "coordinates": [24.88934399985366, 60.216586997342326]}}, {"type": "Feature", "properties": {"submitted": true, "locationType": "Unsafe pedestrian or tramway crossing", "greatestDangerTo": "Pedestrians", "layer": "DangerousLocations_hki", "status": "active_hazard"}, "geometry": {"type": "Point", "coordinates": [24.940404999612998, 60.17045400178214]}}, {"type": "Feature", "properties": {"submitted": true, "locationType": "Unsafe pedestrian or tramway crossing", "greatestDangerTo": "Pedestrians", "layer": "DangerousLocations_hki", "status": "active_hazard"}, "geometry": {"type": "Point", "coordinates": [24.895985999787108, 60.218047000456814]}}, {"type": "Feature", "properties": {"submitted": true, "locationType": "Unsafe pedestrian or tramway crossing", "greatestDangerTo": "Pedestrians", "layer": "DangerousLocations_hki", "status": "active_hazard"}, "geometry": {"type": "Point", "coordinates": [25.137247999975315, 60.21508499843906]}}, {"type": "Feature", "properties": {"submitted": true, "locationType": "Unsafe pedestrian or tramway crossing", "greatestDangerTo": "Pedestrians", "layer": "DangerousLocations_hki", "status": "active_hazard"}, "geometry": {"type": "Point", "coordinates": [24.961041000813314, 60.19654900078906]}}, {"type": "Feature", "properties": {"submitted": true, "locationType": "A dangerous or difficult intersection", "greatestDangerTo": "Car drivers", "layer": "DangerousLocations_hki", "status": "active_hazard"}, "geometry": {"type": "Point", "coordinates": [24.935594999753533, 60.17449899725707]}}, {"type": "Feature", "properties": {"submitted": true, "locationType": "A dangerous or difficult intersection", "greatestDangerTo": "Pedestrians", "layer": "DangerousLocations_hki", "status": "active_hazard"}, "geometry": {"type": "Point", "coordinates": [24.859252000500828, 60.162742997193995]}}, {"type": "Feature", "properties": {"submitted": true, "locationType": "A dangerous or difficult intersection", "greatestDangerTo": "Pedestrians", "layer": "DangerousLocations_hki", "status": "active_hazard"}, "geometry": {"type": "Point", "coordinates": [24.884688999623112, 60.15447599791242]}}, {"type": "Feature", "properties": {"submitted": true, "locationType": "Unsafe pedestrian or tramway crossing", "greatestDangerTo": "Pedestrians", "layer": "DangerousLocations_hki", "status": "active_hazard"}, "geometry": {"type": "Point", "coordinates": [24.974238000169628, 60.188922995776736]}}, {"type": "Feature", "properties": {"submitted": true, "locationType": "A dangerous or difficult intersection", "greatestDangerTo": "Cyclists (incl. e-bikes)", "layer": "DangerousLocations_hki", "status": "active_hazard"}, "geometry": {"type": "Point", "coordinates": [24.99443299988524, 60.186109001955515]}}, {"type": "Feature", "properties": {"submitted": true, "locationType": "Some other issue", "greatestDangerTo": "Car drivers", "layer": "DangerousLocations_hki", "status": "active_hazard"}, "geometry": {"type": "Point", "coordinates": [24.9351859995666, 60.18524399914348]}}, {"type": "Feature", "properties": {"submitted": true, "locationType": "Unsafe pedestrian or tramway crossing", "greatestDangerTo": "Pedestrians", "layer": "DangerousLocations_hki", "status": "active_hazard"}, "geometry": {"type": "Point", "coordinates": [24.96083899975352, 60.19650799932938]}}, {"type": "Feature", "properties": {"submitted": true, "locationType": "A dangerous or difficult intersection", "greatestDangerTo": "Cyclists (incl. e-bikes)", "layer": "DangerousLocations_hki", "status": "active_hazard"}, "geometry": {"type": "Point", "coordinates": [24.96380000086277, 60.18962499812583]}}, {"type": "Feature", "properties": {"submitted": true, "locationType": "Unsafe pedestrian or tramway crossing", "greatestDangerTo": "Pedestrians", "layer": "DangerousLocations_hki", "status": "active_hazard"}, "geometry": {"type": "Point", "coordinates": [24.958325999600792, 60.19520900220408]}}, {"type": "Feature", "properties": {"submitted": true, "locationType": "Unsafe pedestrian or tramway crossing", "greatestDangerTo": "Pedestrians", "layer": "DangerousLocations_hki", "status": "active_hazard"}, "geometry": {"type": "Point", "coordinates": [24.95880900069095, 60.19362600073171]}}, {"type": "Feature", "properties": {"submitted": true, "locationType": "Unsafe pedestrian or tramway crossing", "greatestDangerTo": "Pedestrians", "layer": "DangerousLocations_hki", "status": "active_hazard"}, "geometry": {"type": "Point", "coordinates": [24.96450500039125, 60.1903970034628]}}, {"type": "Feature", "properties": {"submitted": true, "locationType": "Some other issue", "greatestDangerTo": "Pedestrians", "layer": "DangerousLocations_hki", "status": "active_hazard"}, "geometry": {"type": "Point", "coordinates": [25.14393100077798, 60.20834100207913]}}, {"type": "Feature", "properties": {"submitted": true, "locationType": "Unsafe pedestrian or tramway crossing", "greatestDangerTo": "Pedestrians", "layer": "DangerousLocations_hki", "status": "active_hazard"}, "geometry": {"type": "Point", "coordinates": [24.958429999967837, 60.16896200414268]}}, {"type": "Feature", "properties": {"submitted": true, "locationType": "A dangerous or difficult intersection", "greatestDangerTo": "Pedestrians", "layer": "DangerousLocations_hki", "status": "active_hazard"}, "geometry": {"type": "Point", "coordinates": [24.93067400031384, 60.166497998450296]}}, {"type": "Feature", "properties": {"submitted": true, "locationType": "A dangerous or difficult intersection", "greatestDangerTo": "Car drivers", "layer": "DangerousLocations_hki", "status": "active_hazard"}, "geometry": {"type": "Point", "coordinates": [24.859639000376518, 60.16146299882296]}}, {"type": "Feature", "properties": {"submitted": true, "locationType": "A dangerous or difficult intersection", "greatestDangerTo": "Pedestrians", "layer": "DangerousLocations_hki", "status": "active_hazard"}, "geometry": {"type": "Point", "coordinates": [24.928888999517063, 60.19725399889238]}}, {"type": "Feature", "properties": {"submitted": true, "locationType": "A dangerous location related to construction site arrangements", "greatestDangerTo": "Persons using mobility aids (such as a wheelchair or walker)", "layer": "DangerousLocations_hki", "status": "active_hazard"}, "geometry": {"type": "Point", "coordinates": [24.894877000108824, 60.1934300035994]}}, {"type": "Feature", "properties": {"submitted": true, "locationType": "Unsafe pedestrian or tramway crossing", "greatestDangerTo": "Car drivers", "layer": "DangerousLocations_hki", "status": "active_hazard"}, "geometry": {"type": "Point", "coordinates": [24.962194999599312, 60.19678099780424]}}, {"type": "Feature", "properties": {"submitted": true, "locationType": "Unsafe pedestrian or tramway crossing", "greatestDangerTo": "Car drivers", "layer": "DangerousLocations_hki", "status": "active_hazard"}, "geometry": {"type": "Point", "coordinates": [24.964568999626636, 60.191833001100605]}}, {"type": "Feature", "properties": {"submitted": true, "locationType": "Unsafe pedestrian or tramway crossing", "greatestDangerTo": "Car drivers", "layer": "DangerousLocations_hki", "status": "active_hazard"}, "geometry": {"type": "Point", "coordinates": [24.96253900068837, 60.19590800229064]}}, {"type": "Feature", "properties": {"submitted": true, "locationType": "Issue regarding quality of the route or its continuity", "greatestDangerTo": "Cyclists (incl. e-bikes)", "layer": "DangerousLocations_hki", "status": "active_hazard"}, "geometry": {"type": "Point", "coordinates": [24.95337199918555, 60.16778600257217]}}, {"type": "Feature", "properties": {"submitted": true, "locationType": "Some other issue", "greatestDangerTo": "Public transport users", "layer": "DangerousLocations_hki", "status": "active_hazard"}, "geometry": {"type": "Point", "coordinates": [24.96162900061302, 60.16733500082621]}}, {"type": "Feature", "properties": {"submitted": true, "locationType": "Issue regarding quality of the route or its continuity", "greatestDangerTo": "Pedestrians", "layer": "DangerousLocations_hki", "status": "active_hazard"}, "geometry": {"type": "Point", "coordinates": [24.958707999605778, 60.1682199984623]}}, {"type": "Feature", "properties": {"submitted": true, "locationType": "Unsafe pedestrian or tramway crossing", "greatestDangerTo": "Pedestrians", "layer": "DangerousLocations_hki", "status": "active_hazard"}, "geometry": {"type": "Point", "coordinates": [24.951317999983377, 60.165897001085455]}}, {"type": "Feature", "properties": {"submitted": true, "locationType": "A dangerous or difficult intersection", "greatestDangerTo": "Pedestrians", "layer": "DangerousLocations_hki", "status": "active_hazard"}, "geometry": {"type": "Point", "coordinates": [25.022784000275287, 60.1915390019681]}}, {"type": "Feature", "properties": {"submitted": true, "locationType": "Unsafe pedestrian or tramway crossing", "greatestDangerTo": "Pedestrians", "layer": "DangerousLocations_hki", "status": "active_hazard"}, "geometry": {"type": "Point", "coordinates": [25.033117999703816, 60.193760999620466]}}, {"type": "Feature", "properties": {"submitted": true, "locationType": "Unsafe pedestrian or tramway crossing", "greatestDangerTo": "Pedestrians", "layer": "DangerousLocations_hki", "status": "active_hazard"}, "geometry": {"type": "Point", "coordinates": [25.030920999466577, 60.19443899741166]}}, {"type": "Feature", "properties": {"submitted": true, "locationType": "Unsafe pedestrian or tramway crossing", "greatestDangerTo": "Cyclists (incl. e-bikes)", "layer": "DangerousLocations_hki", "status": "active_hazard"}, "geometry": {"type": "Point", "coordinates": [25.02224299944751, 60.1920009981133]}}, {"type": "Feature", "properties": {"submitted": true, "locationType": "A dangerous or difficult intersection", "greatestDangerTo": "Cyclists (incl. e-bikes)", "layer": "DangerousLocations_hki", "status": "active_hazard"}, "geometry": {"type": "Point", "coordinates": [25.012871000349875, 60.189615003922555]}}, {"type": "Feature", "properties": {"submitted": true, "locationType": "Unsafe pedestrian or tramway crossing", "greatestDangerTo": "Pedestrians", "layer": "DangerousLocations_hki", "status": "active_hazard"}, "geometry": {"type": "Point", "coordinates": [24.97054500062508, 60.18878600036058]}}, {"type": "Feature", "properties": {"submitted": true, "locationType": "A dangerous or difficult intersection", "greatestDangerTo": "Pedestrians", "layer": "DangerousLocations_hki", "status": "active_hazard"}, "geometry": {"type": "Point", "coordinates": [24.971481999713664, 60.18948099677641]}}, {"type": "Feature", "properties": {"submitted": true, "locationType": "Unsafe pedestrian or tramway crossing", "greatestDangerTo": "Pedestrians", "layer": "DangerousLocations_hki", "status": "active_hazard"}, "geometry": {"type": "Point", "coordinates": [24.97344200011993, 60.18908099825861]}}, {"type": "Feature", "properties": {"submitted": true, "locationType": "Pedestrian traffic lights that change too fast", "greatestDangerTo": "Pedestrians", "layer": "DangerousLocations_hki", "status": "active_hazard"}, "geometry": {"type": "Point", "coordinates": [25.03082699954128, 60.194463998334335]}}, {"type": "Feature", "properties": {"submitted": true, "locationType": "Unsafe pedestrian or tramway crossing", "greatestDangerTo": "Cyclists (incl. e-bikes)", "layer": "DangerousLocations_hki", "status": "active_hazard"}, "geometry": {"type": "Point", "coordinates": [25.030087999190567, 60.194805999298666]}}, {"type": "Feature", "properties": {"submitted": true, "locationType": "Unclear signage", "greatestDangerTo": "Cyclists (incl. e-bikes)", "layer": "DangerousLocations_hki", "status": "active_hazard"}, "geometry": {"type": "Point", "coordinates": [25.032872999909465, 60.195682999179006]}}, {"type": "Feature", "properties": {"submitted": true, "locationType": "Unsafe pedestrian or tramway crossing", "greatestDangerTo": "Cyclists (incl. e-bikes)", "layer": "DangerousLocations_hki", "status": "active_hazard"}, "geometry": {"type": "Point", "coordinates": [24.97496000074452, 60.18724200184605]}}, {"type": "Feature", "properties": {"submitted": true, "locationType": "Pedestrian traffic lights that change too fast", "greatestDangerTo": "Pedestrians", "layer": "DangerousLocations_hki", "status": "active_hazard"}, "geometry": {"type": "Point", "coordinates": [24.968346999574727, 60.18635299566392]}}, {"type": "Feature", "properties": {"submitted": true, "locationType": "Pedestrian traffic lights that change too fast", "greatestDangerTo": "Pedestrians", "layer": "DangerousLocations_hki", "status": "active_hazard"}, "geometry": {"type": "Point", "coordinates": [24.947598000051737, 60.17207300056692]}}, {"type": "Feature", "properties": {"submitted": true, "locationType": "A dangerous or difficult intersection", "greatestDangerTo": "Pedestrians", "layer": "DangerousLocations_hki", "status": "active_hazard"}, "geometry": {"type": "Point", "coordinates": [25.001430999628607, 60.185478999603745]}}, {"type": "Feature", "properties": {"submitted": true, "locationType": "Some other issue", "greatestDangerTo": "Pedestrians", "layer": "DangerousLocations_hki", "status": "active_hazard"}, "geometry": {"type": "Point", "coordinates": [24.968030000372213, 60.2077179961912]}}, {"type": "Feature", "properties": {"submitted": true, "locationType": "A dangerous or difficult intersection", "greatestDangerTo": "Pedestrians", "layer": "DangerousLocations_hki", "status": "active_hazard"}, "geometry": {"type": "Point", "coordinates": [24.970180999055497, 60.18814900236799]}}, {"type": "Feature", "properties": {"submitted": true, "locationType": "Unsafe pedestrian or tramway crossing", "greatestDangerTo": "Pedestrians", "layer": "DangerousLocations_hki", "status": "active_hazard"}, "geometry": {"type": "Point", "coordinates": [24.95588799931422, 60.16796600340706]}}, {"type": "Feature", "properties": {"submitted": true, "locationType": "Unsafe pedestrian or tramway crossing", "greatestDangerTo": "Pedestrians", "layer": "DangerousLocations_hki", "status": "active_hazard"}, "geometry": {"type": "Point", "coordinates": [24.954410999138794, 60.198081002578085]}}, {"type": "Feature", "properties": {"submitted": true, "locationType": "A dangerous or difficult intersection", "greatestDangerTo": "Car drivers", "layer": "DangerousLocations_hki", "status": "active_hazard"}, "geometry": {"type": "Point", "coordinates": [24.9539660006266, 60.21687500106661]}}, {"type": "Feature", "properties": {"submitted": true, "locationType": "Unsafe pedestrian or tramway crossing", "greatestDangerTo": "Pedestrians", "layer": "DangerousLocations_hki", "status": "active_hazard"}, "geometry": {"type": "Point", "coordinates": [24.891850000447576, 60.20881699974217]}}, {"type": "Feature", "properties": {"submitted": true, "locationType": "Unsafe pedestrian or tramway crossing", "greatestDangerTo": "Pedestrians", "layer": "DangerousLocations_hki", "status": "active_hazard"}, "geometry": {"type": "Point", "coordinates": [24.95575200052678, 60.21223799941001]}}, {"type": "Feature", "properties": {"submitted": true, "locationType": "Unsafe pedestrian or tramway crossing", "greatestDangerTo": "Pedestrians", "layer": "DangerousLocations_hki", "status": "active_hazard"}, "geometry": {"type": "Point", "coordinates": [24.874899999943423, 60.161039003074904]}}, {"type": "Feature", "properties": {"submitted": true, "locationType": "Some other issue", "greatestDangerTo": "Pedestrians", "layer": "DangerousLocations_hki", "status": "active_hazard"}, "geometry": {"type": "Point", "coordinates": [24.862462000262934, 60.15749999603322]}}, {"type": "Feature", "properties": {"submitted": true, "locationType": "Some other issue", "greatestDangerTo": "Pedestrians", "layer": "DangerousLocations_hki", "status": "active_hazard"}, "geometry": {"type": "Point", "coordinates": [24.880176000971936, 60.1602309983348]}}, {"type": "Feature", "properties": {"submitted": true, "locationType": "Some other issue", "greatestDangerTo": "Pedestrians", "layer": "DangerousLocations_hki", "status": "active_hazard"}, "geometry": {"type": "Point", "coordinates": [24.870507000218677, 60.16023799968625]}}, {"type": "Feature", "properties": {"submitted": true, "locationType": "A dangerous or difficult intersection", "greatestDangerTo": "Cyclists (incl. e-bikes)", "layer": "DangerousLocations_hki", "status": "active_hazard"}, "geometry": {"type": "Point", "coordinates": [24.8695819997885, 60.16058599748558]}}, {"type": "Feature", "properties": {"submitted": true, "locationType": "Unsafe pedestrian or tramway crossing", "greatestDangerTo": "Pedestrians", "layer": "DangerousLocations_hki", "status": "active_hazard"}, "geometry": {"type": "Point", "coordinates": [24.871397000655897, 60.15781700329366]}}, {"type": "Feature", "properties": {"submitted": true, "locationType": "Unsafe pedestrian or tramway crossing", "greatestDangerTo": "Pedestrians", "layer": "DangerousLocations_hki", "status": "active_hazard"}, "geometry": {"type": "Point", "coordinates": [24.87290399928595, 60.15819500138145]}}, {"type": "Feature", "properties": {"submitted": true, "locationType": "Unsafe pedestrian or tramway crossing", "greatestDangerTo": "Pedestrians", "layer": "DangerousLocations_hki", "status": "active_hazard"}, "geometry": {"type": "Point", "coordinates": [24.949021999342445, 60.20932400294583]}}, {"type": "Feature", "properties": {"submitted": true, "locationType": "A dangerous or difficult intersection", "greatestDangerTo": "Pedestrians", "layer": "DangerousLocations_hki", "status": "active_hazard"}, "geometry": {"type": "Point", "coordinates": [24.8753690002704, 60.16092700041793]}}, {"type": "Feature", "properties": {"submitted": true, "locationType": "Some other issue", "greatestDangerTo": "Car drivers", "layer": "DangerousLocations_hki", "status": "active_hazard"}, "geometry": {"type": "Point", "coordinates": [24.954164000812707, 60.216747998061415]}}, {"type": "Feature", "properties": {"submitted": true, "locationType": "Unsafe pedestrian or tramway crossing", "greatestDangerTo": "Pedestrians", "layer": "DangerousLocations_hki", "status": "active_hazard"}, "geometry": {"type": "Point", "coordinates": [24.85571500054079, 60.235225997858706]}}, {"type": "Feature", "properties": {"submitted": true, "locationType": "Some other issue", "greatestDangerTo": "Pedestrians", "layer": "DangerousLocations_hki", "status": "active_hazard"}, "geometry": {"type": "Point", "coordinates": [24.840916000682594, 60.225564997294015]}}, {"type": "Feature", "properties": {"submitted": true, "locationType": "Unsafe pedestrian or tramway crossing", "greatestDangerTo": "Cyclists (incl. e-bikes)", "layer": "DangerousLocations_hki", "status": "active_hazard"}, "geometry": {"type": "Point", "coordinates": [24.932688999697735, 60.197535999672745]}}, {"type": "Feature", "properties": {"submitted": true, "locationType": "Unsafe pedestrian or tramway crossing", "greatestDangerTo": "Pedestrians", "layer": "DangerousLocations_hki", "status": "active_hazard"}, "geometry": {"type": "Point", "coordinates": [24.944748999728482, 60.17127200396103]}}, {"type": "Feature", "properties": {"submitted": true, "locationType": "Some other issue", "greatestDangerTo": "Pedestrians", "layer": "DangerousLocations_hki", "status": "active_hazard"}, "geometry": {"type": "Point", "coordinates": [24.945297998992896, 60.169936001981725]}}, {"type": "Feature", "properties": {"submitted": true, "locationType": "Issue regarding quality of the route or its continuity", "greatestDangerTo": "Cyclists (incl. e-bikes)", "layer": "DangerousLocations_hki", "status": "active_hazard"}, "geometry": {"type": "Point", "coordinates": [24.93709800086199, 60.18544099817664]}}, {"type": "Feature", "properties": {"submitted": true, "locationType": "A dangerous or difficult intersection", "greatestDangerTo": "Cyclists (incl. e-bikes)", "layer": "DangerousLocations_hki", "status": "active_hazard"}, "geometry": {"type": "Point", "coordinates": [24.937219999685187, 60.1851939981072]}}, {"type": "Feature", "properties": {"submitted": true, "locationType": "A dangerous or difficult intersection", "greatestDangerTo": "Cyclists (incl. e-bikes)", "layer": "DangerousLocations_hki", "status": "active_hazard"}, "geometry": {"type": "Point", "coordinates": [24.939675999111014, 60.180220003327534]}}, {"type": "Feature", "properties": {"submitted": true, "locationType": "Unsafe pedestrian or tramway crossing", "greatestDangerTo": "Car drivers", "layer": "DangerousLocations_hki", "status": "active_hazard"}, "geometry": {"type": "Point", "coordinates": [24.96458799927403, 60.192028998710164]}}, {"type": "Feature", "properties": {"submitted": true, "locationType": "Unsafe pedestrian or tramway crossing", "greatestDangerTo": "Pedestrians", "layer": "DangerousLocations_hki", "status": "active_hazard"}, "geometry": {"type": "Point", "coordinates": [24.86876999977471, 60.16166499826687]}}, {"type": "Feature", "properties": {"submitted": true, "locationType": "Unsafe pedestrian or tramway crossing", "greatestDangerTo": "Pedestrians", "layer": "DangerousLocations_hki", "status": "active_hazard"}, "geometry": {"type": "Point", "coordinates": [24.85872699972079, 60.16437900132257]}}, {"type": "Feature", "properties": {"submitted": true, "locationType": "A dangerous or difficult intersection", "greatestDangerTo": "Pedestrians", "layer": "DangerousLocations_hki", "status": "active_hazard"}, "geometry": {"type": "Point", "coordinates": [24.912025000193598, 60.15685400270856]}}, {"type": "Feature", "properties": {"submitted": true, "locationType": "Some other issue", "greatestDangerTo": "Cyclists (incl. e-bikes)", "layer": "DangerousLocations_hki", "status": "active_hazard"}, "geometry": {"type": "Point", "coordinates": [24.93624000034779, 60.16408499745456]}}, {"type": "Feature", "properties": {"submitted": true, "locationType": "Issue regarding quality of the route or its continuity", "greatestDangerTo": "Cyclists (incl. e-bikes)", "layer": "DangerousLocations_hki", "status": "active_hazard"}, "geometry": {"type": "Point", "coordinates": [24.938313999937055, 60.16635099801163]}}, {"type": "Feature", "properties": {"submitted": true, "locationType": "A dangerous location related to parking", "greatestDangerTo": "Pedestrians", "layer": "DangerousLocations_hki", "status": "active_hazard"}, "geometry": {"type": "Point", "coordinates": [24.97787900034952, 60.240858002565574]}}, {"type": "Feature", "properties": {"submitted": true, "locationType": "A dangerous or difficult intersection", "greatestDangerTo": "Car drivers", "layer": "DangerousLocations_hki", "status": "active_hazard"}, "geometry": {"type": "Point", "coordinates": [24.961693999499133, 60.15555800388224]}}, {"type": "Feature", "properties": {"submitted": true, "locationType": "A dangerous or difficult intersection", "greatestDangerTo": "Car drivers", "layer": "DangerousLocations_hki", "status": "active_hazard"}, "geometry": {"type": "Point", "coordinates": [24.946642000474068, 60.20867899753151]}}, {"type": "Feature", "properties": {"submitted": true, "locationType": "Some other issue", "greatestDangerTo": "Cyclists (incl. e-bikes)", "layer": "DangerousLocations_hki", "status": "active_hazard"}, "geometry": {"type": "Point", "coordinates": [24.950297000487655, 60.16728799600472]}}, {"type": "Feature", "properties": {"submitted": true, "locationType": "Some other issue", "greatestDangerTo": "Cyclists (incl. e-bikes)", "layer": "DangerousLocations_hki", "status": "active_hazard"}, "geometry": {"type": "Point", "coordinates": [24.933356999290503, 60.201143001239245]}}, {"type": "Feature", "properties": {"submitted": true, "locationType": "A dangerous or difficult intersection", "greatestDangerTo": "Cyclists (incl. e-bikes)", "layer": "DangerousLocations_hki", "status": "active_hazard"}, "geometry": {"type": "Point", "coordinates": [24.943289999857004, 60.17303000076067]}}, {"type": "Feature", "properties": {"submitted": true, "locationType": "Unclear signage", "greatestDangerTo": "Cyclists (incl. e-bikes)", "layer": "DangerousLocations_hki", "status": "active_hazard"}, "geometry": {"type": "Point", "coordinates": [24.93973899990771, 60.180020002641704]}}, {"type": "Feature", "properties": {"submitted": true, "locationType": "A dangerous or difficult intersection", "greatestDangerTo": "Cyclists (incl. e-bikes)", "layer": "DangerousLocations_hki", "status": "active_hazard"}, "geometry": {"type": "Point", "coordinates": [24.914492000481875, 60.18694300186986]}}, {"type": "Feature", "properties": {"submitted": true, "locationType": "A dangerous or difficult intersection", "greatestDangerTo": "Cyclists (incl. e-bikes)", "layer": "DangerousLocations_hki", "status": "active_hazard"}, "geometry": {"type": "Point", "coordinates": [24.914998000376603, 60.186513996650284]}}, {"type": "Feature", "properties": {"submitted": true, "locationType": "A dangerous or difficult intersection", "greatestDangerTo": "Pedestrians", "layer": "DangerousLocations_hki", "status": "active_hazard"}, "geometry": {"type": "Point", "coordinates": [24.923512999084362, 60.17518800133451]}}, {"type": "Feature", "properties": {"submitted": true, "locationType": "Unsafe pedestrian or tramway crossing", "greatestDangerTo": "Pedestrians", "layer": "DangerousLocations_hki", "status": "active_hazard"}, "geometry": {"type": "Point", "coordinates": [24.916677999943392, 60.185137001904295]}}, {"type": "Feature", "properties": {"submitted": true, "locationType": "A dangerous or difficult intersection", "greatestDangerTo": "Cyclists (incl. e-bikes)", "layer": "DangerousLocations_hki", "status": "active_hazard"}, "geometry": {"type": "Point", "coordinates": [24.916714999531926, 60.18507000283857]}}, {"type": "Feature", "properties": {"submitted": true, "locationType": "Pedestrian traffic lights that change too fast", "greatestDangerTo": "Pedestrians", "layer": "DangerousLocations_hki", "status": "active_hazard"}, "geometry": {"type": "Point", "coordinates": [24.91612000018946, 60.18478200007358]}}, {"type": "Feature", "properties": {"submitted": true, "locationType": "A dangerous or difficult intersection", "greatestDangerTo": "Pedestrians", "layer": "DangerousLocations_hki", "status": "active_hazard"}, "geometry": {"type": "Point", "coordinates": [24.91602600079869, 60.184732998256045]}}, {"type": "Feature", "properties": {"submitted": true, "locationType": "Some other issue", "greatestDangerTo": "Cyclists (incl. e-bikes)", "layer": "DangerousLocations_hki", "status": "active_hazard"}, "geometry": {"type": "Point", "coordinates": [25.052103000644017, 60.17811199656737]}}, {"type": "Feature", "properties": {"submitted": true, "locationType": "A dangerous location related to parking", "greatestDangerTo": "Car drivers", "layer": "DangerousLocations_hki", "status": "active_hazard"}, "geometry": {"type": "Point", "coordinates": [24.9776090003985, 60.241122999558605]}}, {"type": "Feature", "properties": {"submitted": true, "locationType": "Some other issue", "greatestDangerTo": "Pedestrians", "layer": "DangerousLocations_hki", "status": "active_hazard"}, "geometry": {"type": "Point", "coordinates": [24.93717100064821, 60.15477699891797]}}, {"type": "Feature", "properties": {"submitted": true, "locationType": "Unsafe pedestrian or tramway crossing", "greatestDangerTo": "Cyclists (incl. e-bikes)", "layer": "DangerousLocations_hki", "status": "active_hazard"}, "geometry": {"type": "Point", "coordinates": [24.937274999146343, 60.19554700387345]}}, {"type": "Feature", "properties": {"submitted": true, "locationType": "Some other issue", "greatestDangerTo": "Pedestrians", "layer": "DangerousLocations_hki", "status": "active_hazard"}, "geometry": {"type": "Point", "coordinates": [24.964909000360947, 60.19285999823981]}}, {"type": "Feature", "properties": {"submitted": true, "locationType": "Pedestrian traffic lights that change too fast", "greatestDangerTo": "Pedestrians", "layer": "DangerousLocations_hki", "status": "active_hazard"}, "geometry": {"type": "Point", "coordinates": [24.961952000440984, 60.19710899865225]}}, {"type": "Feature", "properties": {"submitted": true, "locationType": "Unsafe pedestrian or tramway crossing", "greatestDangerTo": "Pedestrians", "layer": "DangerousLocations_hki", "status": "active_hazard"}, "geometry": {"type": "Point", "coordinates": [24.964620999939047, 60.19201299675348]}}, {"type": "Feature", "properties": {"submitted": true, "locationType": "Unsafe pedestrian or tramway crossing", "greatestDangerTo": "Pedestrians", "layer": "DangerousLocations_hki", "status": "active_hazard"}, "geometry": {"type": "Point", "coordinates": [24.895443001064237, 60.225704995563035]}}, {"type": "Feature", "properties": {"submitted": true, "locationType": "A dangerous or difficult intersection", "greatestDangerTo": "Car drivers", "layer": "DangerousLocations_hki", "status": "active_hazard"}, "geometry": {"type": "Point", "coordinates": [25.226516000303235, 60.25155700358538]}}, {"type": "Feature", "properties": {"submitted": true, "locationType": "A dangerous or difficult intersection", "greatestDangerTo": "Pedestrians", "layer": "DangerousLocations_hki", "status": "active_hazard"}, "geometry": {"type": "Point", "coordinates": [25.05182999925529, 60.23036699811244]}}, {"type": "Feature", "properties": {"submitted": true, "locationType": "Unsafe pedestrian or tramway crossing", "greatestDangerTo": "Pedestrians", "layer": "DangerousLocations_hki", "status": "active_hazard"}, "geometry": {"type": "Point", "coordinates": [25.034382000162456, 60.23401499734821]}}, {"type": "Feature", "properties": {"submitted": true, "locationType": "Unsafe pedestrian or tramway crossing", "greatestDangerTo": "Pedestrians", "layer": "DangerousLocations_hki", "status": "active_hazard"}, "geometry": {"type": "Point", "coordinates": [25.034763999142836, 60.23366800174124]}}, {"type": "Feature", "properties": {"submitted": true, "locationType": "Unclear signage", "greatestDangerTo": "Pedestrians", "layer": "DangerousLocations_hki", "status": "active_hazard"}, "geometry": {"type": "Point", "coordinates": [25.035518999822006, 60.232976002844225]}}, {"type": "Feature", "properties": {"submitted": true, "locationType": "Unsafe pedestrian or tramway crossing", "greatestDangerTo": "Pedestrians", "layer": "DangerousLocations_hki", "status": "active_hazard"}, "geometry": {"type": "Point", "coordinates": [25.0103090005853, 60.22722400252293]}}, {"type": "Feature", "properties": {"submitted": true, "locationType": "Unsafe pedestrian or tramway crossing", "greatestDangerTo": "Pedestrians", "layer": "DangerousLocations_hki", "status": "active_hazard"}, "geometry": {"type": "Point", "coordinates": [24.985830000050765, 60.21637799970306]}}, {"type": "Feature", "properties": {"submitted": true, "locationType": "Unsafe pedestrian or tramway crossing", "greatestDangerTo": "Pedestrians", "layer": "DangerousLocations_hki", "status": "active_hazard"}, "geometry": {"type": "Point", "coordinates": [24.98738999992313, 60.21594099771351]}}, {"type": "Feature", "properties": {"submitted": true, "locationType": "A dangerous or difficult intersection", "greatestDangerTo": "Car drivers", "layer": "DangerousLocations_hki", "status": "active_hazard"}, "geometry": {"type": "Point", "coordinates": [25.00984200012272, 60.234621001887696]}}, {"type": "Feature", "properties": {"submitted": true, "locationType": "Unsafe pedestrian or tramway crossing", "greatestDangerTo": "Pedestrians", "layer": "DangerousLocations_hki", "status": "active_hazard"}, "geometry": {"type": "Point", "coordinates": [25.042237999432146, 60.2656739969466]}}, {"type": "Feature", "properties": {"submitted": false, "locationType": "A dangerous or difficult intersection", "greatestDangerTo": "Car drivers", "layer": "DangerousLocations_hki", "status": "active_hazard"}, "geometry": {"type": "Point", "coordinates": [24.98095800083972, 60.24033699796366]}}, {"type": "Feature", "properties": {"submitted": true, "locationType": "Some other issue", "greatestDangerTo": "Cyclists (incl. e-bikes)", "layer": "DangerousLocations_hki", "status": "active_hazard"}, "geometry": {"type": "Point", "coordinates": [25.04940000020296, 60.182601001004436]}}, {"type": "Feature", "properties": {"submitted": true, "locationType": "Unsafe pedestrian or tramway crossing", "greatestDangerTo": "Pedestrians", "layer": "DangerousLocations_hki", "status": "active_hazard"}, "geometry": {"type": "Point", "coordinates": [25.05058600066184, 60.17822700206754]}}, {"type": "Feature", "properties": {"submitted": true, "locationType": "Some other issue", "greatestDangerTo": "Cyclists (incl. e-bikes)", "layer": "DangerousLocations_hki", "status": "active_hazard"}, "geometry": {"type": "Point", "coordinates": [24.895407000029298, 60.202122002627405]}}, {"type": "Feature", "properties": {"submitted": true, "locationType": "Issue regarding the condition of the road or its maintenance", "greatestDangerTo": "Cyclists (incl. e-bikes)", "layer": "DangerousLocations_hki", "status": "active_hazard"}, "geometry": {"type": "Point", "coordinates": [24.898393000247363, 60.19828599865006]}}, {"type": "Feature", "properties": {"submitted": true, "locationType": "Some other issue", "greatestDangerTo": "Cyclists (incl. e-bikes)", "layer": "DangerousLocations_hki", "status": "active_hazard"}, "geometry": {"type": "Point", "coordinates": [24.917145999006003, 60.189658004238005]}}, {"type": "Feature", "properties": {"submitted": true, "locationType": "A dangerous location related to construction site arrangements", "greatestDangerTo": "Cyclists (incl. e-bikes)", "layer": "DangerousLocations_hki", "status": "active_hazard"}, "geometry": {"type": "Point", "coordinates": [24.91820400068816, 60.189825001784435]}}, {"type": "Feature", "properties": {"submitted": true, "locationType": "Unsafe pedestrian or tramway crossing", "greatestDangerTo": "Car drivers", "layer": "DangerousLocations_hki", "status": "active_hazard"}, "geometry": {"type": "Point", "coordinates": [24.91815700034336, 60.18969200364493]}}, {"type": "Feature", "properties": {"submitted": true, "locationType": "Unsafe pedestrian or tramway crossing", "greatestDangerTo": "Cyclists (incl. e-bikes)", "layer": "DangerousLocations_hki", "status": "active_hazard"}, "geometry": {"type": "Point", "coordinates": [24.909876000625694, 60.19216600240273]}}, {"type": "Feature", "properties": {"submitted": true, "locationType": "Unsafe pedestrian or tramway crossing", "greatestDangerTo": "Pedestrians", "layer": "DangerousLocations_hki", "status": "active_hazard"}, "geometry": {"type": "Point", "coordinates": [24.95804200019592, 60.1684380022802]}}, {"type": "Feature", "properties": {"submitted": true, "locationType": "A poorly placed public transport stop", "greatestDangerTo": "Pedestrians", "layer": "DangerousLocations_hki", "status": "active_hazard"}, "geometry": {"type": "Point", "coordinates": [24.89476800073161, 60.19352899744279]}}, {"type": "Feature", "properties": {"submitted": true, "locationType": "Unsafe pedestrian or tramway crossing", "greatestDangerTo": "Car drivers", "layer": "DangerousLocations_hki", "status": "active_hazard"}, "geometry": {"type": "Point", "coordinates": [24.877988000329164, 60.153868998743484]}}, {"type": "Feature", "properties": {"submitted": false, "locationType": "Unsafe pedestrian or tramway crossing", "greatestDangerTo": "Pedestrians", "layer": "DangerousLocations_hki", "status": "active_hazard"}, "geometry": {"type": "Point", "coordinates": [24.854536999092126, 60.23809600208049]}}, {"type": "Feature", "properties": {"submitted": true, "locationType": "Some other issue", "greatestDangerTo": "Pedestrians", "layer": "DangerousLocations_hki", "status": "active_hazard"}, "geometry": {"type": "Point", "coordinates": [24.968765000144458, 60.16615599986157]}}, {"type": "Feature", "properties": {"submitted": true, "locationType": "Some other issue", "greatestDangerTo": "Cyclists (incl. e-bikes)", "layer": "DangerousLocations_hki", "status": "active_hazard"}, "geometry": {"type": "Point", "coordinates": [24.939652999855856, 60.1652460010774]}}, {"type": "Feature", "properties": {"submitted": true, "locationType": "A dangerous location related to parking", "greatestDangerTo": "Pedestrians", "layer": "DangerousLocations_hki", "status": "active_hazard"}, "geometry": {"type": "Point", "coordinates": [24.960303999760153, 60.16909800260926]}}, {"type": "Feature", "properties": {"submitted": true, "locationType": "Unsafe pedestrian or tramway crossing", "greatestDangerTo": "Pedestrians", "layer": "DangerousLocations_hki", "status": "active_hazard"}, "geometry": {"type": "Point", "coordinates": [24.942944999466494, 60.17121499786677]}}, {"type": "Feature", "properties": {"submitted": true, "locationType": "Issue regarding quality of the route or its continuity", "greatestDangerTo": "Cyclists (incl. e-bikes)", "layer": "DangerousLocations_hki", "status": "active_hazard"}, "geometry": {"type": "Point", "coordinates": [24.95750300055033, 60.16848999889185]}}, {"type": "Feature", "properties": {"submitted": true, "locationType": "Unsafe pedestrian or tramway crossing", "greatestDangerTo": "Public transport users", "layer": "DangerousLocations_hki", "status": "active_hazard"}, "geometry": {"type": "Point", "coordinates": [24.964666000064007, 60.19200800217882]}}, {"type": "Feature", "properties": {"submitted": true, "locationType": "A dangerous or difficult intersection", "greatestDangerTo": "Public transport users", "layer": "DangerousLocations_hki", "status": "active_hazard"}, "geometry": {"type": "Point", "coordinates": [24.97696399913399, 60.187683001673804]}}, {"type": "Feature", "properties": {"submitted": true, "locationType": "Issue regarding quality of the route or its continuity", "greatestDangerTo": "Public transport users", "layer": "DangerousLocations_hki", "status": "active_hazard"}, "geometry": {"type": "Point", "coordinates": [24.97423200058275, 60.18887699789009]}}, {"type": "Feature", "properties": {"submitted": true, "locationType": "A dangerous or difficult intersection", "greatestDangerTo": "Car drivers", "layer": "DangerousLocations_hki", "status": "active_hazard"}, "geometry": {"type": "Point", "coordinates": [25.037372999982885, 60.18825700114184]}}, {"type": "Feature", "properties": {"submitted": true, "locationType": "Unsafe pedestrian or tramway crossing", "greatestDangerTo": "Pedestrians", "layer": "DangerousLocations_hki", "status": "active_hazard"}, "geometry": {"type": "Point", "coordinates": [24.975569999347325, 60.190296001580805]}}, {"type": "Feature", "properties": {"submitted": true, "locationType": "Unsafe pedestrian or tramway crossing", "greatestDangerTo": "Car drivers", "layer": "DangerousLocations_hki", "status": "active_hazard"}, "geometry": {"type": "Point", "coordinates": [24.9250790010027, 60.165828996680816]}}, {"type": "Feature", "properties": {"submitted": true, "locationType": "Unsafe pedestrian or tramway crossing", "greatestDangerTo": "Pedestrians", "layer": "DangerousLocations_hki", "status": "active_hazard"}, "geometry": {"type": "Point", "coordinates": [24.980052999583265, 60.18356500394895]}}, {"type": "Feature", "properties": {"submitted": true, "locationType": "Some other issue", "greatestDangerTo": "Cyclists (incl. e-bikes)", "layer": "DangerousLocations_hki", "status": "active_hazard"}, "geometry": {"type": "Point", "coordinates": [25.13788600016509, 60.20964999676622]}}, {"type": "Feature", "properties": {"submitted": true, "locationType": "Unsafe pedestrian or tramway crossing", "greatestDangerTo": "Pedestrians", "layer": "DangerousLocations_hki", "status": "active_hazard"}, "geometry": {"type": "Point", "coordinates": [25.010976000450515, 60.22749600096191]}}, {"type": "Feature", "properties": {"submitted": true, "locationType": "Unsafe pedestrian or tramway crossing", "greatestDangerTo": "Pedestrians", "layer": "DangerousLocations_hki", "status": "active_hazard"}, "geometry": {"type": "Point", "coordinates": [24.92851099955823, 60.2207640006306]}}, {"type": "Feature", "properties": {"submitted": true, "locationType": "Unsafe pedestrian or tramway crossing", "greatestDangerTo": "Pedestrians", "layer": "DangerousLocations_hki", "status": "active_hazard"}, "geometry": {"type": "Point", "coordinates": [24.912312000013035, 60.21971500271785]}}, {"type": "Feature", "properties": {"submitted": true, "locationType": "Unsafe pedestrian or tramway crossing", "greatestDangerTo": "Pedestrians", "layer": "DangerousLocations_hki", "status": "active_hazard"}, "geometry": {"type": "Point", "coordinates": [24.958944999822744, 60.1936860009348]}}, {"type": "Feature", "properties": {"submitted": true, "locationType": "Unsafe pedestrian or tramway crossing", "greatestDangerTo": "Pedestrians", "layer": "DangerousLocations_hki", "status": "active_hazard"}, "geometry": {"type": "Point", "coordinates": [24.958674999687762, 60.19355100446639]}}, {"type": "Feature", "properties": {"submitted": true, "locationType": "Unsafe pedestrian or tramway crossing", "greatestDangerTo": "Pedestrians", "layer": "DangerousLocations_hki", "status": "active_hazard"}, "geometry": {"type": "Point", "coordinates": [24.96261899976861, 60.195920998015396]}}, {"type": "Feature", "properties": {"submitted": true, "locationType": "Unsafe pedestrian or tramway crossing", "greatestDangerTo": "Pedestrians", "layer": "DangerousLocations_hki", "status": "active_hazard"}, "geometry": {"type": "Point", "coordinates": [24.962820000237805, 60.19594799663868]}}, {"type": "Feature", "properties": {"submitted": true, "locationType": "Some other issue", "greatestDangerTo": "Pedestrians", "layer": "DangerousLocations_hki", "status": "active_hazard"}, "geometry": {"type": "Point", "coordinates": [24.913641000362865, 60.15834099834876]}}, {"type": "Feature", "properties": {"submitted": true, "locationType": "Unsafe pedestrian or tramway crossing", "greatestDangerTo": "Pedestrians", "layer": "DangerousLocations_hki", "status": "active_hazard"}, "geometry": {"type": "Point", "coordinates": [24.933972000737995, 60.16894199914391]}}, {"type": "Feature", "properties": {"submitted": true, "locationType": "Unsafe pedestrian or tramway crossing", "greatestDangerTo": "Pedestrians", "layer": "DangerousLocations_hki", "status": "active_hazard"}, "geometry": {"type": "Point", "coordinates": [24.968501000526924, 60.20905800042176]}}, {"type": "Feature", "properties": {"submitted": true, "locationType": "Unsafe pedestrian or tramway crossing", "greatestDangerTo": "Pedestrians", "layer": "DangerousLocations_hki", "status": "active_hazard"}, "geometry": {"type": "Point", "coordinates": [24.96805499941947, 60.207706999281434]}}, {"type": "Feature", "properties": {"submitted": true, "locationType": "A dangerous or difficult intersection", "greatestDangerTo": "Car drivers", "layer": "DangerousLocations_hki", "status": "active_hazard"}, "geometry": {"type": "Point", "coordinates": [25.035357999849744, 60.26651299742471]}}, {"type": "Feature", "properties": {"submitted": true, "locationType": "Some other issue", "greatestDangerTo": "Car drivers", "layer": "DangerousLocations_hki", "status": "active_hazard"}, "geometry": {"type": "Point", "coordinates": [25.148110999552046, 60.22319100178685]}}, {"type": "Feature", "properties": {"submitted": true, "locationType": "Pedestrian traffic lights that change too fast", "greatestDangerTo": "Persons using mobility aids (such as a wheelchair or walker)", "layer": "DangerousLocations_hki", "status": "active_hazard"}, "geometry": {"type": "Point", "coordinates": [25.08598400007133, 60.2142279995157]}}, {"type": "Feature", "properties": {"submitted": true, "locationType": "A dangerous or difficult intersection", "greatestDangerTo": "Pedestrians", "layer": "DangerousLocations_hki", "status": "active_hazard"}, "geometry": {"type": "Point", "coordinates": [24.940755999927998, 60.19559300219982]}}, {"type": "Feature", "properties": {"submitted": true, "locationType": "A dangerous or difficult intersection", "greatestDangerTo": "Pedestrians", "layer": "DangerousLocations_hki", "status": "active_hazard"}, "geometry": {"type": "Point", "coordinates": [24.932599999847998, 60.20105600241315]}}, {"type": "Feature", "properties": {"submitted": true, "locationType": "A dangerous location related to parking", "greatestDangerTo": "Cyclists (incl. e-bikes)", "layer": "DangerousLocations_hki", "status": "active_hazard"}, "geometry": {"type": "Point", "coordinates": [24.930769000864515, 60.19774399560418]}}, {"type": "Feature", "properties": {"submitted": true, "locationType": "Pedestrian traffic lights that change too fast", "greatestDangerTo": "Pedestrians", "layer": "DangerousLocations_hki", "status": "active_hazard"}, "geometry": {"type": "Point", "coordinates": [24.975109999627072, 60.20858099649922]}}, {"type": "Feature", "properties": {"submitted": true, "locationType": "Unsafe pedestrian or tramway crossing", "greatestDangerTo": "Pedestrians", "layer": "DangerousLocations_hki", "status": "active_hazard"}, "geometry": {"type": "Point", "coordinates": [25.01483499930606, 60.23268200280422]}}, {"type": "Feature", "properties": {"submitted": true, "locationType": "Pedestrian traffic lights that change too fast", "greatestDangerTo": "Pedestrians", "layer": "DangerousLocations_hki", "status": "active_hazard"}, "geometry": {"type": "Point", "coordinates": [24.974079000893823, 60.207234996601265]}}, {"type": "Feature", "properties": {"submitted": true, "locationType": "Unsafe pedestrian or tramway crossing", "greatestDangerTo": "Pedestrians", "layer": "DangerousLocations_hki", "status": "active_hazard"}, "geometry": {"type": "Point", "coordinates": [24.941539000917537, 60.17044599855251]}}, {"type": "Feature", "properties": {"submitted": true, "locationType": "Pedestrian traffic lights that change too fast", "greatestDangerTo": "Pedestrians", "layer": "DangerousLocations_hki", "status": "active_hazard"}, "geometry": {"type": "Point", "coordinates": [24.94913700023648, 60.19049500380774]}}, {"type": "Feature", "properties": {"submitted": true, "locationType": "A dangerous or difficult intersection", "greatestDangerTo": "Cyclists (incl. e-bikes)", "layer": "DangerousLocations_hki", "status": "active_hazard"}, "geometry": {"type": "Point", "coordinates": [25.036139999695163, 60.19315599641632]}}, {"type": "Feature", "properties": {"submitted": true, "locationType": "Some other issue", "greatestDangerTo": "Pedestrians", "layer": "DangerousLocations_hki", "status": "active_hazard"}, "geometry": {"type": "Point", "coordinates": [24.956699999851583, 60.167912996430836]}}, {"type": "Feature", "properties": {"submitted": true, "locationType": "A dangerous or difficult intersection", "greatestDangerTo": "Cyclists (incl. e-bikes)", "layer": "DangerousLocations_hki", "status": "active_hazard"}, "geometry": {"type": "Point", "coordinates": [24.979125000388326, 60.18588099652566]}}, {"type": "Feature", "properties": {"submitted": true, "locationType": "A dangerous or difficult intersection", "greatestDangerTo": "Cyclists (incl. e-bikes)", "layer": "DangerousLocations_hki", "status": "active_hazard"}, "geometry": {"type": "Point", "coordinates": [24.938283000523583, 60.17466300165143]}}, {"type": "Feature", "properties": {"submitted": true, "locationType": "Some other issue", "greatestDangerTo": "Pedestrians", "layer": "DangerousLocations_hki", "status": "active_hazard"}, "geometry": {"type": "Point", "coordinates": [24.93471700081883, 60.16853599697309]}}, {"type": "Feature", "properties": {"submitted": true, "locationType": "Unsafe pedestrian or tramway crossing", "greatestDangerTo": "Pedestrians", "layer": "DangerousLocations_hki", "status": "active_hazard"}, "geometry": {"type": "Point", "coordinates": [25.036280000569175, 60.19323100146648]}}, {"type": "Feature", "properties": {"submitted": true, "locationType": "Unsafe pedestrian or tramway crossing", "greatestDangerTo": "Pedestrians", "layer": "DangerousLocations_hki", "status": "active_hazard"}, "geometry": {"type": "Point", "coordinates": [24.951630000807107, 60.19664799838404]}}, {"type": "Feature", "properties": {"submitted": true, "locationType": "Some other issue", "greatestDangerTo": "Public transport users", "layer": "DangerousLocations_hki", "status": "active_hazard"}, "geometry": {"type": "Point", "coordinates": [24.95266300028552, 60.196218004288546]}}, {"type": "Feature", "properties": {"submitted": true, "locationType": "A dangerous or difficult intersection", "greatestDangerTo": "Cyclists (incl. e-bikes)", "layer": "DangerousLocations_hki", "status": "active_hazard"}, "geometry": {"type": "Point", "coordinates": [24.892128999091703, 60.16156400041593]}}, {"type": "Feature", "properties": {"submitted": true, "locationType": "Some other issue", "greatestDangerTo": "Cyclists (incl. e-bikes)", "layer": "DangerousLocations_hki", "status": "active_hazard"}, "geometry": {"type": "Point", "coordinates": [24.892031999514465, 60.161429997769886]}}, {"type": "Feature", "properties": {"submitted": true, "locationType": "A dangerous or difficult intersection", "greatestDangerTo": "Pedestrians", "layer": "DangerousLocations_hki", "status": "active_hazard"}, "geometry": {"type": "Point", "coordinates": [24.938960999314737, 60.172886004052685]}}, {"type": "Feature", "properties": {"submitted": true, "locationType": "A poorly placed public transport stop", "greatestDangerTo": "Public transport users", "layer": "DangerousLocations_hki", "status": "active_hazard"}, "geometry": {"type": "Point", "coordinates": [25.03002900021932, 60.1946839956497]}}, {"type": "Feature", "properties": {"submitted": true, "locationType": "A dangerous or difficult intersection", "greatestDangerTo": "Pedestrians", "layer": "DangerousLocations_hki", "status": "active_hazard"}, "geometry": {"type": "Point", "coordinates": [25.02752599966065, 60.22764699771918]}}, {"type": "Feature", "properties": {"submitted": true, "locationType": "Unsafe pedestrian or tramway crossing", "greatestDangerTo": "Pedestrians", "layer": "DangerousLocations_hki", "status": "active_hazard"}, "geometry": {"type": "Point", "coordinates": [25.03043399941243, 60.22720900345155]}}, {"type": "Feature", "properties": {"submitted": true, "locationType": "Unsafe pedestrian or tramway crossing", "greatestDangerTo": "Pedestrians", "layer": "DangerousLocations_hki", "status": "active_hazard"}, "geometry": {"type": "Point", "coordinates": [25.01155800073883, 60.22956899693869]}}, {"type": "Feature", "properties": {"submitted": true, "locationType": "Some other issue", "greatestDangerTo": "Pedestrians", "layer": "DangerousLocations_hki", "status": "active_hazard"}, "geometry": {"type": "Point", "coordinates": [24.946427999068455, 60.1924480005687]}}, {"type": "Feature", "properties": {"submitted": true, "locationType": "A dangerous or difficult intersection", "greatestDangerTo": "Pedestrians", "layer": "DangerousLocations_hki", "status": "active_hazard"}, "geometry": {"type": "Point", "coordinates": [24.94290700043992, 60.19395300208097]}}, {"type": "Feature", "properties": {"submitted": true, "locationType": "Unsafe pedestrian or tramway crossing", "greatestDangerTo": "Pedestrians", "layer": "DangerousLocations_hki", "status": "active_hazard"}, "geometry": {"type": "Point", "coordinates": [24.972395999416978, 60.227053000028796]}}, {"type": "Feature", "properties": {"submitted": true, "locationType": "Unsafe pedestrian or tramway crossing", "greatestDangerTo": "Pedestrians", "layer": "DangerousLocations_hki", "status": "active_hazard"}, "geometry": {"type": "Point", "coordinates": [24.972464999335042, 60.22834400293113]}}, {"type": "Feature", "properties": {"submitted": true, "locationType": "Unsafe pedestrian or tramway crossing", "greatestDangerTo": "Pedestrians", "layer": "DangerousLocations_hki", "status": "active_hazard"}, "geometry": {"type": "Point", "coordinates": [24.974098000603906, 60.22951800135116]}}, {"type": "Feature", "properties": {"submitted": true, "locationType": "Unsafe pedestrian or tramway crossing", "greatestDangerTo": "Pedestrians", "layer": "DangerousLocations_hki", "status": "active_hazard"}, "geometry": {"type": "Point", "coordinates": [24.964150999733146, 60.18992399784155]}}, {"type": "Feature", "properties": {"submitted": true, "locationType": "Unsafe pedestrian or tramway crossing", "greatestDangerTo": "Pedestrians", "layer": "DangerousLocations_hki", "status": "active_hazard"}, "geometry": {"type": "Point", "coordinates": [24.965428000080284, 60.1918549994178]}}, {"type": "Feature", "properties": {"submitted": true, "locationType": "Unsafe pedestrian or tramway crossing", "greatestDangerTo": "Pedestrians", "layer": "DangerousLocations_hki", "status": "active_hazard"}, "geometry": {"type": "Point", "coordinates": [24.962783999300196, 60.19598399960779]}}, {"type": "Feature", "properties": {"submitted": true, "locationType": "Issue regarding quality of the route or its continuity", "greatestDangerTo": "Cyclists (incl. e-bikes)", "layer": "DangerousLocations_hki", "status": "active_hazard"}, "geometry": {"type": "Point", "coordinates": [24.870431999645298, 60.18729199897347]}}, {"type": "Feature", "properties": {"submitted": true, "locationType": "A dangerous or difficult intersection", "greatestDangerTo": "Pedestrians", "layer": "DangerousLocations_hki", "status": "active_hazard"}, "geometry": {"type": "Point", "coordinates": [24.97968799929523, 60.18277300022682]}}, {"type": "Feature", "properties": {"submitted": true, "locationType": "Unsafe pedestrian or tramway crossing", "greatestDangerTo": "Pedestrians", "layer": "DangerousLocations_hki", "status": "active_hazard"}, "geometry": {"type": "Point", "coordinates": [24.97868699928521, 60.18599400056996]}}, {"type": "Feature", "properties": {"submitted": true, "locationType": "A dangerous or difficult intersection", "greatestDangerTo": "Cyclists (incl. e-bikes)", "layer": "DangerousLocations_hki", "status": "active_hazard"}, "geometry": {"type": "Point", "coordinates": [24.922193000218314, 60.19578299848276]}}, {"type": "Feature", "properties": {"submitted": true, "locationType": "Some other issue", "greatestDangerTo": "Cyclists (incl. e-bikes)", "layer": "DangerousLocations_hki", "status": "active_hazard"}, "geometry": {"type": "Point", "coordinates": [24.960033000136622, 60.19314500059432]}}, {"type": "Feature", "properties": {"submitted": true, "locationType": "Some other issue", "greatestDangerTo": "Cyclists (incl. e-bikes)", "layer": "DangerousLocations_hki", "status": "active_hazard"}, "geometry": {"type": "Point", "coordinates": [24.919542999825783, 60.18236499707396]}}, {"type": "Feature", "properties": {"submitted": true, "locationType": "Some other issue", "greatestDangerTo": "Cyclists (incl. e-bikes)", "layer": "DangerousLocations_hki", "status": "active_hazard"}, "geometry": {"type": "Point", "coordinates": [24.92305999903363, 60.172570003606424]}}, {"type": "Feature", "properties": {"submitted": true, "locationType": "Issue regarding quality of the route or its continuity", "greatestDangerTo": "Cyclists (incl. e-bikes)", "layer": "DangerousLocations_hki", "status": "active_hazard"}, "geometry": {"type": "Point", "coordinates": [24.9247040005245, 60.17124200386138]}}, {"type": "Feature", "properties": {"submitted": true, "locationType": "Unsafe pedestrian or tramway crossing", "greatestDangerTo": "Cyclists (incl. e-bikes)", "layer": "DangerousLocations_hki", "status": "active_hazard"}, "geometry": {"type": "Point", "coordinates": [24.92956700030089, 60.19527500427688]}}, {"type": "Feature", "properties": {"submitted": true, "locationType": "Unsafe pedestrian or tramway crossing", "greatestDangerTo": "Cyclists (incl. e-bikes)", "layer": "DangerousLocations_hki", "status": "active_hazard"}, "geometry": {"type": "Point", "coordinates": [25.01727100004862, 60.224591998917134]}}, {"type": "Feature", "properties": {"submitted": true, "locationType": "Some other issue", "greatestDangerTo": "Pedestrians", "layer": "DangerousLocations_hki", "status": "active_hazard"}, "geometry": {"type": "Point", "coordinates": [24.97311099932604, 60.2288030005304]}}, {"type": "Feature", "properties": {"submitted": true, "locationType": "Unsafe pedestrian or tramway crossing", "greatestDangerTo": "Pedestrians", "layer": "DangerousLocations_hki", "status": "active_hazard"}, "geometry": {"type": "Point", "coordinates": [24.966313999770662, 60.18943900138886]}}, {"type": "Feature", "properties": {"submitted": true, "locationType": "Issue regarding quality of the route or its continuity", "greatestDangerTo": "Pedestrians", "layer": "DangerousLocations_hki", "status": "active_hazard"}, "geometry": {"type": "Point", "coordinates": [24.970659999319558, 60.18886600194568]}}, {"type": "Feature", "properties": {"submitted": true, "locationType": "Unsafe pedestrian or tramway crossing", "greatestDangerTo": "Pedestrians", "layer": "DangerousLocations_hki", "status": "active_hazard"}, "geometry": {"type": "Point", "coordinates": [24.938491999655227, 60.17288099864199]}}, {"type": "Feature", "properties": {"submitted": true, "locationType": "Unclear signage", "greatestDangerTo": "Pedestrians", "layer": "DangerousLocations_hki", "status": "active_hazard"}, "geometry": {"type": "Point", "coordinates": [24.96661699970488, 60.20167700014307]}}, {"type": "Feature", "properties": {"submitted": true, "locationType": "Unclear signage", "greatestDangerTo": "Pedestrians", "layer": "DangerousLocations_hki", "status": "active_hazard"}, "geometry": {"type": "Point", "coordinates": [24.9655489998652, 60.20243000195147]}}, {"type": "Feature", "properties": {"submitted": true, "locationType": "A dangerous or difficult intersection", "greatestDangerTo": "Pedestrians", "layer": "DangerousLocations_hki", "status": "active_hazard"}, "geometry": {"type": "Point", "coordinates": [24.976801999548588, 60.18335800100661]}}, {"type": "Feature", "properties": {"submitted": true, "locationType": "A dangerous or difficult intersection", "greatestDangerTo": "Pedestrians", "layer": "DangerousLocations_hki", "status": "active_hazard"}, "geometry": {"type": "Point", "coordinates": [24.97301799997965, 60.18813300209692]}}, {"type": "Feature", "properties": {"submitted": true, "locationType": "Some other issue", "greatestDangerTo": "Pedestrians", "layer": "DangerousLocations_hki", "status": "active_hazard"}, "geometry": {"type": "Point", "coordinates": [25.004693999244978, 60.23829300342332]}}, {"type": "Feature", "properties": {"submitted": true, "locationType": "A dangerous location related to parking", "greatestDangerTo": "Pedestrians", "layer": "DangerousLocations_hki", "status": "active_hazard"}, "geometry": {"type": "Point", "coordinates": [25.01672100055537, 60.235869996658366]}}, {"type": "Feature", "properties": {"submitted": true, "locationType": "Issue regarding quality of the route or its continuity", "greatestDangerTo": "Pedestrians", "layer": "DangerousLocations_hki", "status": "active_hazard"}, "geometry": {"type": "Point", "coordinates": [24.98423400046432, 60.24788899878606]}}, {"type": "Feature", "properties": {"submitted": true, "locationType": "A dangerous location related to parking", "greatestDangerTo": "Car drivers", "layer": "DangerousLocations_hki", "status": "active_hazard"}, "geometry": {"type": "Point", "coordinates": [24.988513999827088, 60.24808700251369]}}, {"type": "Feature", "properties": {"submitted": true, "locationType": "Unsafe pedestrian or tramway crossing", "greatestDangerTo": "Pedestrians", "layer": "DangerousLocations_hki", "status": "active_hazard"}, "geometry": {"type": "Point", "coordinates": [24.983471000629013, 60.24353500154564]}}, {"type": "Feature", "properties": {"submitted": false, "locationType": "Some other issue", "greatestDangerTo": "Pedestrians", "layer": "DangerousLocations_hki", "status": "active_hazard"}, "geometry": {"type": "Point", "coordinates": [24.979160999007373, 60.18588800332541]}}, {"type": "Feature", "properties": {"submitted": false, "locationType": "A dangerous or difficult intersection", "greatestDangerTo": "Cyclists (incl. e-bikes)", "layer": "DangerousLocations_hki", "status": "active_hazard"}, "geometry": {"type": "Point", "coordinates": [24.994423999840414, 60.18617599566593]}}, {"type": "Feature", "properties": {"submitted": false, "locationType": "Unsafe pedestrian or tramway crossing", "greatestDangerTo": "Cyclists (incl. e-bikes)", "layer": "DangerousLocations_hki", "status": "active_hazard"}, "geometry": {"type": "Point", "coordinates": [24.981637000957377, 60.18264399578974]}}, {"type": "Feature", "properties": {"submitted": true, "locationType": "A dangerous or difficult intersection", "greatestDangerTo": "Pedestrians", "layer": "DangerousLocations_hki", "status": "active_hazard"}, "geometry": {"type": "Point", "coordinates": [24.93099799973764, 60.18137099721876]}}, {"type": "Feature", "properties": {"submitted": true, "locationType": "Some other issue", "greatestDangerTo": "Pedestrians", "layer": "DangerousLocations_hki", "status": "active_hazard"}, "geometry": {"type": "Point", "coordinates": [24.93118100041172, 60.180445998202536]}}, {"type": "Feature", "properties": {"submitted": true, "locationType": "Unsafe pedestrian or tramway crossing", "greatestDangerTo": "Pedestrians", "layer": "DangerousLocations_hki", "status": "active_hazard"}, "geometry": {"type": "Point", "coordinates": [24.93398200042142, 60.17698399590526]}}, {"type": "Feature", "properties": {"submitted": true, "locationType": "Unsafe pedestrian or tramway crossing", "greatestDangerTo": "Pedestrians", "layer": "DangerousLocations_hki", "status": "active_hazard"}, "geometry": {"type": "Point", "coordinates": [24.931634998927333, 60.17745700324879]}}, {"type": "Feature", "properties": {"submitted": true, "locationType": "Unsafe pedestrian or tramway crossing", "greatestDangerTo": "Pedestrians", "layer": "DangerousLocations_hki", "status": "active_hazard"}, "geometry": {"type": "Point", "coordinates": [24.930984000450636, 60.17874000299757]}}, {"type": "Feature", "properties": {"submitted": true, "locationType": "Some other issue", "greatestDangerTo": "Pedestrians", "layer": "DangerousLocations_hki", "status": "active_hazard"}, "geometry": {"type": "Point", "coordinates": [24.912933999732758, 60.1787220040375]}}, {"type": "Feature", "properties": {"submitted": true, "locationType": "Some other issue", "greatestDangerTo": "Pedestrians", "layer": "DangerousLocations_hki", "status": "active_hazard"}, "geometry": {"type": "Point", "coordinates": [24.91167999906279, 60.182075001221875]}}, {"type": "Feature", "properties": {"submitted": true, "locationType": "Unsafe pedestrian or tramway crossing", "greatestDangerTo": "Pedestrians", "layer": "DangerousLocations_hki", "status": "active_hazard"}, "geometry": {"type": "Point", "coordinates": [24.93809000047704, 60.17293000081461]}}, {"type": "Feature", "properties": {"submitted": true, "locationType": "Issue regarding quality of the route or its continuity", "greatestDangerTo": "Pedestrians", "layer": "DangerousLocations_hki", "status": "active_hazard"}, "geometry": {"type": "Point", "coordinates": [24.978759000143498, 60.18599199984361]}}, {"type": "Feature", "properties": {"submitted": true, "locationType": "A dangerous or difficult intersection", "greatestDangerTo": "Cyclists (incl. e-bikes)", "layer": "DangerousLocations_hki", "status": "active_hazard"}, "geometry": {"type": "Point", "coordinates": [24.928742000726217, 60.220903998835084]}}, {"type": "Feature", "properties": {"submitted": true, "locationType": "A dangerous location related to parking", "greatestDangerTo": "Cyclists (incl. e-bikes)", "layer": "DangerousLocations_hki", "status": "active_hazard"}, "geometry": {"type": "Point", "coordinates": [24.921649999875495, 60.20930600324814]}}, {"type": "Feature", "properties": {"submitted": true, "locationType": "Some other issue", "greatestDangerTo": "Pedestrians", "layer": "DangerousLocations_hki", "status": "active_hazard"}, "geometry": {"type": "Point", "coordinates": [24.94548200059085, 60.16943600097744]}}, {"type": "Feature", "properties": {"submitted": true, "locationType": "Unsafe pedestrian or tramway crossing", "greatestDangerTo": "Cyclists (incl. e-bikes)", "layer": "DangerousLocations_hki", "status": "active_hazard"}, "geometry": {"type": "Point", "coordinates": [24.937269999165384, 60.19556900368042]}}, {"type": "Feature", "properties": {"submitted": true, "locationType": "Unsafe pedestrian or tramway crossing", "greatestDangerTo": "Pedestrians", "layer": "DangerousLocations_hki", "status": "active_hazard"}, "geometry": {"type": "Point", "coordinates": [24.941295999814166, 60.19406399744413]}}, {"type": "Feature", "properties": {"submitted": true, "locationType": "A dangerous or difficult intersection", "greatestDangerTo": "Cyclists (incl. e-bikes)", "layer": "DangerousLocations_hki", "status": "active_hazard"}, "geometry": {"type": "Point", "coordinates": [24.945406999488302, 60.1698170018399]}}, {"type": "Feature", "properties": {"submitted": true, "locationType": "A dangerous location related to construction site arrangements", "greatestDangerTo": "Pedestrians", "layer": "DangerousLocations_hki", "status": "active_hazard"}, "geometry": {"type": "Point", "coordinates": [24.950870000195025, 60.167253000568415]}}, {"type": "Feature", "properties": {"submitted": true, "locationType": "A dangerous location related to construction site arrangements", "greatestDangerTo": "Pedestrians", "layer": "DangerousLocations_hki", "status": "active_hazard"}, "geometry": {"type": "Point", "coordinates": [24.926395000450942, 60.18241399916215]}}, {"type": "Feature", "properties": {"submitted": true, "locationType": "Unsafe pedestrian or tramway crossing", "greatestDangerTo": "Users of e-scooters or other light electric vehicles", "layer": "DangerousLocations_hki", "status": "active_hazard"}, "geometry": {"type": "Point", "coordinates": [24.89513499940288, 60.19331499838081]}}, {"type": "Feature", "properties": {"submitted": true, "locationType": "Unsafe pedestrian or tramway crossing", "greatestDangerTo": "Car drivers", "layer": "DangerousLocations_hki", "status": "active_hazard"}, "geometry": {"type": "Point", "coordinates": [24.891513000217174, 60.19480699640271]}}, {"type": "Feature", "properties": {"submitted": false, "locationType": "A dangerous or difficult intersection", "greatestDangerTo": "Pedestrians", "layer": "DangerousLocations_hki", "status": "active_hazard"}, "geometry": {"type": "Point", "coordinates": [24.969930000707837, 60.188162996375006]}}, {"type": "Feature", "properties": {"submitted": false, "locationType": "A dangerous or difficult intersection", "greatestDangerTo": "Pedestrians", "layer": "DangerousLocations_hki", "status": "active_hazard"}, "geometry": {"type": "Point", "coordinates": [24.963165000646594, 60.1881560020261]}}, {"type": "Feature", "properties": {"submitted": false, "locationType": "Unsafe pedestrian or tramway crossing", "greatestDangerTo": "Pedestrians", "layer": "DangerousLocations_hki", "status": "active_hazard"}, "geometry": {"type": "Point", "coordinates": [24.979251999179393, 60.1859020012317]}}, {"type": "Feature", "properties": {"submitted": false, "locationType": "Pedestrian traffic lights that change too fast", "greatestDangerTo": "Cyclists (incl. e-bikes)", "layer": "DangerousLocations_hki", "status": "active_hazard"}, "geometry": {"type": "Point", "coordinates": [24.968635999788646, 60.18634000037321]}}, {"type": "Feature", "properties": {"submitted": false, "locationType": "Unsafe pedestrian or tramway crossing", "greatestDangerTo": "Pedestrians", "layer": "DangerousLocations_hki", "status": "active_hazard"}, "geometry": {"type": "Point", "coordinates": [24.968272999810377, 60.18643400049242]}}, {"type": "Feature", "properties": {"submitted": false, "locationType": "Unsafe pedestrian or tramway crossing", "greatestDangerTo": "Pedestrians", "layer": "DangerousLocations_hki", "status": "active_hazard"}, "geometry": {"type": "Point", "coordinates": [24.967149000328682, 60.18673899968668]}}, {"type": "Feature", "properties": {"submitted": true, "locationType": "Unclear signage", "greatestDangerTo": "Pedestrians", "layer": "DangerousLocations_hki", "status": "active_hazard"}, "geometry": {"type": "Point", "coordinates": [25.027830000166794, 60.228072002233134]}}, {"type": "Feature", "properties": {"submitted": true, "locationType": "Unsafe pedestrian or tramway crossing", "greatestDangerTo": "Pedestrians", "layer": "DangerousLocations_hki", "status": "active_hazard"}, "geometry": {"type": "Point", "coordinates": [25.027637999423842, 60.227630996055275]}}, {"type": "Feature", "properties": {"submitted": true, "locationType": "Unsafe pedestrian or tramway crossing", "greatestDangerTo": "Pedestrians", "layer": "DangerousLocations_hki", "status": "active_hazard"}, "geometry": {"type": "Point", "coordinates": [25.0304210009925, 60.227206996174004]}}, {"type": "Feature", "properties": {"submitted": true, "locationType": "Unsafe pedestrian or tramway crossing", "greatestDangerTo": "Cyclists (incl. e-bikes)", "layer": "DangerousLocations_hki", "status": "active_hazard"}, "geometry": {"type": "Point", "coordinates": [25.051842999419836, 60.230387999330205]}}, {"type": "Feature", "properties": {"submitted": true, "locationType": "Unsafe pedestrian or tramway crossing", "greatestDangerTo": "Persons using mobility aids (such as a wheelchair or walker)", "layer": "DangerousLocations_hki", "status": "active_hazard"}, "geometry": {"type": "Point", "coordinates": [24.941600999195032, 60.17046700046607]}}, {"type": "Feature", "properties": {"submitted": true, "locationType": "Unsafe pedestrian or tramway crossing", "greatestDangerTo": "Pedestrians", "layer": "DangerousLocations_hki", "status": "active_hazard"}, "geometry": {"type": "Point", "coordinates": [24.946421999391145, 60.17888399786297]}}, {"type": "Feature", "properties": {"submitted": true, "locationType": "Unsafe pedestrian or tramway crossing", "greatestDangerTo": "Pedestrians", "layer": "DangerousLocations_hki", "status": "active_hazard"}, "geometry": {"type": "Point", "coordinates": [24.945542000056932, 60.18092399677227]}}, {"type": "Feature", "properties": {"submitted": true, "locationType": "Some other issue", "greatestDangerTo": "Cyclists (incl. e-bikes)", "layer": "DangerousLocations_hki", "status": "active_hazard"}, "geometry": {"type": "Point", "coordinates": [24.8887449996185, 60.16103399642851]}}, {"type": "Feature", "properties": {"submitted": true, "locationType": "Some other issue", "greatestDangerTo": "Cyclists (incl. e-bikes)", "layer": "DangerousLocations_hki", "status": "active_hazard"}, "geometry": {"type": "Point", "coordinates": [24.915595999365216, 60.16201800018464]}}, {"type": "Feature", "properties": {"submitted": true, "locationType": "A dangerous or difficult intersection", "greatestDangerTo": "Pedestrians", "layer": "DangerousLocations_hki", "status": "active_hazard"}, "geometry": {"type": "Point", "coordinates": [24.892110999882533, 60.16143599739855]}}, {"type": "Feature", "properties": {"submitted": true, "locationType": "Unsafe pedestrian or tramway crossing", "greatestDangerTo": "Pedestrians", "layer": "DangerousLocations_hki", "status": "active_hazard"}, "geometry": {"type": "Point", "coordinates": [24.95424100000852, 60.193235999746555]}}, {"type": "Feature", "properties": {"submitted": true, "locationType": "A dangerous or difficult intersection", "greatestDangerTo": "Cyclists (incl. e-bikes)", "layer": "DangerousLocations_hki", "status": "active_hazard"}, "geometry": {"type": "Point", "coordinates": [24.97062799899317, 60.1888640030694]}}, {"type": "Feature", "properties": {"submitted": true, "locationType": "A dangerous or difficult intersection", "greatestDangerTo": "Cyclists (incl. e-bikes)", "layer": "DangerousLocations_hki", "status": "active_hazard"}, "geometry": {"type": "Point", "coordinates": [24.96701200094689, 60.18869199873653]}}, {"type": "Feature", "properties": {"submitted": true, "locationType": "A dangerous or difficult intersection", "greatestDangerTo": "Cyclists (incl. e-bikes)", "layer": "DangerousLocations_hki", "status": "active_hazard"}, "geometry": {"type": "Point", "coordinates": [24.966321999768954, 60.18879100178878]}}, {"type": "Feature", "properties": {"submitted": true, "locationType": "Issue regarding the condition of the road or its maintenance", "greatestDangerTo": "Cyclists (incl. e-bikes)", "layer": "DangerousLocations_hki", "status": "active_hazard"}, "geometry": {"type": "Point", "coordinates": [24.957526999579958, 60.189380995551005]}}, {"type": "Feature", "properties": {"submitted": true, "locationType": "A dangerous or difficult intersection", "greatestDangerTo": "Cyclists (incl. e-bikes)", "layer": "DangerousLocations_hki", "status": "active_hazard"}, "geometry": {"type": "Point", "coordinates": [24.949591999239747, 60.19068699819968]}}, {"type": "Feature", "properties": {"submitted": true, "locationType": "A dangerous or difficult intersection", "greatestDangerTo": "Cyclists (incl. e-bikes)", "layer": "DangerousLocations_hki", "status": "active_hazard"}, "geometry": {"type": "Point", "coordinates": [24.945665000665123, 60.19232400303669]}}, {"type": "Feature", "properties": {"submitted": true, "locationType": "A dangerous or difficult intersection", "greatestDangerTo": "Cyclists (incl. e-bikes)", "layer": "DangerousLocations_hki", "status": "active_hazard"}, "geometry": {"type": "Point", "coordinates": [24.946170999987416, 60.19182600015763]}}, {"type": "Feature", "properties": {"submitted": true, "locationType": "A dangerous or difficult intersection", "greatestDangerTo": "Cyclists (incl. e-bikes)", "layer": "DangerousLocations_hki", "status": "active_hazard"}, "geometry": {"type": "Point", "coordinates": [24.94406400033086, 60.19269900316555]}}, {"type": "Feature", "properties": {"submitted": true, "locationType": "A dangerous or difficult intersection", "greatestDangerTo": "Cyclists (incl. e-bikes)", "layer": "DangerousLocations_hki", "status": "active_hazard"}, "geometry": {"type": "Point", "coordinates": [24.943108999836056, 60.19310400335674]}}, {"type": "Feature", "properties": {"submitted": true, "locationType": "A dangerous or difficult intersection", "greatestDangerTo": "Cyclists (incl. e-bikes)", "layer": "DangerousLocations_hki", "status": "active_hazard"}, "geometry": {"type": "Point", "coordinates": [24.941919000206436, 60.19360000019723]}}, {"type": "Feature", "properties": {"submitted": true, "locationType": "A dangerous or difficult intersection", "greatestDangerTo": "Cyclists (incl. e-bikes)", "layer": "DangerousLocations_hki", "status": "active_hazard"}, "geometry": {"type": "Point", "coordinates": [24.941095999244112, 60.19394400046082]}}, {"type": "Feature", "properties": {"submitted": true, "locationType": "A dangerous or difficult intersection", "greatestDangerTo": "Cyclists (incl. e-bikes)", "layer": "DangerousLocations_hki", "status": "active_hazard"}, "geometry": {"type": "Point", "coordinates": [24.932738000209877, 60.19747600087949]}}, {"type": "Feature", "properties": {"submitted": true, "locationType": "Issue regarding the condition of the road or its maintenance", "greatestDangerTo": "Cyclists (incl. e-bikes)", "layer": "DangerousLocations_hki", "status": "active_hazard"}, "geometry": {"type": "Point", "coordinates": [24.91882399997752, 60.20924700364639]}}, {"type": "Feature", "properties": {"submitted": true, "locationType": "Issue regarding quality of the route or its continuity", "greatestDangerTo": "Cyclists (incl. e-bikes)", "layer": "DangerousLocations_hki", "status": "active_hazard"}, "geometry": {"type": "Point", "coordinates": [24.959896999947716, 60.18938300295864]}}, {"type": "Feature", "properties": {"submitted": true, "locationType": "Issue regarding quality of the route or its continuity", "greatestDangerTo": "Cyclists (incl. e-bikes)", "layer": "DangerousLocations_hki", "status": "active_hazard"}, "geometry": {"type": "Point", "coordinates": [24.949483999996485, 60.19057299981563]}}, {"type": "Feature", "properties": {"submitted": true, "locationType": "A dangerous or difficult intersection", "greatestDangerTo": "Cyclists (incl. e-bikes)", "layer": "DangerousLocations_hki", "status": "active_hazard"}, "geometry": {"type": "Point", "coordinates": [24.955876000631157, 60.1893749999883]}}, {"type": "Feature", "properties": {"submitted": true, "locationType": "Issue regarding quality of the route or its continuity", "greatestDangerTo": "Pedestrians", "layer": "DangerousLocations_hki", "status": "active_hazard"}, "geometry": {"type": "Point", "coordinates": [24.913525000221316, 60.17754800010428]}}, {"type": "Feature", "properties": {"submitted": true, "locationType": "A dangerous or difficult intersection", "greatestDangerTo": "Cyclists (incl. e-bikes)", "layer": "DangerousLocations_hki", "status": "active_hazard"}, "geometry": {"type": "Point", "coordinates": [24.92078699928865, 60.17002399940422]}}, {"type": "Feature", "properties": {"submitted": true, "locationType": "A dangerous or difficult intersection", "greatestDangerTo": "Cyclists (incl. e-bikes)", "layer": "DangerousLocations_hki", "status": "active_hazard"}, "geometry": {"type": "Point", "coordinates": [24.92966399917156, 60.161842002467374]}}, {"type": "Feature", "properties": {"submitted": true, "locationType": "Issue regarding quality of the route or its continuity", "greatestDangerTo": "Cyclists (incl. e-bikes)", "layer": "DangerousLocations_hki", "status": "active_hazard"}, "geometry": {"type": "Point", "coordinates": [24.935700999749344, 60.16378899693086]}}, {"type": "Feature", "properties": {"submitted": true, "locationType": "Issue regarding quality of the route or its continuity", "greatestDangerTo": "Cyclists (incl. e-bikes)", "layer": "DangerousLocations_hki", "status": "active_hazard"}, "geometry": {"type": "Point", "coordinates": [24.935441000314206, 60.16385999883792]}}, {"type": "Feature", "properties": {"submitted": true, "locationType": "A dangerous or difficult intersection", "greatestDangerTo": "Cyclists (incl. e-bikes)", "layer": "DangerousLocations_hki", "status": "active_hazard"}, "geometry": {"type": "Point", "coordinates": [24.952532000694248, 60.167399995872934]}}, {"type": "Feature", "properties": {"submitted": true, "locationType": "A dangerous or difficult intersection", "greatestDangerTo": "Cyclists (incl. e-bikes)", "layer": "DangerousLocations_hki", "status": "active_hazard"}, "geometry": {"type": "Point", "coordinates": [24.957331999763777, 60.16803000360383]}}, {"type": "Feature", "properties": {"submitted": true, "locationType": "Issue regarding the condition of the road or its maintenance", "greatestDangerTo": "Pedestrians", "layer": "DangerousLocations_hki", "status": "active_hazard"}, "geometry": {"type": "Point", "coordinates": [24.962982999422902, 60.187893997214665]}}, {"type": "Feature", "properties": {"submitted": true, "locationType": "Some other issue", "greatestDangerTo": "Pedestrians", "layer": "DangerousLocations_hki", "status": "active_hazard"}, "geometry": {"type": "Point", "coordinates": [24.930281999380536, 60.25218000253604]}}, {"type": "Feature", "properties": {"submitted": true, "locationType": "Unsafe pedestrian or tramway crossing", "greatestDangerTo": "Pedestrians", "layer": "DangerousLocations_hki", "status": "active_hazard"}, "geometry": {"type": "Point", "coordinates": [24.928946000644746, 60.25248199796845]}}, {"type": "Feature", "properties": {"submitted": true, "locationType": null, "greatestDangerTo": null, "layer": "DangerousLocations_hki", "status": "active_hazard"}, "geometry": {"type": "Point", "coordinates": [24.975624000813553, 60.18601099799864]}}, {"type": "Feature", "properties": {"submitted": true, "locationType": "Unsafe pedestrian or tramway crossing", "greatestDangerTo": "Car drivers", "layer": "DangerousLocations_hki", "status": "active_hazard"}, "geometry": {"type": "Point", "coordinates": [24.963525999300277, 60.194738998728525]}}, {"type": "Feature", "properties": {"submitted": true, "locationType": "A dangerous or difficult intersection", "greatestDangerTo": "Pedestrians", "layer": "DangerousLocations_hki", "status": "active_hazard"}, "geometry": {"type": "Point", "coordinates": [24.926467999951452, 60.16540500214576]}}, {"type": "Feature", "properties": {"submitted": true, "locationType": "Unsafe pedestrian or tramway crossing", "greatestDangerTo": "Pedestrians", "layer": "DangerousLocations_hki", "status": "active_hazard"}, "geometry": {"type": "Point", "coordinates": [24.92993700033132, 60.166459997305566]}}, {"type": "Feature", "properties": {"submitted": true, "locationType": "A dangerous or difficult intersection", "greatestDangerTo": "Cyclists (incl. e-bikes)", "layer": "DangerousLocations_hki", "status": "active_hazard"}, "geometry": {"type": "Point", "coordinates": [24.92092700112749, 60.16681899612596]}}, {"type": "Feature", "properties": {"submitted": true, "locationType": "Unsafe pedestrian or tramway crossing", "greatestDangerTo": "Pedestrians", "layer": "DangerousLocations_hki", "status": "active_hazard"}, "geometry": {"type": "Point", "coordinates": [24.95120599985745, 60.16658800083013]}}, {"type": "Feature", "properties": {"submitted": true, "locationType": "A dangerous or difficult intersection", "greatestDangerTo": "Pedestrians", "layer": "DangerousLocations_hki", "status": "active_hazard"}, "geometry": {"type": "Point", "coordinates": [24.938628999806923, 60.17288400125375]}}, {"type": "Feature", "properties": {"submitted": false, "locationType": "Unsafe pedestrian or tramway crossing", "greatestDangerTo": "Persons using mobility aids (such as a wheelchair or walker)", "layer": "DangerousLocations_hki", "status": "active_hazard"}, "geometry": {"type": "Point", "coordinates": [24.96207299910075, 60.19692600291273]}}, {"type": "Feature", "properties": {"submitted": true, "locationType": "Unsafe pedestrian or tramway crossing", "greatestDangerTo": "Pedestrians", "layer": "DangerousLocations_hki", "status": "active_hazard"}, "geometry": {"type": "Point", "coordinates": [24.920423999097423, 60.162002000286925]}}, {"type": "Feature", "properties": {"submitted": true, "locationType": "Unsafe pedestrian or tramway crossing", "greatestDangerTo": "Pedestrians", "layer": "DangerousLocations_hki", "status": "active_hazard"}, "geometry": {"type": "Point", "coordinates": [24.91420100013233, 60.161935001463405]}}, {"type": "Feature", "properties": {"submitted": true, "locationType": "A dangerous or difficult intersection", "greatestDangerTo": "Car drivers", "layer": "DangerousLocations_hki", "status": "active_hazard"}, "geometry": {"type": "Point", "coordinates": [24.911934000099237, 60.15689400247582]}}, {"type": "Feature", "properties": {"submitted": true, "locationType": "Unsafe pedestrian or tramway crossing", "greatestDangerTo": "Pedestrians", "layer": "DangerousLocations_hki", "status": "active_hazard"}, "geometry": {"type": "Point", "coordinates": [24.91202599980071, 60.15707200401251]}}, {"type": "Feature", "properties": {"submitted": true, "locationType": "Unsafe pedestrian or tramway crossing", "greatestDangerTo": "Pedestrians", "layer": "DangerousLocations_hki", "status": "active_hazard"}, "geometry": {"type": "Point", "coordinates": [24.912091999453, 60.156839995890074]}}, {"type": "Feature", "properties": {"submitted": true, "locationType": "A dangerous or difficult intersection", "greatestDangerTo": "Car drivers", "layer": "DangerousLocations_hki", "status": "active_hazard"}, "geometry": {"type": "Point", "coordinates": [24.91141400013838, 60.157769998196684]}}, {"type": "Feature", "properties": {"submitted": true, "locationType": "Some other issue", "greatestDangerTo": "Pedestrians", "layer": "DangerousLocations_hki", "status": "active_hazard"}, "geometry": {"type": "Point", "coordinates": [24.925341999818926, 60.16646100263767]}}, {"type": "Feature", "properties": {"submitted": true, "locationType": "Unsafe pedestrian or tramway crossing", "greatestDangerTo": "Pedestrians", "layer": "DangerousLocations_hki", "status": "active_hazard"}, "geometry": {"type": "Point", "coordinates": [24.87001100048662, 60.161483999785645]}}, {"type": "Feature", "properties": {"submitted": true, "locationType": "Unclear signage", "greatestDangerTo": "Pedestrians", "layer": "DangerousLocations_hki", "status": "active_hazard"}, "geometry": {"type": "Point", "coordinates": [25.027596000861674, 60.23057699824525]}}, {"type": "Feature", "properties": {"submitted": true, "locationType": "Unclear signage", "greatestDangerTo": "Pedestrians", "layer": "DangerousLocations_hki", "status": "active_hazard"}, "geometry": {"type": "Point", "coordinates": [25.02929299959616, 60.23084700263219]}}, {"type": "Feature", "properties": {"submitted": true, "locationType": "A dangerous or difficult intersection", "greatestDangerTo": "Pedestrians", "layer": "DangerousLocations_hki", "status": "active_hazard"}, "geometry": {"type": "Point", "coordinates": [25.03005100071081, 60.23076600068612]}}, {"type": "Feature", "properties": {"submitted": true, "locationType": "Unsafe pedestrian or tramway crossing", "greatestDangerTo": "Pedestrians", "layer": "DangerousLocations_hki", "status": "active_hazard"}, "geometry": {"type": "Point", "coordinates": [25.025614000928947, 60.22992199854478]}}, {"type": "Feature", "properties": {"submitted": true, "locationType": "Unsafe pedestrian or tramway crossing", "greatestDangerTo": "Pedestrians", "layer": "DangerousLocations_hki", "status": "active_hazard"}, "geometry": {"type": "Point", "coordinates": [24.976611999196432, 60.16615099972177]}}, {"type": "Feature", "properties": {"submitted": true, "locationType": "Unsafe pedestrian or tramway crossing", "greatestDangerTo": "Pedestrians", "layer": "DangerousLocations_hki", "status": "active_hazard"}, "geometry": {"type": "Point", "coordinates": [24.949966000405393, 60.16237100249611]}}, {"type": "Feature", "properties": {"submitted": false, "locationType": "A dangerous or difficult intersection", "greatestDangerTo": "Cyclists (incl. e-bikes)", "layer": "DangerousLocations_hki", "status": "active_hazard"}, "geometry": {"type": "Point", "coordinates": [24.890707999537806, 60.21748300169369]}}, {"type": "Feature", "properties": {"submitted": false, "locationType": "A dangerous or difficult intersection", "greatestDangerTo": "Cyclists (incl. e-bikes)", "layer": "DangerousLocations_hki", "status": "active_hazard"}, "geometry": {"type": "Point", "coordinates": [24.89184599946987, 60.20881300199293]}}, {"type": "Feature", "properties": {"submitted": true, "locationType": "A dangerous or difficult intersection", "greatestDangerTo": "Pedestrians", "layer": "DangerousLocations_hki", "status": "active_hazard"}, "geometry": {"type": "Point", "coordinates": [24.977810000209903, 60.18290899650678]}}, {"type": "Feature", "properties": {"submitted": true, "locationType": "A dangerous or difficult intersection", "greatestDangerTo": "Pedestrians", "layer": "DangerousLocations_hki", "status": "active_hazard"}, "geometry": {"type": "Point", "coordinates": [25.077087000142903, 60.22315000320986]}}, {"type": "Feature", "properties": {"submitted": true, "locationType": "A dangerous or difficult intersection", "greatestDangerTo": "Car drivers", "layer": "DangerousLocations_hki", "status": "active_hazard"}, "geometry": {"type": "Point", "coordinates": [24.89734100011263, 60.22454499566376]}}, {"type": "Feature", "properties": {"submitted": true, "locationType": "Unsafe pedestrian or tramway crossing", "greatestDangerTo": "Pedestrians", "layer": "DangerousLocations_hki", "status": "active_hazard"}, "geometry": {"type": "Point", "coordinates": [24.88418699997649, 60.25952599623183]}}, {"type": "Feature", "properties": {"submitted": true, "locationType": "Unsafe pedestrian or tramway crossing", "greatestDangerTo": "Pedestrians", "layer": "DangerousLocations_hki", "status": "active_hazard"}, "geometry": {"type": "Point", "coordinates": [24.958387000880663, 60.213446996835195]}}, {"type": "Feature", "properties": {"submitted": true, "locationType": "Unsafe pedestrian or tramway crossing", "greatestDangerTo": "Pedestrians", "layer": "DangerousLocations_hki", "status": "active_hazard"}, "geometry": {"type": "Point", "coordinates": [24.967808999794727, 60.21604599591212]}}, {"type": "Feature", "properties": {"submitted": true, "locationType": "Unsafe pedestrian or tramway crossing", "greatestDangerTo": "Pedestrians", "layer": "DangerousLocations_hki", "status": "active_hazard"}, "geometry": {"type": "Point", "coordinates": [24.94849799895414, 60.16780300284194]}}, {"type": "Feature", "properties": {"submitted": false, "locationType": "Unsafe pedestrian or tramway crossing", "greatestDangerTo": "Pedestrians", "layer": "DangerousLocations_hki", "status": "active_hazard"}, "geometry": {"type": "Point", "coordinates": [25.020594000141124, 60.2350700030441]}}, {"type": "Feature", "properties": {"submitted": true, "locationType": "Unsafe pedestrian or tramway crossing", "greatestDangerTo": "Pedestrians", "layer": "DangerousLocations_hki", "status": "active_hazard"}, "geometry": {"type": "Point", "coordinates": [24.94183200026171, 60.2129550033604]}}, {"type": "Feature", "properties": {"submitted": true, "locationType": "Unclear signage", "greatestDangerTo": "Cyclists (incl. e-bikes)", "layer": "DangerousLocations_hki", "status": "active_hazard"}, "geometry": {"type": "Point", "coordinates": [24.928933000647287, 60.16845700112836]}}, {"type": "Feature", "properties": {"submitted": true, "locationType": "A dangerous or difficult intersection", "greatestDangerTo": "Car drivers", "layer": "DangerousLocations_hki", "status": "active_hazard"}, "geometry": {"type": "Point", "coordinates": [24.968649999188138, 60.20388500242062]}}, {"type": "Feature", "properties": {"submitted": true, "locationType": "A dangerous or difficult intersection", "greatestDangerTo": "Cyclists (incl. e-bikes)", "layer": "DangerousLocations_hki", "status": "active_hazard"}, "geometry": {"type": "Point", "coordinates": [24.87711299958135, 60.20078699996507]}}, {"type": "Feature", "properties": {"submitted": true, "locationType": "Pedestrian traffic lights that change too fast", "greatestDangerTo": "Pedestrians", "layer": "DangerousLocations_hki", "status": "active_hazard"}, "geometry": {"type": "Point", "coordinates": [24.884665999657557, 60.196638000565834]}}, {"type": "Feature", "properties": {"submitted": true, "locationType": "Pedestrian traffic lights that change too fast", "greatestDangerTo": "Pedestrians", "layer": "DangerousLocations_hki", "status": "active_hazard"}, "geometry": {"type": "Point", "coordinates": [24.883390999823263, 60.199597000561134]}}, {"type": "Feature", "properties": {"submitted": true, "locationType": "Unclear signage", "greatestDangerTo": "Pedestrians", "layer": "DangerousLocations_hki", "status": "active_hazard"}, "geometry": {"type": "Point", "coordinates": [24.948093000722984, 60.19187300167908]}}, {"type": "Feature", "properties": {"submitted": true, "locationType": "A dangerous or difficult intersection", "greatestDangerTo": "Cyclists (incl. e-bikes)", "layer": "DangerousLocations_hki", "status": "active_hazard"}, "geometry": {"type": "Point", "coordinates": [24.96633799931353, 60.18881600128208]}}, {"type": "Feature", "properties": {"submitted": true, "locationType": "A dangerous or difficult intersection", "greatestDangerTo": "Cyclists (incl. e-bikes)", "layer": "DangerousLocations_hki", "status": "active_hazard"}, "geometry": {"type": "Point", "coordinates": [24.96703500080349, 60.18873100044957]}}, {"type": "Feature", "properties": {"submitted": true, "locationType": "Unsafe pedestrian or tramway crossing", "greatestDangerTo": "Pedestrians", "layer": "DangerousLocations_hki", "status": "active_hazard"}, "geometry": {"type": "Point", "coordinates": [24.964746000535367, 60.21519799949096]}}, {"type": "Feature", "properties": {"submitted": true, "locationType": "Unsafe pedestrian or tramway crossing", "greatestDangerTo": "Pedestrians", "layer": "DangerousLocations_hki", "status": "active_hazard"}, "geometry": {"type": "Point", "coordinates": [24.962901000870634, 60.21448999883955]}}, {"type": "Feature", "properties": {"submitted": true, "locationType": "Unsafe pedestrian or tramway crossing", "greatestDangerTo": "Pedestrians", "layer": "DangerousLocations_hki", "status": "active_hazard"}, "geometry": {"type": "Point", "coordinates": [24.960861999394478, 60.214174998566435]}}, {"type": "Feature", "properties": {"submitted": true, "locationType": "Unsafe pedestrian or tramway crossing", "greatestDangerTo": "Pedestrians", "layer": "DangerousLocations_hki", "status": "active_hazard"}, "geometry": {"type": "Point", "coordinates": [24.959920999789805, 60.213708002853075]}}, {"type": "Feature", "properties": {"submitted": true, "locationType": "Unsafe pedestrian or tramway crossing", "greatestDangerTo": "Pedestrians", "layer": "DangerousLocations_hki", "status": "active_hazard"}, "geometry": {"type": "Point", "coordinates": [24.943865999726228, 60.154335000283744]}}, {"type": "Feature", "properties": {"submitted": true, "locationType": "Unsafe pedestrian or tramway crossing", "greatestDangerTo": "Pedestrians", "layer": "DangerousLocations_hki", "status": "active_hazard"}, "geometry": {"type": "Point", "coordinates": [24.95043199965516, 60.1555200037281]}}, {"type": "Feature", "properties": {"submitted": true, "locationType": "Unsafe pedestrian or tramway crossing", "greatestDangerTo": "Pedestrians", "layer": "DangerousLocations_hki", "status": "active_hazard"}, "geometry": {"type": "Point", "coordinates": [24.928931999748396, 60.15103500287276]}}, {"type": "Feature", "properties": {"submitted": true, "locationType": "Unsafe pedestrian or tramway crossing", "greatestDangerTo": "Pedestrians", "layer": "DangerousLocations_hki", "status": "active_hazard"}, "geometry": {"type": "Point", "coordinates": [24.941098999507712, 60.18119600111801]}}, {"type": "Feature", "properties": {"submitted": true, "locationType": "Unsafe pedestrian or tramway crossing", "greatestDangerTo": "Pedestrians", "layer": "DangerousLocations_hki", "status": "active_hazard"}, "geometry": {"type": "Point", "coordinates": [24.955928999961856, 60.18935799722265]}}, {"type": "Feature", "properties": {"submitted": false, "locationType": "Unsafe pedestrian or tramway crossing", "greatestDangerTo": "Pedestrians", "layer": "DangerousLocations_hki", "status": "active_hazard"}, "geometry": {"type": "Point", "coordinates": [24.899988999582806, 60.22360000135085]}}, {"type": "Feature", "properties": {"submitted": true, "locationType": "A dangerous or difficult intersection", "greatestDangerTo": "Car drivers", "layer": "DangerousLocations_hki", "status": "active_hazard"}, "geometry": {"type": "Point", "coordinates": [25.03502599947395, 60.277725001403084]}}, {"type": "Feature", "properties": {"submitted": true, "locationType": "Some other issue", "greatestDangerTo": "Pedestrians", "layer": "DangerousLocations_hki", "status": "active_hazard"}, "geometry": {"type": "Point", "coordinates": [25.02927100008632, 60.26837499690918]}}, {"type": "Feature", "properties": {"submitted": true, "locationType": "A dangerous or difficult intersection", "greatestDangerTo": "Car drivers", "layer": "DangerousLocations_hki", "status": "active_hazard"}, "geometry": {"type": "Point", "coordinates": [24.99446299919487, 60.24812200440488]}}, {"type": "Feature", "properties": {"submitted": true, "locationType": "Unsafe pedestrian or tramway crossing", "greatestDangerTo": "Pedestrians", "layer": "DangerousLocations_hki", "status": "active_hazard"}, "geometry": {"type": "Point", "coordinates": [25.08907600018976, 60.21488400155472]}}, {"type": "Feature", "properties": {"submitted": true, "locationType": "Unsafe pedestrian or tramway crossing", "greatestDangerTo": "Pedestrians", "layer": "DangerousLocations_hki", "status": "active_hazard"}, "geometry": {"type": "Point", "coordinates": [25.100505000101062, 60.213910999242785]}}, {"type": "Feature", "properties": {"submitted": true, "locationType": "Unsafe pedestrian or tramway crossing", "greatestDangerTo": "Pedestrians", "layer": "DangerousLocations_hki", "status": "active_hazard"}, "geometry": {"type": "Point", "coordinates": [25.102674000556416, 60.21861500122426]}}, {"type": "Feature", "properties": {"submitted": true, "locationType": "Unsafe pedestrian or tramway crossing", "greatestDangerTo": "Pedestrians", "layer": "DangerousLocations_hki", "status": "active_hazard"}, "geometry": {"type": "Point", "coordinates": [25.096403999334225, 60.216362999698056]}}, {"type": "Feature", "properties": {"submitted": true, "locationType": "Unsafe pedestrian or tramway crossing", "greatestDangerTo": "Pedestrians", "layer": "DangerousLocations_hki", "status": "active_hazard"}, "geometry": {"type": "Point", "coordinates": [25.081774999886143, 60.21238399904508]}}, {"type": "Feature", "properties": {"submitted": true, "locationType": "A dangerous or difficult intersection", "greatestDangerTo": "Car drivers", "layer": "DangerousLocations_hki", "status": "active_hazard"}, "geometry": {"type": "Point", "coordinates": [24.892080999553265, 60.20874199825751]}}, {"type": "Feature", "properties": {"submitted": false, "locationType": "Unsafe pedestrian or tramway crossing", "greatestDangerTo": null, "layer": "DangerousLocations_hki", "status": "active_hazard"}, "geometry": {"type": "Point", "coordinates": [24.97187200040165, 60.164922997795834]}}, {"type": "Feature", "properties": {"submitted": false, "locationType": "A dangerous or difficult intersection", "greatestDangerTo": "Cyclists (incl. e-bikes)", "layer": "DangerousLocations_hki", "status": "active_hazard"}, "geometry": {"type": "Point", "coordinates": [24.91148700006012, 60.157787999529155]}}, {"type": "Feature", "properties": {"submitted": false, "locationType": "Some other issue", "greatestDangerTo": "Pedestrians", "layer": "DangerousLocations_hki", "status": "active_hazard"}, "geometry": {"type": "Point", "coordinates": [24.887046000258696, 60.26197900206627]}}, {"type": "Feature", "properties": {"submitted": true, "locationType": "Some other issue", "greatestDangerTo": "Pedestrians", "layer": "DangerousLocations_hki", "status": "active_hazard"}, "geometry": {"type": "Point", "coordinates": [24.965834000756075, 60.18711799711043]}}, {"type": "Feature", "properties": {"submitted": true, "locationType": "Unsafe pedestrian or tramway crossing", "greatestDangerTo": "Pedestrians", "layer": "DangerousLocations_hki", "status": "active_hazard"}, "geometry": {"type": "Point", "coordinates": [24.941493999132327, 60.17044800298209]}}, {"type": "Feature", "properties": {"submitted": true, "locationType": "Unclear signage", "greatestDangerTo": "Cyclists (incl. e-bikes)", "layer": "DangerousLocations_hki", "status": "active_hazard"}, "geometry": {"type": "Point", "coordinates": [24.95756600042319, 60.168181004220465]}}, {"type": "Feature", "properties": {"submitted": true, "locationType": "Unsafe pedestrian or tramway crossing", "greatestDangerTo": "Pedestrians", "layer": "DangerousLocations_hki", "status": "active_hazard"}, "geometry": {"type": "Point", "coordinates": [24.937876998990557, 60.16109000203732]}}, {"type": "Feature", "properties": {"submitted": true, "locationType": "A dangerous location related to parking", "greatestDangerTo": "Cyclists (incl. e-bikes)", "layer": "DangerousLocations_hki", "status": "active_hazard"}, "geometry": {"type": "Point", "coordinates": [24.928410000821106, 60.18405599768815]}}, {"type": "Feature", "properties": {"submitted": true, "locationType": "A dangerous or difficult intersection", "greatestDangerTo": "Pedestrians", "layer": "DangerousLocations_hki", "status": "active_hazard"}, "geometry": {"type": "Point", "coordinates": [24.947604999116585, 60.183058001501685]}}, {"type": "Feature", "properties": {"submitted": true, "locationType": "Issue regarding quality of the route or its continuity", "greatestDangerTo": "Cyclists (incl. e-bikes)", "layer": "DangerousLocations_hki", "status": "active_hazard"}, "geometry": {"type": "Point", "coordinates": [24.917176999811506, 60.18601200361444]}}, {"type": "Feature", "properties": {"submitted": true, "locationType": "Unsafe pedestrian or tramway crossing", "greatestDangerTo": "Pedestrians", "layer": "DangerousLocations_hki", "status": "active_hazard"}, "geometry": {"type": "Point", "coordinates": [24.88534899948471, 60.152097997280066]}}, {"type": "Feature", "properties": {"submitted": true, "locationType": "Some other issue", "greatestDangerTo": "Pedestrians", "layer": "DangerousLocations_hki", "status": "active_hazard"}, "geometry": {"type": "Point", "coordinates": [25.033074000932707, 60.23363299774627]}}, {"type": "Feature", "properties": {"submitted": true, "locationType": "Some other issue", "greatestDangerTo": "Pedestrians", "layer": "DangerousLocations_hki", "status": "active_hazard"}, "geometry": {"type": "Point", "coordinates": [25.036500999585602, 60.2351559980029]}}, {"type": "Feature", "properties": {"submitted": true, "locationType": "Unsafe pedestrian or tramway crossing", "greatestDangerTo": "Pedestrians", "layer": "DangerousLocations_hki", "status": "active_hazard"}, "geometry": {"type": "Point", "coordinates": [25.04645000073894, 60.231945996167845]}}, {"type": "Feature", "properties": {"submitted": true, "locationType": "Unsafe pedestrian or tramway crossing", "greatestDangerTo": "Pedestrians", "layer": "DangerousLocations_hki", "status": "active_hazard"}, "geometry": {"type": "Point", "coordinates": [25.034539999156387, 60.2340620036079]}}, {"type": "Feature", "properties": {"submitted": true, "locationType": "A dangerous location related to parking", "greatestDangerTo": "Cyclists (incl. e-bikes)", "layer": "DangerousLocations_hki", "status": "active_hazard"}, "geometry": {"type": "Point", "coordinates": [24.947419000219277, 60.19701600139839]}}, {"type": "Feature", "properties": {"submitted": true, "locationType": "A dangerous location related to construction site arrangements", "greatestDangerTo": "Pedestrians", "layer": "DangerousLocations_hki", "status": "active_hazard"}, "geometry": {"type": "Point", "coordinates": [24.941989999790838, 60.1981370015915]}}, {"type": "Feature", "properties": {"submitted": true, "locationType": "A dangerous or difficult intersection", "greatestDangerTo": "Cyclists (incl. e-bikes)", "layer": "DangerousLocations_hki", "status": "active_hazard"}, "geometry": {"type": "Point", "coordinates": [24.94343399936861, 60.19908399912495]}}, {"type": "Feature", "properties": {"submitted": true, "locationType": "A dangerous location related to construction site arrangements", "greatestDangerTo": "Cyclists (incl. e-bikes)", "layer": "DangerousLocations_hki", "status": "active_hazard"}, "geometry": {"type": "Point", "coordinates": [24.926953000544202, 60.18149000335043]}}, {"type": "Feature", "properties": {"submitted": true, "locationType": "Some other issue", "greatestDangerTo": "Pedestrians", "layer": "DangerousLocations_hki", "status": "active_hazard"}, "geometry": {"type": "Point", "coordinates": [24.9225010006427, 60.17947300060096]}}, {"type": "Feature", "properties": {"submitted": false, "locationType": "A dangerous or difficult intersection", "greatestDangerTo": null, "layer": "DangerousLocations_hki", "status": "active_hazard"}, "geometry": {"type": "Point", "coordinates": [24.93469499904205, 60.19654800356528]}}, {"type": "Feature", "properties": {"submitted": true, "locationType": "Unsafe pedestrian or tramway crossing", "greatestDangerTo": "Pedestrians", "layer": "DangerousLocations_hki", "status": "active_hazard"}, "geometry": {"type": "Point", "coordinates": [25.010873000393726, 60.18607400225506]}}, {"type": "Feature", "properties": {"submitted": true, "locationType": "Unsafe pedestrian or tramway crossing", "greatestDangerTo": "Pedestrians", "layer": "DangerousLocations_hki", "status": "active_hazard"}, "geometry": {"type": "Point", "coordinates": [24.92673600037427, 60.1641760029308]}}, {"type": "Feature", "properties": {"submitted": true, "locationType": "Unsafe pedestrian or tramway crossing", "greatestDangerTo": "Pedestrians", "layer": "DangerousLocations_hki", "status": "active_hazard"}, "geometry": {"type": "Point", "coordinates": [25.061547999510648, 60.27000400029398]}}, {"type": "Feature", "properties": {"submitted": true, "locationType": "Pedestrian traffic lights that change too fast", "greatestDangerTo": "Pedestrians", "layer": "DangerousLocations_hki", "status": "active_hazard"}, "geometry": {"type": "Point", "coordinates": [25.052768999744394, 60.27095799699494]}}, {"type": "Feature", "properties": {"submitted": true, "locationType": "Unclear signage", "greatestDangerTo": "Pedestrians", "layer": "DangerousLocations_hki", "status": "active_hazard"}, "geometry": {"type": "Point", "coordinates": [24.96452499916402, 60.19599700003082]}}, {"type": "Feature", "properties": {"submitted": true, "locationType": "Unclear signage", "greatestDangerTo": "Pedestrians", "layer": "DangerousLocations_hki", "status": "active_hazard"}, "geometry": {"type": "Point", "coordinates": [24.971014999387123, 60.192390004050516]}}, {"type": "Feature", "properties": {"submitted": true, "locationType": "A dangerous or difficult intersection", "greatestDangerTo": "Cyclists (incl. e-bikes)", "layer": "DangerousLocations_hki", "status": "active_hazard"}, "geometry": {"type": "Point", "coordinates": [24.96423699971055, 60.18914800072149]}}, {"type": "Feature", "properties": {"submitted": true, "locationType": "Unsafe pedestrian or tramway crossing", "greatestDangerTo": "Pedestrians", "layer": "DangerousLocations_hki", "status": "active_hazard"}, "geometry": {"type": "Point", "coordinates": [24.979869999326564, 60.185660002389234]}}, {"type": "Feature", "properties": {"submitted": true, "locationType": "Unsafe pedestrian or tramway crossing", "greatestDangerTo": "Pedestrians", "layer": "DangerousLocations_hki", "status": "active_hazard"}, "geometry": {"type": "Point", "coordinates": [24.873915000305026, 60.156899997549885]}}, {"type": "Feature", "properties": {"submitted": true, "locationType": "Unsafe pedestrian or tramway crossing", "greatestDangerTo": "Pedestrians", "layer": "DangerousLocations_hki", "status": "active_hazard"}, "geometry": {"type": "Point", "coordinates": [24.93121200026739, 60.234006002285504]}}, {"type": "Feature", "properties": {"submitted": true, "locationType": "Some other issue", "greatestDangerTo": "Cyclists (incl. e-bikes)", "layer": "DangerousLocations_hki", "status": "active_hazard"}, "geometry": {"type": "Point", "coordinates": [24.93623399985494, 60.17267200366586]}}, {"type": "Feature", "properties": {"submitted": true, "locationType": "A dangerous location related to construction site arrangements", "greatestDangerTo": "Cyclists (incl. e-bikes)", "layer": "DangerousLocations_hki", "status": "active_hazard"}, "geometry": {"type": "Point", "coordinates": [24.89747299935592, 60.19241800417396]}}, {"type": "Feature", "properties": {"submitted": true, "locationType": "Issue regarding quality of the route or its continuity", "greatestDangerTo": "Cyclists (incl. e-bikes)", "layer": "DangerousLocations_hki", "status": "active_hazard"}, "geometry": {"type": "Point", "coordinates": [24.92846100041106, 60.16992699879195]}}, {"type": "Feature", "properties": {"submitted": true, "locationType": "Some other issue", "greatestDangerTo": "Pedestrians", "layer": "DangerousLocations_hki", "status": "active_hazard"}, "geometry": {"type": "Point", "coordinates": [24.96664399962248, 60.20265299557528]}}, {"type": "Feature", "properties": {"submitted": true, "locationType": "A dangerous or difficult intersection", "greatestDangerTo": "Cyclists (incl. e-bikes)", "layer": "DangerousLocations_hki", "status": "active_hazard"}, "geometry": {"type": "Point", "coordinates": [24.962660000269377, 60.21031500138862]}}, {"type": "Feature", "properties": {"submitted": true, "locationType": "Issue regarding quality of the route or its continuity", "greatestDangerTo": "Cyclists (incl. e-bikes)", "layer": "DangerousLocations_hki", "status": "active_hazard"}, "geometry": {"type": "Point", "coordinates": [24.96210599984237, 60.21063700298121]}}, {"type": "Feature", "properties": {"submitted": true, "locationType": "Unsafe pedestrian or tramway crossing", "greatestDangerTo": "Pedestrians", "layer": "DangerousLocations_hki", "status": "active_hazard"}, "geometry": {"type": "Point", "coordinates": [24.95662100065407, 60.212709997201685]}}, {"type": "Feature", "properties": {"submitted": true, "locationType": "Unsafe pedestrian or tramway crossing", "greatestDangerTo": "Pedestrians", "layer": "DangerousLocations_hki", "status": "active_hazard"}, "geometry": {"type": "Point", "coordinates": [24.95861000004847, 60.21344699859666]}}, {"type": "Feature", "properties": {"submitted": true, "locationType": "Unsafe pedestrian or tramway crossing", "greatestDangerTo": "Pedestrians", "layer": "DangerousLocations_hki", "status": "active_hazard"}, "geometry": {"type": "Point", "coordinates": [24.9588559996938, 60.215981997471026]}}, {"type": "Feature", "properties": {"submitted": true, "locationType": "Unsafe pedestrian or tramway crossing", "greatestDangerTo": "Pedestrians", "layer": "DangerousLocations_hki", "status": "active_hazard"}, "geometry": {"type": "Point", "coordinates": [24.95824399995849, 60.21569399590714]}}, {"type": "Feature", "properties": {"submitted": true, "locationType": "Unsafe pedestrian or tramway crossing", "greatestDangerTo": "Pedestrians", "layer": "DangerousLocations_hki", "status": "active_hazard"}, "geometry": {"type": "Point", "coordinates": [24.964503000077357, 60.2092930025129]}}, {"type": "Feature", "properties": {"submitted": true, "locationType": "Unsafe pedestrian or tramway crossing", "greatestDangerTo": "Pedestrians", "layer": "DangerousLocations_hki", "status": "active_hazard"}, "geometry": {"type": "Point", "coordinates": [24.969258000401545, 60.204148995820425]}}, {"type": "Feature", "properties": {"submitted": true, "locationType": "Issue regarding quality of the route or its continuity", "greatestDangerTo": "Pedestrians", "layer": "DangerousLocations_hki", "status": "active_hazard"}, "geometry": {"type": "Point", "coordinates": [24.947978999983736, 60.17395399721629]}}, {"type": "Feature", "properties": {"submitted": true, "locationType": "Unsafe pedestrian or tramway crossing", "greatestDangerTo": "Pedestrians", "layer": "DangerousLocations_hki", "status": "active_hazard"}, "geometry": {"type": "Point", "coordinates": [24.95054200026393, 60.17302700074253]}}, {"type": "Feature", "properties": {"submitted": true, "locationType": "A dangerous location related to parking", "greatestDangerTo": "Pedestrians", "layer": "DangerousLocations_hki", "status": "active_hazard"}, "geometry": {"type": "Point", "coordinates": [24.967346999645276, 60.207846998263996]}}, {"type": "Feature", "properties": {"submitted": true, "locationType": "Pedestrian traffic lights that change too fast", "greatestDangerTo": "Pedestrians", "layer": "DangerousLocations_hki", "status": "active_hazard"}, "geometry": {"type": "Point", "coordinates": [24.966632999526894, 60.20503700394231]}}, {"type": "Feature", "properties": {"submitted": true, "locationType": "Unsafe pedestrian or tramway crossing", "greatestDangerTo": "Those travelling by moped or motorcycle", "layer": "DangerousLocations_hki", "status": "active_hazard"}, "geometry": {"type": "Point", "coordinates": [25.06194600033954, 60.191340996962005]}}, {"type": "Feature", "properties": {"submitted": true, "locationType": "A dangerous or difficult intersection", "greatestDangerTo": "Cyclists (incl. e-bikes)", "layer": "DangerousLocations_hki", "status": "active_hazard"}, "geometry": {"type": "Point", "coordinates": [24.97483299942993, 60.18415900142456]}}, {"type": "Feature", "properties": {"submitted": true, "locationType": "A dangerous or difficult intersection", "greatestDangerTo": "Car drivers", "layer": "DangerousLocations_hki", "status": "active_hazard"}, "geometry": {"type": "Point", "coordinates": [24.97404100020461, 60.18097099597224]}}, {"type": "Feature", "properties": {"submitted": true, "locationType": "A dangerous or difficult intersection", "greatestDangerTo": "Car drivers", "layer": "DangerousLocations_hki", "status": "active_hazard"}, "geometry": {"type": "Point", "coordinates": [24.979741000323262, 60.182877997419375]}}, {"type": "Feature", "properties": {"submitted": true, "locationType": "Unsafe pedestrian or tramway crossing", "greatestDangerTo": "Cyclists (incl. e-bikes)", "layer": "DangerousLocations_hki", "status": "active_hazard"}, "geometry": {"type": "Point", "coordinates": [24.982226000447728, 60.186772002267894]}}, {"type": "Feature", "properties": {"submitted": true, "locationType": "Unsafe pedestrian or tramway crossing", "greatestDangerTo": "Pedestrians", "layer": "DangerousLocations_hki", "status": "active_hazard"}, "geometry": {"type": "Point", "coordinates": [24.954921999301746, 60.19346400399403]}}, {"type": "Feature", "properties": {"submitted": true, "locationType": "Unsafe pedestrian or tramway crossing", "greatestDangerTo": "Pedestrians", "layer": "DangerousLocations_hki", "status": "active_hazard"}, "geometry": {"type": "Point", "coordinates": [24.951818000534413, 60.19674900332246]}}, {"type": "Feature", "properties": {"submitted": true, "locationType": "A dangerous or difficult intersection", "greatestDangerTo": "Pedestrians", "layer": "DangerousLocations_hki", "status": "active_hazard"}, "geometry": {"type": "Point", "coordinates": [24.93651799953084, 60.17277500375902]}}, {"type": "Feature", "properties": {"submitted": true, "locationType": "A dangerous or difficult intersection", "greatestDangerTo": "Pedestrians", "layer": "DangerousLocations_hki", "status": "active_hazard"}, "geometry": {"type": "Point", "coordinates": [24.93879200052809, 60.172891000965606]}}, {"type": "Feature", "properties": {"submitted": true, "locationType": "Pedestrian traffic lights that change too fast", "greatestDangerTo": "Pedestrians", "layer": "DangerousLocations_hki", "status": "active_hazard"}, "geometry": {"type": "Point", "coordinates": [24.895603000245423, 60.22623300030472]}}, {"type": "Feature", "properties": {"submitted": true, "locationType": "A dangerous or difficult intersection", "greatestDangerTo": "Car drivers", "layer": "DangerousLocations_hki", "status": "active_hazard"}, "geometry": {"type": "Point", "coordinates": [24.89540500016567, 60.2254399977761]}}, {"type": "Feature", "properties": {"submitted": true, "locationType": "Issue regarding quality of the route or its continuity", "greatestDangerTo": "Car drivers", "layer": "DangerousLocations_hki", "status": "active_hazard"}, "geometry": {"type": "Point", "coordinates": [24.837708999414193, 60.24054099684789]}}, {"type": "Feature", "properties": {"submitted": true, "locationType": "A dangerous or difficult intersection", "greatestDangerTo": "Car drivers", "layer": "DangerousLocations_hki", "status": "active_hazard"}, "geometry": {"type": "Point", "coordinates": [24.878917999855528, 60.206568995805945]}}, {"type": "Feature", "properties": {"submitted": true, "locationType": "A dangerous or difficult intersection", "greatestDangerTo": "Car drivers", "layer": "DangerousLocations_hki", "status": "active_hazard"}, "geometry": {"type": "Point", "coordinates": [24.872254000621655, 60.20373399738944]}}, {"type": "Feature", "properties": {"submitted": true, "locationType": "Unsafe pedestrian or tramway crossing", "greatestDangerTo": "Cyclists (incl. e-bikes)", "layer": "DangerousLocations_hki", "status": "active_hazard"}, "geometry": {"type": "Point", "coordinates": [24.875806000314807, 60.19823499592616]}}, {"type": "Feature", "properties": {"submitted": false, "locationType": "Some other issue", "greatestDangerTo": null, "layer": "DangerousLocations_hki", "status": "active_hazard"}, "geometry": {"type": "Point", "coordinates": [24.914583000336805, 60.15766000144626]}}, {"type": "Feature", "properties": {"submitted": true, "locationType": "Unsafe pedestrian or tramway crossing", "greatestDangerTo": "Car drivers", "layer": "DangerousLocations_hki", "status": "active_hazard"}, "geometry": {"type": "Point", "coordinates": [24.964698999569894, 60.19205100205876]}}, {"type": "Feature", "properties": {"submitted": true, "locationType": "A dangerous location related to construction site arrangements", "greatestDangerTo": "Users of e-scooters or other light electric vehicles", "layer": "DangerousLocations_hki", "status": "active_hazard"}, "geometry": {"type": "Point", "coordinates": [24.964423000544823, 60.191848004396924]}}, {"type": "Feature", "properties": {"submitted": true, "locationType": "Unsafe pedestrian or tramway crossing", "greatestDangerTo": "Pedestrians", "layer": "DangerousLocations_hki", "status": "active_hazard"}, "geometry": {"type": "Point", "coordinates": [25.00711700060824, 60.1841909985715]}}, {"type": "Feature", "properties": {"submitted": true, "locationType": "A dangerous or difficult intersection", "greatestDangerTo": "Pedestrians", "layer": "DangerousLocations_hki", "status": "active_hazard"}, "geometry": {"type": "Point", "coordinates": [24.877028000361484, 60.25347699578479]}}, {"type": "Feature", "properties": {"submitted": true, "locationType": "Unsafe pedestrian or tramway crossing", "greatestDangerTo": "Pedestrians", "layer": "DangerousLocations_hki", "status": "active_hazard"}, "geometry": {"type": "Point", "coordinates": [24.887664000695704, 60.26181700276159]}}, {"type": "Feature", "properties": {"submitted": true, "locationType": "Some other issue", "greatestDangerTo": "Car drivers", "layer": "DangerousLocations_hki", "status": "active_hazard"}, "geometry": {"type": "Point", "coordinates": [24.92955399913101, 60.16661399982882]}}, {"type": "Feature", "properties": {"submitted": true, "locationType": "A dangerous or difficult intersection", "greatestDangerTo": "Pedestrians", "layer": "DangerousLocations_hki", "status": "active_hazard"}, "geometry": {"type": "Point", "coordinates": [24.929953999249236, 60.16646000242729]}}, {"type": "Feature", "properties": {"submitted": true, "locationType": "A dangerous or difficult intersection", "greatestDangerTo": "Pedestrians", "layer": "DangerousLocations_hki", "status": "active_hazard"}, "geometry": {"type": "Point", "coordinates": [24.964619999104183, 60.192036001907525]}}, {"type": "Feature", "properties": {"submitted": true, "locationType": "Unsafe pedestrian or tramway crossing", "greatestDangerTo": "Pedestrians", "layer": "DangerousLocations_hki", "status": "active_hazard"}, "geometry": {"type": "Point", "coordinates": [24.958390999629348, 60.19520200039919]}}, {"type": "Feature", "properties": {"submitted": false, "locationType": "Unsafe pedestrian or tramway crossing", "greatestDangerTo": null, "layer": "DangerousLocations_hki", "status": "active_hazard"}, "geometry": {"type": "Point", "coordinates": [24.941645999243352, 60.170511001553045]}}, {"type": "Feature", "properties": {"submitted": true, "locationType": "A dangerous or difficult intersection", "greatestDangerTo": "Pedestrians", "layer": "DangerousLocations_hki", "status": "active_hazard"}, "geometry": {"type": "Point", "coordinates": [24.979065999234066, 60.208859001933]}}, {"type": "Feature", "properties": {"submitted": false, "locationType": "Some other issue", "greatestDangerTo": "Pedestrians", "layer": "DangerousLocations_hki", "status": "active_hazard"}, "geometry": {"type": "Point", "coordinates": [24.955892999867977, 60.19391400009637]}}, {"type": "Feature", "properties": {"submitted": false, "locationType": "Some other issue", "greatestDangerTo": "Pedestrians", "layer": "DangerousLocations_hki", "status": "active_hazard"}, "geometry": {"type": "Point", "coordinates": [25.010961999999378, 60.23394399774556]}}, {"type": "Feature", "properties": {"submitted": false, "locationType": "Some other issue", "greatestDangerTo": "Car drivers", "layer": "DangerousLocations_hki", "status": "active_hazard"}, "geometry": {"type": "Point", "coordinates": [25.00643000031932, 60.237349002522635]}}, {"type": "Feature", "properties": {"submitted": true, "locationType": "A poorly placed public transport stop", "greatestDangerTo": "Pedestrians", "layer": "DangerousLocations_hki", "status": "active_hazard"}, "geometry": {"type": "Point", "coordinates": [24.96060800009377, 60.184891999896344]}}, {"type": "Feature", "properties": {"submitted": true, "locationType": "A dangerous or difficult intersection", "greatestDangerTo": "Car drivers", "layer": "DangerousLocations_hki", "status": "active_hazard"}, "geometry": {"type": "Point", "coordinates": [24.960150000929154, 60.18761399882139]}}, {"type": "Feature", "properties": {"submitted": false, "locationType": "Unsafe pedestrian or tramway crossing", "greatestDangerTo": "Pedestrians", "layer": "DangerousLocations_hki", "status": "active_hazard"}, "geometry": {"type": "Point", "coordinates": [24.88447000067952, 60.161146002945756]}}, {"type": "Feature", "properties": {"submitted": true, "locationType": "Unsafe pedestrian or tramway crossing", "greatestDangerTo": "Pedestrians", "layer": "DangerousLocations_hki", "status": "active_hazard"}, "geometry": {"type": "Point", "coordinates": [24.97632399948541, 60.18835799833779]}}, {"type": "Feature", "properties": {"submitted": true, "locationType": "Unsafe pedestrian or tramway crossing", "greatestDangerTo": "Pedestrians", "layer": "DangerousLocations_hki", "status": "active_hazard"}, "geometry": {"type": "Point", "coordinates": [24.881792000592192, 60.15504399823802]}}, {"type": "Feature", "properties": {"submitted": true, "locationType": "Unsafe pedestrian or tramway crossing", "greatestDangerTo": "Pedestrians", "layer": "DangerousLocations_hki", "status": "active_hazard"}, "geometry": {"type": "Point", "coordinates": [24.88066699961617, 60.154515995872664]}}, {"type": "Feature", "properties": {"submitted": true, "locationType": "Unsafe pedestrian or tramway crossing", "greatestDangerTo": "Pedestrians", "layer": "DangerousLocations_hki", "status": "active_hazard"}, "geometry": {"type": "Point", "coordinates": [24.867353999831774, 60.16361399603315]}}, {"type": "Feature", "properties": {"submitted": true, "locationType": "A dangerous or difficult intersection", "greatestDangerTo": "Cyclists (incl. e-bikes)", "layer": "DangerousLocations_hki", "status": "active_hazard"}, "geometry": {"type": "Point", "coordinates": [24.892116000228732, 60.16160000046355]}}, {"type": "Feature", "properties": {"submitted": true, "locationType": "A dangerous or difficult intersection", "greatestDangerTo": "Pedestrians", "layer": "DangerousLocations_hki", "status": "active_hazard"}, "geometry": {"type": "Point", "coordinates": [24.88499499975422, 60.15367100092054]}}, {"type": "Feature", "properties": {"submitted": true, "locationType": "A dangerous or difficult intersection", "greatestDangerTo": "Car drivers", "layer": "DangerousLocations_hki", "status": "active_hazard"}, "geometry": {"type": "Point", "coordinates": [24.96379699945401, 60.20161000047011]}}, {"type": "Feature", "properties": {"submitted": false, "locationType": "Some other issue", "greatestDangerTo": "Pedestrians", "layer": "DangerousLocations_hki", "status": "active_hazard"}, "geometry": {"type": "Point", "coordinates": [24.940349999941656, 60.170591001965384]}}, {"type": "Feature", "properties": {"submitted": false, "locationType": "A dangerous or difficult intersection", "greatestDangerTo": "Pedestrians", "layer": "DangerousLocations_hki", "status": "active_hazard"}, "geometry": {"type": "Point", "coordinates": [24.9410740001354, 60.17066099626704]}}, {"type": "Feature", "properties": {"submitted": false, "locationType": "A dangerous or difficult intersection", "greatestDangerTo": "Pedestrians", "layer": "DangerousLocations_hki", "status": "active_hazard"}, "geometry": {"type": "Point", "coordinates": [24.942323999912766, 60.17071800369759]}}, {"type": "Feature", "properties": {"submitted": true, "locationType": "Unsafe pedestrian or tramway crossing", "greatestDangerTo": "Pedestrians", "layer": "DangerousLocations_hki", "status": "active_hazard"}, "geometry": {"type": "Point", "coordinates": [24.97681100055056, 60.18336400355132]}}, {"type": "Feature", "properties": {"submitted": true, "locationType": "Unclear signage", "greatestDangerTo": "Pedestrians", "layer": "DangerousLocations_hki", "status": "active_hazard"}, "geometry": {"type": "Point", "coordinates": [24.978620000501444, 60.186033998843094]}}, {"type": "Feature", "properties": {"submitted": true, "locationType": "Unsafe pedestrian or tramway crossing", "greatestDangerTo": "Pedestrians", "layer": "DangerousLocations_hki", "status": "active_hazard"}, "geometry": {"type": "Point", "coordinates": [24.948456000658545, 60.209501999044434]}}, {"type": "Feature", "properties": {"submitted": true, "locationType": "Unsafe pedestrian or tramway crossing", "greatestDangerTo": "Pedestrians", "layer": "DangerousLocations_hki", "status": "active_hazard"}, "geometry": {"type": "Point", "coordinates": [24.984224999678485, 60.24775000431468]}}, {"type": "Feature", "properties": {"submitted": true, "locationType": "Unsafe pedestrian or tramway crossing", "greatestDangerTo": "Pedestrians", "layer": "DangerousLocations_hki", "status": "active_hazard"}, "geometry": {"type": "Point", "coordinates": [24.992568999960564, 60.24602099880198]}}, {"type": "Feature", "properties": {"submitted": true, "locationType": "A dangerous or difficult intersection", "greatestDangerTo": "Pedestrians", "layer": "DangerousLocations_hki", "status": "active_hazard"}, "geometry": {"type": "Point", "coordinates": [24.989607000772157, 60.24859199950061]}}, {"type": "Feature", "properties": {"submitted": true, "locationType": "Unsafe pedestrian or tramway crossing", "greatestDangerTo": "Pedestrians", "layer": "DangerousLocations_hki", "status": "active_hazard"}, "geometry": {"type": "Point", "coordinates": [24.991401999419665, 60.247619000506006]}}, {"type": "Feature", "properties": {"submitted": true, "locationType": "A poorly placed public transport stop", "greatestDangerTo": "Persons using mobility aids (such as a wheelchair or walker)", "layer": "DangerousLocations_hki", "status": "active_hazard"}, "geometry": {"type": "Point", "coordinates": [24.994445999898844, 60.243202002593485]}}, {"type": "Feature", "properties": {"submitted": true, "locationType": "A dangerous or difficult intersection", "greatestDangerTo": "Car drivers", "layer": "DangerousLocations_hki", "status": "active_hazard"}, "geometry": {"type": "Point", "coordinates": [24.991847998990117, 60.24318300234166]}}, {"type": "Feature", "properties": {"submitted": true, "locationType": "Unsafe pedestrian or tramway crossing", "greatestDangerTo": "Pedestrians", "layer": "DangerousLocations_hki", "status": "active_hazard"}, "geometry": {"type": "Point", "coordinates": [24.99012099908015, 60.24287100384152]}}, {"type": "Feature", "properties": {"submitted": true, "locationType": "A dangerous or difficult intersection", "greatestDangerTo": "Pedestrians", "layer": "DangerousLocations_hki", "status": "active_hazard"}, "geometry": {"type": "Point", "coordinates": [24.936015999196396, 60.17264600050686]}}, {"type": "Feature", "properties": {"submitted": true, "locationType": "Some other issue", "greatestDangerTo": "Car drivers", "layer": "DangerousLocations_hki", "status": "active_hazard"}, "geometry": {"type": "Point", "coordinates": [24.846431999688203, 60.23472100338542]}}, {"type": "Feature", "properties": {"submitted": true, "locationType": "Some other issue", "greatestDangerTo": "Pedestrians", "layer": "DangerousLocations_hki", "status": "active_hazard"}, "geometry": {"type": "Point", "coordinates": [24.852117999162953, 60.2332830001854]}}, {"type": "Feature", "properties": {"submitted": true, "locationType": "A dangerous or difficult intersection", "greatestDangerTo": "Pedestrians", "layer": "DangerousLocations_hki", "status": "active_hazard"}, "geometry": {"type": "Point", "coordinates": [24.846477000175206, 60.23281299807223]}}, {"type": "Feature", "properties": {"submitted": true, "locationType": "Unsafe pedestrian or tramway crossing", "greatestDangerTo": "Pedestrians", "layer": "DangerousLocations_hki", "status": "active_hazard"}, "geometry": {"type": "Point", "coordinates": [24.84679699938277, 60.23533699586826]}}, {"type": "Feature", "properties": {"submitted": true, "locationType": "Pedestrian traffic lights that change too fast", "greatestDangerTo": "Pedestrians", "layer": "DangerousLocations_hki", "status": "active_hazard"}, "geometry": {"type": "Point", "coordinates": [24.84691200101316, 60.2353209967459]}}, {"type": "Feature", "properties": {"submitted": true, "locationType": "Unclear signage", "greatestDangerTo": "Cyclists (incl. e-bikes)", "layer": "DangerousLocations_hki", "status": "active_hazard"}, "geometry": {"type": "Point", "coordinates": [24.93737600071902, 60.19555700046016]}}, {"type": "Feature", "properties": {"submitted": true, "locationType": "Issue regarding quality of the route or its continuity", "greatestDangerTo": "Cyclists (incl. e-bikes)", "layer": "DangerousLocations_hki", "status": "active_hazard"}, "geometry": {"type": "Point", "coordinates": [24.96011100015336, 60.1931940024443]}}, {"type": "Feature", "properties": {"submitted": true, "locationType": "Unclear signage", "greatestDangerTo": "Pedestrians", "layer": "DangerousLocations_hki", "status": "active_hazard"}, "geometry": {"type": "Point", "coordinates": [24.914321000837948, 60.18335999825249]}}, {"type": "Feature", "properties": {"submitted": true, "locationType": "A dangerous or difficult intersection", "greatestDangerTo": "Cyclists (incl. e-bikes)", "layer": "DangerousLocations_hki", "status": "active_hazard"}, "geometry": {"type": "Point", "coordinates": [24.92833200086351, 60.1843259982993]}}, {"type": "Feature", "properties": {"submitted": true, "locationType": "Unsafe pedestrian or tramway crossing", "greatestDangerTo": "Pedestrians", "layer": "DangerousLocations_hki", "status": "active_hazard"}, "geometry": {"type": "Point", "coordinates": [24.88078599952759, 60.15452699882019]}}, {"type": "Feature", "properties": {"submitted": true, "locationType": "Unsafe pedestrian or tramway crossing", "greatestDangerTo": "Pedestrians", "layer": "DangerousLocations_hki", "status": "active_hazard"}, "geometry": {"type": "Point", "coordinates": [24.955024999838724, 60.193595004052774]}}, {"type": "Feature", "properties": {"submitted": true, "locationType": "Unsafe pedestrian or tramway crossing", "greatestDangerTo": "Pedestrians", "layer": "DangerousLocations_hki", "status": "active_hazard"}, "geometry": {"type": "Point", "coordinates": [24.958234000378138, 60.195222998197565]}}, {"type": "Feature", "properties": {"submitted": true, "locationType": "Unsafe pedestrian or tramway crossing", "greatestDangerTo": "Pedestrians", "layer": "DangerousLocations_hki", "status": "active_hazard"}, "geometry": {"type": "Point", "coordinates": [24.960664000854894, 60.19651499888662]}}, {"type": "Feature", "properties": {"submitted": true, "locationType": "Unsafe pedestrian or tramway crossing", "greatestDangerTo": "Car drivers", "layer": "DangerousLocations_hki", "status": "active_hazard"}, "geometry": {"type": "Point", "coordinates": [24.973666999347397, 60.16650500134172]}}, {"type": "Feature", "properties": {"submitted": true, "locationType": "Unsafe pedestrian or tramway crossing", "greatestDangerTo": "Car drivers", "layer": "DangerousLocations_hki", "status": "active_hazard"}, "geometry": {"type": "Point", "coordinates": [24.97223999984465, 60.16600800069891]}}, {"type": "Feature", "properties": {"submitted": true, "locationType": "Some other issue", "greatestDangerTo": "Car drivers", "layer": "DangerousLocations_hki", "status": "active_hazard"}, "geometry": {"type": "Point", "coordinates": [24.971085999071306, 60.16652400079726]}}, {"type": "Feature", "properties": {"submitted": true, "locationType": "Some other issue", "greatestDangerTo": "Pedestrians", "layer": "DangerousLocations_hki", "status": "active_hazard"}, "geometry": {"type": "Point", "coordinates": [24.970418000423056, 60.16546899726459]}}, {"type": "Feature", "properties": {"submitted": true, "locationType": "Issue regarding the condition of the road or its maintenance", "greatestDangerTo": "Car drivers", "layer": "DangerousLocations_hki", "status": "active_hazard"}, "geometry": {"type": "Point", "coordinates": [24.960671000959877, 60.1674819958348]}}, {"type": "Feature", "properties": {"submitted": true, "locationType": "Issue regarding the condition of the road or its maintenance", "greatestDangerTo": "Pedestrians", "layer": "DangerousLocations_hki", "status": "active_hazard"}, "geometry": {"type": "Point", "coordinates": [24.97520000041952, 60.165922000814355]}}, {"type": "Feature", "properties": {"submitted": true, "locationType": "Some other issue", "greatestDangerTo": "Car drivers", "layer": "DangerousLocations_hki", "status": "active_hazard"}, "geometry": {"type": "Point", "coordinates": [25.11562099978015, 60.20605900379262]}}, {"type": "Feature", "properties": {"submitted": true, "locationType": "Unsafe pedestrian or tramway crossing", "greatestDangerTo": "Car drivers", "layer": "DangerousLocations_hki", "status": "active_hazard"}, "geometry": {"type": "Point", "coordinates": [24.877004000185455, 60.157980003003324]}}, {"type": "Feature", "properties": {"submitted": true, "locationType": "A dangerous location related to parking", "greatestDangerTo": "Car drivers", "layer": "DangerousLocations_hki", "status": "active_hazard"}, "geometry": {"type": "Point", "coordinates": [24.87865300072608, 60.15625800044998]}}, {"type": "Feature", "properties": {"submitted": true, "locationType": "Unsafe pedestrian or tramway crossing", "greatestDangerTo": "Users of e-scooters or other light electric vehicles", "layer": "DangerousLocations_hki", "status": "active_hazard"}, "geometry": {"type": "Point", "coordinates": [24.880297000499173, 60.15440500189005]}}, {"type": "Feature", "properties": {"submitted": true, "locationType": "Unsafe pedestrian or tramway crossing", "greatestDangerTo": "Pedestrians", "layer": "DangerousLocations_hki", "status": "active_hazard"}, "geometry": {"type": "Point", "coordinates": [24.951968000148852, 60.19683499601803]}}, {"type": "Feature", "properties": {"submitted": true, "locationType": "Unsafe pedestrian or tramway crossing", "greatestDangerTo": "Pedestrians", "layer": "DangerousLocations_hki", "status": "active_hazard"}, "geometry": {"type": "Point", "coordinates": [24.951635000885247, 60.19668500021804]}}, {"type": "Feature", "properties": {"submitted": true, "locationType": "A dangerous location related to construction site arrangements", "greatestDangerTo": "Pedestrians", "layer": "DangerousLocations_hki", "status": "active_hazard"}, "geometry": {"type": "Point", "coordinates": [24.95457499993835, 60.19720999951015]}}, {"type": "Feature", "properties": {"submitted": true, "locationType": "Unsafe pedestrian or tramway crossing", "greatestDangerTo": "Cyclists (incl. e-bikes)", "layer": "DangerousLocations_hki", "status": "active_hazard"}, "geometry": {"type": "Point", "coordinates": [25.051269999532014, 60.2053400008557]}}, {"type": "Feature", "properties": {"submitted": true, "locationType": "Unsafe pedestrian or tramway crossing", "greatestDangerTo": "Pedestrians", "layer": "DangerousLocations_hki", "status": "active_hazard"}, "geometry": {"type": "Point", "coordinates": [25.050060999252448, 60.20427300432349]}}, {"type": "Feature", "properties": {"submitted": true, "locationType": "A dangerous or difficult intersection", "greatestDangerTo": "Pedestrians", "layer": "DangerousLocations_hki", "status": "active_hazard"}, "geometry": {"type": "Point", "coordinates": [25.05644900038521, 60.2073239988318]}}, {"type": "Feature", "properties": {"submitted": true, "locationType": "Unsafe pedestrian or tramway crossing", "greatestDangerTo": "Pedestrians", "layer": "DangerousLocations_hki", "status": "active_hazard"}, "geometry": {"type": "Point", "coordinates": [25.05429700056631, 60.20734299779278]}}, {"type": "Feature", "properties": {"submitted": true, "locationType": "Unsafe pedestrian or tramway crossing", "greatestDangerTo": "Pedestrians", "layer": "DangerousLocations_hki", "status": "active_hazard"}, "geometry": {"type": "Point", "coordinates": [25.0560110010109, 60.20847599765577]}}, {"type": "Feature", "properties": {"submitted": true, "locationType": "A dangerous or difficult intersection", "greatestDangerTo": "Pedestrians", "layer": "DangerousLocations_hki", "status": "active_hazard"}, "geometry": {"type": "Point", "coordinates": [25.085883000241218, 60.213911003570864]}}, {"type": "Feature", "properties": {"submitted": true, "locationType": "Unsafe pedestrian or tramway crossing", "greatestDangerTo": "Pedestrians", "layer": "DangerousLocations_hki", "status": "active_hazard"}, "geometry": {"type": "Point", "coordinates": [25.04898099983205, 60.205040000433954]}}, {"type": "Feature", "properties": {"submitted": true, "locationType": "A dangerous or difficult intersection", "greatestDangerTo": "Pedestrians", "layer": "DangerousLocations_hki", "status": "active_hazard"}, "geometry": {"type": "Point", "coordinates": [25.03564700002493, 60.193177002327545]}}, {"type": "Feature", "properties": {"submitted": true, "locationType": "A dangerous or difficult intersection", "greatestDangerTo": "Pedestrians", "layer": "DangerousLocations_hki", "status": "active_hazard"}, "geometry": {"type": "Point", "coordinates": [25.046751999694756, 60.20548700121435]}}, {"type": "Feature", "properties": {"submitted": true, "locationType": "A dangerous or difficult intersection", "greatestDangerTo": "Car drivers", "layer": "DangerousLocations_hki", "status": "active_hazard"}, "geometry": {"type": "Point", "coordinates": [24.9103950000316, 60.19121000085181]}}, {"type": "Feature", "properties": {"submitted": true, "locationType": "Unsafe pedestrian or tramway crossing", "greatestDangerTo": "Pedestrians", "layer": "DangerousLocations_hki", "status": "active_hazard"}, "geometry": {"type": "Point", "coordinates": [24.870872000474296, 60.203741003677244]}}, {"type": "Feature", "properties": {"submitted": true, "locationType": "Pedestrian traffic lights that change too fast", "greatestDangerTo": "Pedestrians", "layer": "DangerousLocations_hki", "status": "active_hazard"}, "geometry": {"type": "Point", "coordinates": [24.858717000635895, 60.22423599665813]}}, {"type": "Feature", "properties": {"submitted": true, "locationType": "Pedestrian traffic lights that change too fast", "greatestDangerTo": "Cyclists (incl. e-bikes)", "layer": "DangerousLocations_hki", "status": "active_hazard"}, "geometry": {"type": "Point", "coordinates": [24.87261400002095, 60.20380399632055]}}, {"type": "Feature", "properties": {"submitted": true, "locationType": "A dangerous or difficult intersection", "greatestDangerTo": "Pedestrians", "layer": "DangerousLocations_hki", "status": "active_hazard"}, "geometry": {"type": "Point", "coordinates": [24.864188000120464, 60.2051539969287]}}, {"type": "Feature", "properties": {"submitted": true, "locationType": "Issue regarding quality of the route or its continuity", "greatestDangerTo": "Cyclists (incl. e-bikes)", "layer": "DangerousLocations_hki", "status": "active_hazard"}, "geometry": {"type": "Point", "coordinates": [24.879032001071756, 60.20470799562187]}}, {"type": "Feature", "properties": {"submitted": true, "locationType": "Unsafe pedestrian or tramway crossing", "greatestDangerTo": "Cyclists (incl. e-bikes)", "layer": "DangerousLocations_hki", "status": "active_hazard"}, "geometry": {"type": "Point", "coordinates": [24.88949900029742, 60.2167209972252]}}, {"type": "Feature", "properties": {"submitted": true, "locationType": "Unclear signage", "greatestDangerTo": "Cyclists (incl. e-bikes)", "layer": "DangerousLocations_hki", "status": "active_hazard"}, "geometry": {"type": "Point", "coordinates": [24.873938000884866, 60.213471998884984]}}, {"type": "Feature", "properties": {"submitted": true, "locationType": "Unsafe pedestrian or tramway crossing", "greatestDangerTo": "Cyclists (incl. e-bikes)", "layer": "DangerousLocations_hki", "status": "active_hazard"}, "geometry": {"type": "Point", "coordinates": [24.873422000194708, 60.22757100334019]}}, {"type": "Feature", "properties": {"submitted": true, "locationType": "Unclear signage", "greatestDangerTo": "Cyclists (incl. e-bikes)", "layer": "DangerousLocations_hki", "status": "active_hazard"}, "geometry": {"type": "Point", "coordinates": [24.889567000691894, 60.23613299607233]}}, {"type": "Feature", "properties": {"submitted": true, "locationType": "Some other issue", "greatestDangerTo": "Pedestrians", "layer": "DangerousLocations_hki", "status": "active_hazard"}, "geometry": {"type": "Point", "coordinates": [24.93154499976296, 60.157338997499714]}}, {"type": "Feature", "properties": {"submitted": true, "locationType": "Unsafe pedestrian or tramway crossing", "greatestDangerTo": "Cyclists (incl. e-bikes)", "layer": "DangerousLocations_hki", "status": "active_hazard"}, "geometry": {"type": "Point", "coordinates": [24.99260600067374, 60.24600000235882]}}, {"type": "Feature", "properties": {"submitted": true, "locationType": "A dangerous or difficult intersection", "greatestDangerTo": "Cyclists (incl. e-bikes)", "layer": "DangerousLocations_hki", "status": "active_hazard"}, "geometry": {"type": "Point", "coordinates": [24.991591999179256, 60.24774300352427]}}, {"type": "Feature", "properties": {"submitted": true, "locationType": "Issue regarding the condition of the road or its maintenance", "greatestDangerTo": "Cyclists (incl. e-bikes)", "layer": "DangerousLocations_hki", "status": "active_hazard"}, "geometry": {"type": "Point", "coordinates": [24.996177000804234, 60.25018899708984]}}, {"type": "Feature", "properties": {"submitted": true, "locationType": "Unclear signage", "greatestDangerTo": "Pedestrians", "layer": "DangerousLocations_hki", "status": "active_hazard"}, "geometry": {"type": "Point", "coordinates": [24.997667999981708, 60.249187998886235]}}, {"type": "Feature", "properties": {"submitted": true, "locationType": "Unsafe pedestrian or tramway crossing", "greatestDangerTo": "Pedestrians", "layer": "DangerousLocations_hki", "status": "active_hazard"}, "geometry": {"type": "Point", "coordinates": [24.95476299994933, 60.193491002597696]}}, {"type": "Feature", "properties": {"submitted": true, "locationType": "Unsafe pedestrian or tramway crossing", "greatestDangerTo": "Pedestrians", "layer": "DangerousLocations_hki", "status": "active_hazard"}, "geometry": {"type": "Point", "coordinates": [24.96088899995528, 60.19650900193259]}}, {"type": "Feature", "properties": {"submitted": true, "locationType": "Unsafe pedestrian or tramway crossing", "greatestDangerTo": "Pedestrians", "layer": "DangerousLocations_hki", "status": "active_hazard"}, "geometry": {"type": "Point", "coordinates": [24.96255999982295, 60.19600099992425]}}, {"type": "Feature", "properties": {"submitted": true, "locationType": "Unsafe pedestrian or tramway crossing", "greatestDangerTo": "Pedestrians", "layer": "DangerousLocations_hki", "status": "active_hazard"}, "geometry": {"type": "Point", "coordinates": [24.958684000574298, 60.19352499681567]}}, {"type": "Feature", "properties": {"submitted": true, "locationType": "Issue regarding quality of the route or its continuity", "greatestDangerTo": "Pedestrians", "layer": "DangerousLocations_hki", "status": "active_hazard"}, "geometry": {"type": "Point", "coordinates": [24.962527000428388, 60.196684003801835]}}, {"type": "Feature", "properties": {"submitted": true, "locationType": "Pedestrian traffic lights that change too fast", "greatestDangerTo": "Pedestrians", "layer": "DangerousLocations_hki", "status": "active_hazard"}, "geometry": {"type": "Point", "coordinates": [24.949140999587215, 60.1906129981776]}}, {"type": "Feature", "properties": {"submitted": true, "locationType": "Unclear signage", "greatestDangerTo": "Car drivers", "layer": "DangerousLocations_hki", "status": "active_hazard"}, "geometry": {"type": "Point", "coordinates": [25.031914000375963, 60.19375099858364]}}, {"type": "Feature", "properties": {"submitted": true, "locationType": "Unsafe pedestrian or tramway crossing", "greatestDangerTo": "Pedestrians", "layer": "DangerousLocations_hki", "status": "active_hazard"}, "geometry": {"type": "Point", "coordinates": [25.048240999448478, 60.16853600206563]}}, {"type": "Feature", "properties": {"submitted": true, "locationType": "Unsafe pedestrian or tramway crossing", "greatestDangerTo": "Pedestrians", "layer": "DangerousLocations_hki", "status": "active_hazard"}, "geometry": {"type": "Point", "coordinates": [25.081352999389036, 60.16683599856438]}}, {"type": "Feature", "properties": {"submitted": true, "locationType": "A dangerous or difficult intersection", "greatestDangerTo": "Car drivers", "layer": "DangerousLocations_hki", "status": "active_hazard"}, "geometry": {"type": "Point", "coordinates": [24.97761700035645, 60.18806099724223]}}, {"type": "Feature", "properties": {"submitted": true, "locationType": "Some other issue", "greatestDangerTo": "Pedestrians", "layer": "DangerousLocations_hki", "status": "active_hazard"}, "geometry": {"type": "Point", "coordinates": [24.98419699930164, 60.18860500222053]}}, {"type": "Feature", "properties": {"submitted": true, "locationType": "Issue regarding quality of the route or its continuity", "greatestDangerTo": "Cyclists (incl. e-bikes)", "layer": "DangerousLocations_hki", "status": "active_hazard"}, "geometry": {"type": "Point", "coordinates": [24.95830399994858, 60.16870900023094]}}, {"type": "Feature", "properties": {"submitted": true, "locationType": "Unclear signage", "greatestDangerTo": "Cyclists (incl. e-bikes)", "layer": "DangerousLocations_hki", "status": "active_hazard"}, "geometry": {"type": "Point", "coordinates": [24.912603000071094, 60.17220699893843]}}, {"type": "Feature", "properties": {"submitted": true, "locationType": "Some other issue", "greatestDangerTo": "Pedestrians", "layer": "DangerousLocations_hki", "status": "active_hazard"}, "geometry": {"type": "Point", "coordinates": [24.85547900067616, 60.240515000784335]}}, {"type": "Feature", "properties": {"submitted": true, "locationType": "Unsafe pedestrian or tramway crossing", "greatestDangerTo": "Pedestrians", "layer": "DangerousLocations_hki", "status": "active_hazard"}, "geometry": {"type": "Point", "coordinates": [24.94961799970203, 60.173725997170955]}}, {"type": "Feature", "properties": {"submitted": true, "locationType": "Some other issue", "greatestDangerTo": "Cyclists (incl. e-bikes)", "layer": "DangerousLocations_hki", "status": "active_hazard"}, "geometry": {"type": "Point", "coordinates": [24.91790500076704, 60.189688997577655]}}, {"type": "Feature", "properties": {"submitted": true, "locationType": "Pedestrian traffic lights that change too fast", "greatestDangerTo": "Pedestrians", "layer": "DangerousLocations_hki", "status": "active_hazard"}, "geometry": {"type": "Point", "coordinates": [24.91478299950914, 60.190456995973264]}}, {"type": "Feature", "properties": {"submitted": true, "locationType": "A dangerous location related to parking", "greatestDangerTo": "Pedestrians", "layer": "DangerousLocations_hki", "status": "active_hazard"}, "geometry": {"type": "Point", "coordinates": [24.921619000493124, 60.187314997277234]}}, {"type": "Feature", "properties": {"submitted": true, "locationType": "Unsafe pedestrian or tramway crossing", "greatestDangerTo": "Pedestrians", "layer": "DangerousLocations_hki", "status": "active_hazard"}, "geometry": {"type": "Point", "coordinates": [24.84638900036993, 60.2328110036741]}}, {"type": "Feature", "properties": {"submitted": true, "locationType": "Unsafe pedestrian or tramway crossing", "greatestDangerTo": "Pedestrians", "layer": "DangerousLocations_hki", "status": "active_hazard"}, "geometry": {"type": "Point", "coordinates": [24.919778000133576, 60.1601329998404]}}, {"type": "Feature", "properties": {"submitted": true, "locationType": "Unsafe pedestrian or tramway crossing", "greatestDangerTo": "Pedestrians", "layer": "DangerousLocations_hki", "status": "active_hazard"}, "geometry": {"type": "Point", "coordinates": [24.921293999284874, 60.159390001749706]}}, {"type": "Feature", "properties": {"submitted": true, "locationType": "Issue regarding the condition of the road or its maintenance", "greatestDangerTo": "Persons using mobility aids (such as a wheelchair or walker)", "layer": "DangerousLocations_hki", "status": "active_hazard"}, "geometry": {"type": "Point", "coordinates": [24.94157100020692, 60.17040299606258]}}, {"type": "Feature", "properties": {"submitted": true, "locationType": "A dangerous or difficult intersection", "greatestDangerTo": "Cyclists (incl. e-bikes)", "layer": "DangerousLocations_hki", "status": "active_hazard"}, "geometry": {"type": "Point", "coordinates": [25.066390000157785, 60.208800996775985]}}, {"type": "Feature", "properties": {"submitted": true, "locationType": "A dangerous or difficult intersection", "greatestDangerTo": "Cyclists (incl. e-bikes)", "layer": "DangerousLocations_hki", "status": "active_hazard"}, "geometry": {"type": "Point", "coordinates": [25.056219999320334, 60.20730300240699]}}, {"type": "Feature", "properties": {"submitted": true, "locationType": "A dangerous or difficult intersection", "greatestDangerTo": "Cyclists (incl. e-bikes)", "layer": "DangerousLocations_hki", "status": "active_hazard"}, "geometry": {"type": "Point", "coordinates": [25.051677000726485, 60.23032499885185]}}, {"type": "Feature", "properties": {"submitted": true, "locationType": "A dangerous or difficult intersection", "greatestDangerTo": "Cyclists (incl. e-bikes)", "layer": "DangerousLocations_hki", "status": "active_hazard"}, "geometry": {"type": "Point", "coordinates": [25.058027000953743, 60.20974099825201]}}, {"type": "Feature", "properties": {"submitted": true, "locationType": "A dangerous or difficult intersection", "greatestDangerTo": "Cyclists (incl. e-bikes)", "layer": "DangerousLocations_hki", "status": "active_hazard"}, "geometry": {"type": "Point", "coordinates": [24.927623000350756, 60.19873699597683]}}, {"type": "Feature", "properties": {"submitted": true, "locationType": "Unsafe pedestrian or tramway crossing", "greatestDangerTo": "Cyclists (incl. e-bikes)", "layer": "DangerousLocations_hki", "status": "active_hazard"}, "geometry": {"type": "Point", "coordinates": [25.04244600089856, 60.265653999337374]}}, {"type": "Feature", "properties": {"submitted": true, "locationType": "A dangerous or difficult intersection", "greatestDangerTo": "Cyclists (incl. e-bikes)", "layer": "DangerousLocations_hki", "status": "active_hazard"}, "geometry": {"type": "Point", "coordinates": [25.057523000998085, 60.26361999628723]}}, {"type": "Feature", "properties": {"submitted": true, "locationType": "Unsafe pedestrian or tramway crossing", "greatestDangerTo": "Pedestrians", "layer": "DangerousLocations_hki", "status": "active_hazard"}, "geometry": {"type": "Point", "coordinates": [25.07074700016407, 60.26998900349907]}}, {"type": "Feature", "properties": {"submitted": true, "locationType": "A dangerous location related to parking", "greatestDangerTo": "Pedestrians", "layer": "DangerousLocations_hki", "status": "active_hazard"}, "geometry": {"type": "Point", "coordinates": [24.96730800088891, 60.20780999705605]}}, {"type": "Feature", "properties": {"submitted": true, "locationType": "A dangerous or difficult intersection", "greatestDangerTo": "Pedestrians", "layer": "DangerousLocations_hki", "status": "active_hazard"}, "geometry": {"type": "Point", "coordinates": [24.966325999791003, 60.20831799765423]}}, {"type": "Feature", "properties": {"submitted": false, "locationType": "Unsafe pedestrian or tramway crossing", "greatestDangerTo": "Car drivers", "layer": "DangerousLocations_hki", "status": "active_hazard"}, "geometry": {"type": "Point", "coordinates": [24.979876999245004, 60.182942000149794]}}, {"type": "Feature", "properties": {"submitted": true, "locationType": "Unsafe pedestrian or tramway crossing", "greatestDangerTo": "Pedestrians", "layer": "DangerousLocations_hki", "status": "active_hazard"}, "geometry": {"type": "Point", "coordinates": [24.940979000549742, 60.17067900189274]}}, {"type": "Feature", "properties": {"submitted": true, "locationType": "A dangerous or difficult intersection", "greatestDangerTo": "Pedestrians", "layer": "DangerousLocations_hki", "status": "active_hazard"}, "geometry": {"type": "Point", "coordinates": [24.938793000493998, 60.17290599843257]}}, {"type": "Feature", "properties": {"submitted": true, "locationType": "A dangerous location related to parking", "greatestDangerTo": "Pedestrians", "layer": "DangerousLocations_hki", "status": "active_hazard"}, "geometry": {"type": "Point", "coordinates": [24.882066999648313, 60.15963099571959]}}, {"type": "Feature", "properties": {"submitted": true, "locationType": "Some other issue", "greatestDangerTo": "Pedestrians", "layer": "DangerousLocations_hki", "status": "active_hazard"}, "geometry": {"type": "Point", "coordinates": [24.969032999309317, 60.1659099988302]}}, {"type": "Feature", "properties": {"submitted": false, "locationType": "A dangerous location related to construction site arrangements", "greatestDangerTo": "Cyclists (incl. e-bikes)", "layer": "DangerousLocations_hki", "status": "active_hazard"}, "geometry": {"type": "Point", "coordinates": [24.932670000864565, 60.19759599923552]}}, {"type": "Feature", "properties": {"submitted": false, "locationType": "Issue regarding quality of the route or its continuity", "greatestDangerTo": "Pedestrians", "layer": "DangerousLocations_hki", "status": "active_hazard"}, "geometry": {"type": "Point", "coordinates": [24.931940999664302, 60.20126800100588]}}, {"type": "Feature", "properties": {"submitted": false, "locationType": "Some other issue", "greatestDangerTo": "Cyclists (incl. e-bikes)", "layer": "DangerousLocations_hki", "status": "active_hazard"}, "geometry": {"type": "Point", "coordinates": [24.96978000019866, 60.189008999228776]}}, {"type": "Feature", "properties": {"submitted": true, "locationType": "A dangerous or difficult intersection", "greatestDangerTo": "Pedestrians", "layer": "DangerousLocations_hki", "status": "active_hazard"}, "geometry": {"type": "Point", "coordinates": [24.903449000558286, 60.162872001719755]}}, {"type": "Feature", "properties": {"submitted": true, "locationType": "A dangerous or difficult intersection", "greatestDangerTo": "Cyclists (incl. e-bikes)", "layer": "DangerousLocations_hki", "status": "active_hazard"}, "geometry": {"type": "Point", "coordinates": [24.911784000520644, 60.15730500112933]}}, {"type": "Feature", "properties": {"submitted": true, "locationType": "A dangerous location related to parking", "greatestDangerTo": "Car drivers", "layer": "DangerousLocations_hki", "status": "active_hazard"}, "geometry": {"type": "Point", "coordinates": [24.886142000336086, 60.15245699829954]}}, {"type": "Feature", "properties": {"submitted": true, "locationType": "A dangerous or difficult intersection", "greatestDangerTo": "Car drivers", "layer": "DangerousLocations_hki", "status": "active_hazard"}, "geometry": {"type": "Point", "coordinates": [24.851600999921285, 60.238942000654326]}}, {"type": "Feature", "properties": {"submitted": true, "locationType": "A dangerous or difficult intersection", "greatestDangerTo": "Car drivers", "layer": "DangerousLocations_hki", "status": "active_hazard"}, "geometry": {"type": "Point", "coordinates": [24.958128999281243, 60.179217000995266]}}, {"type": "Feature", "properties": {"submitted": true, "locationType": "A dangerous or difficult intersection", "greatestDangerTo": "Cyclists (incl. e-bikes)", "layer": "DangerousLocations_hki", "status": "active_hazard"}, "geometry": {"type": "Point", "coordinates": [24.929819000499574, 60.16184400259972]}}, {"type": "Feature", "properties": {"submitted": true, "locationType": "Issue regarding the condition of the road or its maintenance", "greatestDangerTo": "Cyclists (incl. e-bikes)", "layer": "DangerousLocations_hki", "status": "active_hazard"}, "geometry": {"type": "Point", "coordinates": [24.957028000281632, 60.19436499835871]}}, {"type": "Feature", "properties": {"submitted": true, "locationType": "Unsafe pedestrian or tramway crossing", "greatestDangerTo": "Car drivers", "layer": "DangerousLocations_hki", "status": "active_hazard"}, "geometry": {"type": "Point", "coordinates": [24.93482200050285, 60.168532001944]}}, {"type": "Feature", "properties": {"submitted": true, "locationType": "Unsafe pedestrian or tramway crossing", "greatestDangerTo": "Car drivers", "layer": "DangerousLocations_hki", "status": "active_hazard"}, "geometry": {"type": "Point", "coordinates": [24.931193000524196, 60.16757199646607]}}, {"type": "Feature", "properties": {"submitted": true, "locationType": "Unsafe pedestrian or tramway crossing", "greatestDangerTo": "Car drivers", "layer": "DangerousLocations_hki", "status": "active_hazard"}, "geometry": {"type": "Point", "coordinates": [24.928945000289968, 60.16857499654532]}}, {"type": "Feature", "properties": {"submitted": true, "locationType": "Unsafe pedestrian or tramway crossing", "greatestDangerTo": "Car drivers", "layer": "DangerousLocations_hki", "status": "active_hazard"}, "geometry": {"type": "Point", "coordinates": [24.934849999757834, 60.168223997235]}}, {"type": "Feature", "properties": {"submitted": true, "locationType": "Unsafe pedestrian or tramway crossing", "greatestDangerTo": "Car drivers", "layer": "DangerousLocations_hki", "status": "active_hazard"}, "geometry": {"type": "Point", "coordinates": [24.933712000769052, 60.166626997398836]}}, {"type": "Feature", "properties": {"submitted": true, "locationType": "Unsafe pedestrian or tramway crossing", "greatestDangerTo": "Car drivers", "layer": "DangerousLocations_hki", "status": "active_hazard"}, "geometry": {"type": "Point", "coordinates": [24.93037199963781, 60.16649300272044]}}, {"type": "Feature", "properties": {"submitted": true, "locationType": "Pedestrian traffic lights that change too fast", "greatestDangerTo": "Pedestrians", "layer": "DangerousLocations_hki", "status": "active_hazard"}, "geometry": {"type": "Point", "coordinates": [25.08552299976223, 60.213810998571674]}}, {"type": "Feature", "properties": {"submitted": true, "locationType": "Unsafe pedestrian or tramway crossing", "greatestDangerTo": "Cyclists (incl. e-bikes)", "layer": "DangerousLocations_hki", "status": "active_hazard"}, "geometry": {"type": "Point", "coordinates": [24.966253999372057, 60.189428003166725]}}, {"type": "Feature", "properties": {"submitted": true, "locationType": "A dangerous or difficult intersection", "greatestDangerTo": "Cyclists (incl. e-bikes)", "layer": "DangerousLocations_hki", "status": "active_hazard"}, "geometry": {"type": "Point", "coordinates": [24.921589000420973, 60.162431004176305]}}, {"type": "Feature", "properties": {"submitted": true, "locationType": "Some other issue", "greatestDangerTo": "Persons using mobility aids (such as a wheelchair or walker)", "layer": "DangerousLocations_hki", "status": "active_hazard"}, "geometry": {"type": "Point", "coordinates": [24.949913999945096, 60.20101199607086]}}, {"type": "Feature", "properties": {"submitted": true, "locationType": "Unsafe pedestrian or tramway crossing", "greatestDangerTo": "Pedestrians", "layer": "DangerousLocations_hki", "status": "active_hazard"}, "geometry": {"type": "Point", "coordinates": [24.94559699921741, 60.20861100405049]}}, {"type": "Feature", "properties": {"submitted": true, "locationType": "A dangerous or difficult intersection", "greatestDangerTo": "Pedestrians", "layer": "DangerousLocations_hki", "status": "active_hazard"}, "geometry": {"type": "Point", "coordinates": [24.956706999521327, 60.194481001068354]}}, {"type": "Feature", "properties": {"submitted": true, "locationType": "Unsafe pedestrian or tramway crossing", "greatestDangerTo": "Pedestrians", "layer": "DangerousLocations_hki", "status": "active_hazard"}, "geometry": {"type": "Point", "coordinates": [24.960104998995686, 60.18764500331736]}}, {"type": "Feature", "properties": {"submitted": true, "locationType": "Unsafe pedestrian or tramway crossing", "greatestDangerTo": "Pedestrians", "layer": "DangerousLocations_hki", "status": "active_hazard"}, "geometry": {"type": "Point", "coordinates": [24.934747000746267, 60.19899899805862]}}, {"type": "Feature", "properties": {"submitted": true, "locationType": "Unsafe pedestrian or tramway crossing", "greatestDangerTo": "Pedestrians", "layer": "DangerousLocations_hki", "status": "active_hazard"}, "geometry": {"type": "Point", "coordinates": [24.960898999384977, 60.196507997074555]}}, {"type": "Feature", "properties": {"submitted": true, "locationType": "A dangerous or difficult intersection", "greatestDangerTo": "Pedestrians", "layer": "DangerousLocations_hki", "status": "active_hazard"}, "geometry": {"type": "Point", "coordinates": [24.95691899960606, 60.19452800134723]}}, {"type": "Feature", "properties": {"submitted": true, "locationType": "A dangerous or difficult intersection", "greatestDangerTo": "Cyclists (incl. e-bikes)", "layer": "DangerousLocations_hki", "status": "active_hazard"}, "geometry": {"type": "Point", "coordinates": [24.950330999315714, 60.17679399944462]}}, {"type": "Feature", "properties": {"submitted": true, "locationType": "Issue regarding the condition of the road or its maintenance", "greatestDangerTo": "Car drivers", "layer": "DangerousLocations_hki", "status": "active_hazard"}, "geometry": {"type": "Point", "coordinates": [25.115529998895894, 60.215598004447834]}}, {"type": "Feature", "properties": {"submitted": true, "locationType": "A dangerous or difficult intersection", "greatestDangerTo": "Pedestrians", "layer": "DangerousLocations_hki", "status": "active_hazard"}, "geometry": {"type": "Point", "coordinates": [25.109359000463353, 60.21783100391013]}}, {"type": "Feature", "properties": {"submitted": true, "locationType": "Issue regarding the condition of the road or its maintenance", "greatestDangerTo": "Car drivers", "layer": "DangerousLocations_hki", "status": "active_hazard"}, "geometry": {"type": "Point", "coordinates": [25.111442999124623, 60.21749300228063]}}, {"type": "Feature", "properties": {"submitted": true, "locationType": "Unsafe pedestrian or tramway crossing", "greatestDangerTo": "Pedestrians", "layer": "DangerousLocations_hki", "status": "active_hazard"}, "geometry": {"type": "Point", "coordinates": [24.881463999733487, 60.21147400099021]}}, {"type": "Feature", "properties": {"submitted": true, "locationType": "Some other issue", "greatestDangerTo": "Cyclists (incl. e-bikes)", "layer": "DangerousLocations_hki", "status": "active_hazard"}, "geometry": {"type": "Point", "coordinates": [24.892111000260144, 60.16130500231576]}}, {"type": "Feature", "properties": {"submitted": false, "locationType": "Some other issue", "greatestDangerTo": "Car drivers", "layer": "DangerousLocations_hki", "status": "active_hazard"}, "geometry": {"type": "Point", "coordinates": [25.04981899944313, 60.175543003403185]}}, {"type": "Feature", "properties": {"submitted": false, "locationType": "Unclear signage", "greatestDangerTo": null, "layer": "DangerousLocations_hki", "status": "active_hazard"}, "geometry": {"type": "Point", "coordinates": [25.049702000154326, 60.175453997879586]}}, {"type": "Feature", "properties": {"submitted": true, "locationType": "Unsafe pedestrian or tramway crossing", "greatestDangerTo": "Pedestrians", "layer": "DangerousLocations_hki", "status": "active_hazard"}, "geometry": {"type": "Point", "coordinates": [24.95362699932912, 60.1679259995469]}}, {"type": "Feature", "properties": {"submitted": true, "locationType": "A dangerous or difficult intersection", "greatestDangerTo": "Car drivers", "layer": "DangerousLocations_hki", "status": "active_hazard"}, "geometry": {"type": "Point", "coordinates": [24.93881399986074, 60.172852002185515]}}, {"type": "Feature", "properties": {"submitted": true, "locationType": "A dangerous or difficult intersection", "greatestDangerTo": "Cyclists (incl. e-bikes)", "layer": "DangerousLocations_hki", "status": "active_hazard"}, "geometry": {"type": "Point", "coordinates": [25.07686300048526, 60.27514000156983]}}, {"type": "Feature", "properties": {"submitted": true, "locationType": "A dangerous or difficult intersection", "greatestDangerTo": "Persons using mobility aids (such as a wheelchair or walker)", "layer": "DangerousLocations_hki", "status": "active_hazard"}, "geometry": {"type": "Point", "coordinates": [25.079717999891834, 60.21155100385298]}}, {"type": "Feature", "properties": {"submitted": true, "locationType": "A dangerous or difficult intersection", "greatestDangerTo": "Cyclists (incl. e-bikes)", "layer": "DangerousLocations_hki", "status": "active_hazard"}, "geometry": {"type": "Point", "coordinates": [25.012869000430435, 60.189632003309654]}}, {"type": "Feature", "properties": {"submitted": true, "locationType": "A dangerous or difficult intersection", "greatestDangerTo": "Car drivers", "layer": "DangerousLocations_hki", "status": "active_hazard"}, "geometry": {"type": "Point", "coordinates": [24.850634999934414, 60.23954800042121]}}, {"type": "Feature", "properties": {"submitted": true, "locationType": "Unsafe pedestrian or tramway crossing", "greatestDangerTo": "Pedestrians", "layer": "DangerousLocations_hki", "status": "active_hazard"}, "geometry": {"type": "Point", "coordinates": [24.96085900012346, 60.196487998956044]}}, {"type": "Feature", "properties": {"submitted": true, "locationType": "Unsafe pedestrian or tramway crossing", "greatestDangerTo": "Car drivers", "layer": "DangerousLocations_hki", "status": "active_hazard"}, "geometry": {"type": "Point", "coordinates": [25.030396999120075, 60.19407499985011]}}, {"type": "Feature", "properties": {"submitted": true, "locationType": "Unsafe pedestrian or tramway crossing", "greatestDangerTo": "Cyclists (incl. e-bikes)", "layer": "DangerousLocations_hki", "status": "active_hazard"}, "geometry": {"type": "Point", "coordinates": [25.055855000343715, 60.20847000126618]}}, {"type": "Feature", "properties": {"submitted": true, "locationType": "Unclear signage", "greatestDangerTo": "Pedestrians", "layer": "DangerousLocations_hki", "status": "active_hazard"}, "geometry": {"type": "Point", "coordinates": [25.065471000018643, 60.22362600040437]}}, {"type": "Feature", "properties": {"submitted": true, "locationType": "Unsafe pedestrian or tramway crossing", "greatestDangerTo": "Pedestrians", "layer": "DangerousLocations_hki", "status": "active_hazard"}, "geometry": {"type": "Point", "coordinates": [24.845296999073845, 60.23123500122854]}}, {"type": "Feature", "properties": {"submitted": true, "locationType": "A dangerous or difficult intersection", "greatestDangerTo": "Pedestrians", "layer": "DangerousLocations_hki", "status": "active_hazard"}, "geometry": {"type": "Point", "coordinates": [24.851619000202426, 60.23893799865538]}}, {"type": "Feature", "properties": {"submitted": true, "locationType": "A dangerous or difficult intersection", "greatestDangerTo": "Car drivers", "layer": "DangerousLocations_hki", "status": "active_hazard"}, "geometry": {"type": "Point", "coordinates": [24.85070000059265, 60.23951699611231]}}, {"type": "Feature", "properties": {"submitted": true, "locationType": "A dangerous or difficult intersection", "greatestDangerTo": "Car drivers", "layer": "DangerousLocations_hki", "status": "active_hazard"}, "geometry": {"type": "Point", "coordinates": [24.848370000529552, 60.240695998833296]}}, {"type": "Feature", "properties": {"submitted": true, "locationType": "A dangerous or difficult intersection", "greatestDangerTo": "Car drivers", "layer": "DangerousLocations_hki", "status": "active_hazard"}, "geometry": {"type": "Point", "coordinates": [24.84609599965829, 60.23914800059074]}}, {"type": "Feature", "properties": {"submitted": true, "locationType": "A dangerous or difficult intersection", "greatestDangerTo": "Car drivers", "layer": "DangerousLocations_hki", "status": "active_hazard"}, "geometry": {"type": "Point", "coordinates": [24.84318500049463, 60.24197699803622]}}, {"type": "Feature", "properties": {"submitted": true, "locationType": "Some other issue", "greatestDangerTo": "Cyclists (incl. e-bikes)", "layer": "DangerousLocations_hki", "status": "active_hazard"}, "geometry": {"type": "Point", "coordinates": [25.029795000341956, 60.176550001846294]}}, {"type": "Feature", "properties": {"submitted": true, "locationType": "Some other issue", "greatestDangerTo": "Car drivers", "layer": "DangerousLocations_hki", "status": "active_hazard"}, "geometry": {"type": "Point", "coordinates": [25.022226000985686, 60.173529996928515]}}, {"type": "Feature", "properties": {"submitted": true, "locationType": "Unclear signage", "greatestDangerTo": "Pedestrians", "layer": "DangerousLocations_hki", "status": "active_hazard"}, "geometry": {"type": "Point", "coordinates": [25.02533999983253, 60.175920998141834]}}, {"type": "Feature", "properties": {"submitted": true, "locationType": "Unsafe pedestrian or tramway crossing", "greatestDangerTo": "Pedestrians", "layer": "DangerousLocations_hki", "status": "active_hazard"}, "geometry": {"type": "Point", "coordinates": [25.02203799920412, 60.173479003850275]}}, {"type": "Feature", "properties": {"submitted": true, "locationType": "A dangerous or difficult intersection", "greatestDangerTo": "Cyclists (incl. e-bikes)", "layer": "DangerousLocations_hki", "status": "active_hazard"}, "geometry": {"type": "Point", "coordinates": [24.94637599967125, 60.19986700002551]}}, {"type": "Feature", "properties": {"submitted": true, "locationType": "Some other issue", "greatestDangerTo": "Pedestrians", "layer": "DangerousLocations_hki", "status": "active_hazard"}, "geometry": {"type": "Point", "coordinates": [24.97614699889471, 60.18935700424836]}}, {"type": "Feature", "properties": {"submitted": true, "locationType": "Unsafe pedestrian or tramway crossing", "greatestDangerTo": "Pedestrians", "layer": "DangerousLocations_hki", "status": "active_hazard"}, "geometry": {"type": "Point", "coordinates": [24.92645599992223, 60.201932001465586]}}, {"type": "Feature", "properties": {"submitted": true, "locationType": "Unsafe pedestrian or tramway crossing", "greatestDangerTo": "Pedestrians", "layer": "DangerousLocations_hki", "status": "active_hazard"}, "geometry": {"type": "Point", "coordinates": [24.927649000001736, 60.165703000738745]}}, {"type": "Feature", "properties": {"submitted": true, "locationType": "Unsafe pedestrian or tramway crossing", "greatestDangerTo": "Pedestrians", "layer": "DangerousLocations_hki", "status": "active_hazard"}, "geometry": {"type": "Point", "coordinates": [24.927614000236375, 60.16539799931708]}}, {"type": "Feature", "properties": {"submitted": true, "locationType": "Unsafe pedestrian or tramway crossing", "greatestDangerTo": "Pedestrians", "layer": "DangerousLocations_hki", "status": "active_hazard"}, "geometry": {"type": "Point", "coordinates": [24.928600999588006, 60.16605299797726]}}, {"type": "Feature", "properties": {"submitted": true, "locationType": "Unsafe pedestrian or tramway crossing", "greatestDangerTo": "Pedestrians", "layer": "DangerousLocations_hki", "status": "active_hazard"}, "geometry": {"type": "Point", "coordinates": [24.929733000045438, 60.166449004379324]}}, {"type": "Feature", "properties": {"submitted": true, "locationType": "A dangerous location related to construction site arrangements", "greatestDangerTo": "Pedestrians", "layer": "DangerousLocations_hki", "status": "active_hazard"}, "geometry": {"type": "Point", "coordinates": [24.92497900058056, 60.16593299604627]}}, {"type": "Feature", "properties": {"submitted": true, "locationType": "A dangerous location related to parking", "greatestDangerTo": "Pedestrians", "layer": "DangerousLocations_hki", "status": "active_hazard"}, "geometry": {"type": "Point", "coordinates": [24.92526099953996, 60.16654100341418]}}, {"type": "Feature", "properties": {"submitted": true, "locationType": "Some other issue", "greatestDangerTo": "Cyclists (incl. e-bikes)", "layer": "DangerousLocations_hki", "status": "active_hazard"}, "geometry": {"type": "Point", "coordinates": [24.961588000013005, 60.18736699723525]}}, {"type": "Feature", "properties": {"submitted": true, "locationType": "Unsafe pedestrian or tramway crossing", "greatestDangerTo": "Cyclists (incl. e-bikes)", "layer": "DangerousLocations_hki", "status": "active_hazard"}, "geometry": {"type": "Point", "coordinates": [24.867487999205608, 60.161770000685244]}}, {"type": "Feature", "properties": {"submitted": true, "locationType": "A dangerous or difficult intersection", "greatestDangerTo": "Pedestrians", "layer": "DangerousLocations_hki", "status": "active_hazard"}, "geometry": {"type": "Point", "coordinates": [24.914764000552545, 60.15446400141066]}}, {"type": "Feature", "properties": {"submitted": true, "locationType": "A dangerous or difficult intersection", "greatestDangerTo": "Cyclists (incl. e-bikes)", "layer": "DangerousLocations_hki", "status": "active_hazard"}, "geometry": {"type": "Point", "coordinates": [24.92149099897393, 60.162446002507934]}}, {"type": "Feature", "properties": {"submitted": true, "locationType": "A dangerous or difficult intersection", "greatestDangerTo": "Pedestrians", "layer": "DangerousLocations_hki", "status": "active_hazard"}, "geometry": {"type": "Point", "coordinates": [24.920416000753754, 60.1620179974684]}}, {"type": "Feature", "properties": {"submitted": true, "locationType": "A dangerous or difficult intersection", "greatestDangerTo": "Car drivers", "layer": "DangerousLocations_hki", "status": "active_hazard"}, "geometry": {"type": "Point", "coordinates": [24.911636000291715, 60.15783400149324]}}, {"type": "Feature", "properties": {"submitted": true, "locationType": "Unsafe pedestrian or tramway crossing", "greatestDangerTo": "Pedestrians", "layer": "DangerousLocations_hki", "status": "active_hazard"}, "geometry": {"type": "Point", "coordinates": [24.927200999297035, 60.16555599880891]}}, {"type": "Feature", "properties": {"submitted": true, "locationType": "Unsafe pedestrian or tramway crossing", "greatestDangerTo": "Pedestrians", "layer": "DangerousLocations_hki", "status": "active_hazard"}, "geometry": {"type": "Point", "coordinates": [24.936481000196657, 60.172745002641435]}}, {"type": "Feature", "properties": {"submitted": true, "locationType": "Unclear signage", "greatestDangerTo": "Pedestrians", "layer": "DangerousLocations_hki", "status": "active_hazard"}, "geometry": {"type": "Point", "coordinates": [24.92849200023059, 60.16484299920481]}}, {"type": "Feature", "properties": {"submitted": true, "locationType": "Unsafe pedestrian or tramway crossing", "greatestDangerTo": "Pedestrians", "layer": "DangerousLocations_hki", "status": "active_hazard"}, "geometry": {"type": "Point", "coordinates": [24.963614999988646, 60.18806799583076]}}, {"type": "Feature", "properties": {"submitted": true, "locationType": "Unsafe pedestrian or tramway crossing", "greatestDangerTo": "Pedestrians", "layer": "DangerousLocations_hki", "status": "active_hazard"}, "geometry": {"type": "Point", "coordinates": [24.925790000921953, 60.16710999714728]}}, {"type": "Feature", "properties": {"submitted": true, "locationType": "Unsafe pedestrian or tramway crossing", "greatestDangerTo": "Pedestrians", "layer": "DangerousLocations_hki", "status": "active_hazard"}, "geometry": {"type": "Point", "coordinates": [24.927084999238367, 60.16557099818757]}}, {"type": "Feature", "properties": {"submitted": true, "locationType": "A dangerous location related to parking", "greatestDangerTo": "Pedestrians", "layer": "DangerousLocations_hki", "status": "active_hazard"}, "geometry": {"type": "Point", "coordinates": [24.925381999669934, 60.16647999720566]}}, {"type": "Feature", "properties": {"submitted": true, "locationType": "A dangerous location related to construction site arrangements", "greatestDangerTo": "Pedestrians", "layer": "DangerousLocations_hki", "status": "active_hazard"}, "geometry": {"type": "Point", "coordinates": [24.92511000020205, 60.16588400296496]}}, {"type": "Feature", "properties": {"submitted": true, "locationType": "Unsafe pedestrian or tramway crossing", "greatestDangerTo": "Pedestrians", "layer": "DangerousLocations_hki", "status": "active_hazard"}, "geometry": {"type": "Point", "coordinates": [24.924496999716265, 60.16732399881232]}}, {"type": "Feature", "properties": {"submitted": true, "locationType": "Unsafe pedestrian or tramway crossing", "greatestDangerTo": "Pedestrians", "layer": "DangerousLocations_hki", "status": "active_hazard"}, "geometry": {"type": "Point", "coordinates": [25.022053000370043, 60.17348200312105]}}, {"type": "Feature", "properties": {"submitted": true, "locationType": "Some other issue", "greatestDangerTo": "Cyclists (incl. e-bikes)", "layer": "DangerousLocations_hki", "status": "active_hazard"}, "geometry": {"type": "Point", "coordinates": [24.969913000467702, 60.188164002446385]}}, {"type": "Feature", "properties": {"submitted": true, "locationType": "Some other issue", "greatestDangerTo": "Pedestrians", "layer": "DangerousLocations_hki", "status": "active_hazard"}, "geometry": {"type": "Point", "coordinates": [24.956142000590138, 60.195102002335005]}}, {"type": "Feature", "properties": {"submitted": false, "locationType": "A dangerous or difficult intersection", "greatestDangerTo": "Cyclists (incl. e-bikes)", "layer": "DangerousLocations_hki", "status": "active_hazard"}, "geometry": {"type": "Point", "coordinates": [24.96667299941692, 60.23405499890889]}}, {"type": "Feature", "properties": {"submitted": false, "locationType": "A dangerous or difficult intersection", "greatestDangerTo": "Cyclists (incl. e-bikes)", "layer": "DangerousLocations_hki", "status": "active_hazard"}, "geometry": {"type": "Point", "coordinates": [25.016748999006854, 60.22480400424947]}}, {"type": "Feature", "properties": {"submitted": true, "locationType": "A poorly placed public transport stop", "greatestDangerTo": "Pedestrians", "layer": "DangerousLocations_hki", "status": "active_hazard"}, "geometry": {"type": "Point", "coordinates": [24.890694999810712, 60.21749800154906]}}, {"type": "Feature", "properties": {"submitted": true, "locationType": "Pedestrian traffic lights that change too fast", "greatestDangerTo": "Persons using mobility aids (such as a wheelchair or walker)", "layer": "DangerousLocations_hki", "status": "active_hazard"}, "geometry": {"type": "Point", "coordinates": [24.935960000248393, 60.19597399859774]}}, {"type": "Feature", "properties": {"submitted": true, "locationType": "Pedestrian traffic lights that change too fast", "greatestDangerTo": "Pedestrians", "layer": "DangerousLocations_hki", "status": "active_hazard"}, "geometry": {"type": "Point", "coordinates": [24.936232000331803, 60.19561500353629]}}, {"type": "Feature", "properties": {"submitted": true, "locationType": "Some other issue", "greatestDangerTo": "Persons using mobility aids (such as a wheelchair or walker)", "layer": "DangerousLocations_hki", "status": "active_hazard"}, "geometry": {"type": "Point", "coordinates": [24.94046799918927, 60.19565200351602]}}, {"type": "Feature", "properties": {"submitted": true, "locationType": "Unsafe pedestrian or tramway crossing", "greatestDangerTo": "Persons using mobility aids (such as a wheelchair or walker)", "layer": "DangerousLocations_hki", "status": "active_hazard"}, "geometry": {"type": "Point", "coordinates": [24.94401900046171, 60.193638999943445]}}, {"type": "Feature", "properties": {"submitted": true, "locationType": "Some other issue", "greatestDangerTo": "Pedestrians", "layer": "DangerousLocations_hki", "status": "active_hazard"}, "geometry": {"type": "Point", "coordinates": [24.94121000008615, 60.19414199922805]}}, {"type": "Feature", "properties": {"submitted": true, "locationType": "Unsafe pedestrian or tramway crossing", "greatestDangerTo": "Pedestrians", "layer": "DangerousLocations_hki", "status": "active_hazard"}, "geometry": {"type": "Point", "coordinates": [24.93729300043583, 60.19559499602831]}}, {"type": "Feature", "properties": {"submitted": true, "locationType": "Pedestrian traffic lights that change too fast", "greatestDangerTo": "Pedestrians", "layer": "DangerousLocations_hki", "status": "active_hazard"}, "geometry": {"type": "Point", "coordinates": [24.936216999052515, 60.19563000337377]}}, {"type": "Feature", "properties": {"submitted": true, "locationType": "Some other issue", "greatestDangerTo": "Pedestrians", "layer": "DangerousLocations_hki", "status": "active_hazard"}, "geometry": {"type": "Point", "coordinates": [24.940442999644617, 60.19571700357701]}}, {"type": "Feature", "properties": {"submitted": true, "locationType": "Unsafe pedestrian or tramway crossing", "greatestDangerTo": "Pedestrians", "layer": "DangerousLocations_hki", "status": "active_hazard"}, "geometry": {"type": "Point", "coordinates": [24.94385900103281, 60.19370799647111]}}, {"type": "Feature", "properties": {"submitted": true, "locationType": "Some other issue", "greatestDangerTo": "Pedestrians", "layer": "DangerousLocations_hki", "status": "active_hazard"}, "geometry": {"type": "Point", "coordinates": [24.941132000202536, 60.19433000114928]}}, {"type": "Feature", "properties": {"submitted": true, "locationType": "Issue regarding quality of the route or its continuity", "greatestDangerTo": "Cyclists (incl. e-bikes)", "layer": "DangerousLocations_hki", "status": "active_hazard"}, "geometry": {"type": "Point", "coordinates": [24.947350999712302, 60.16889599874267]}}, {"type": "Feature", "properties": {"submitted": true, "locationType": "Issue regarding quality of the route or its continuity", "greatestDangerTo": "Cyclists (incl. e-bikes)", "layer": "DangerousLocations_hki", "status": "active_hazard"}, "geometry": {"type": "Point", "coordinates": [24.93957199925527, 60.172946002917364]}}, {"type": "Feature", "properties": {"submitted": true, "locationType": "Unsafe pedestrian or tramway crossing", "greatestDangerTo": "Pedestrians", "layer": "DangerousLocations_hki", "status": "active_hazard"}, "geometry": {"type": "Point", "coordinates": [24.978653000632825, 60.18600799672291]}}, {"type": "Feature", "properties": {"submitted": true, "locationType": "A dangerous or difficult intersection", "greatestDangerTo": "Cyclists (incl. e-bikes)", "layer": "DangerousLocations_hki", "status": "active_hazard"}, "geometry": {"type": "Point", "coordinates": [24.97416600040246, 60.1888920038241]}}, {"type": "Feature", "properties": {"submitted": true, "locationType": "Issue regarding quality of the route or its continuity", "greatestDangerTo": "Cyclists (incl. e-bikes)", "layer": "DangerousLocations_hki", "status": "active_hazard"}, "geometry": {"type": "Point", "coordinates": [24.972913000509905, 60.18859300041283]}}, {"type": "Feature", "properties": {"submitted": true, "locationType": "Issue regarding quality of the route or its continuity", "greatestDangerTo": "Cyclists (incl. e-bikes)", "layer": "DangerousLocations_hki", "status": "active_hazard"}, "geometry": {"type": "Point", "coordinates": [24.97725399926706, 60.18680300412446]}}, {"type": "Feature", "properties": {"submitted": true, "locationType": "Issue regarding quality of the route or its continuity", "greatestDangerTo": "Cyclists (incl. e-bikes)", "layer": "DangerousLocations_hki", "status": "active_hazard"}, "geometry": {"type": "Point", "coordinates": [24.976864999765382, 60.18343699694322]}}, {"type": "Feature", "properties": {"submitted": true, "locationType": "Issue regarding quality of the route or its continuity", "greatestDangerTo": "Cyclists (incl. e-bikes)", "layer": "DangerousLocations_hki", "status": "active_hazard"}, "geometry": {"type": "Point", "coordinates": [24.982034000468676, 60.1831339999136]}}, {"type": "Feature", "properties": {"submitted": true, "locationType": "Unsafe pedestrian or tramway crossing", "greatestDangerTo": "Pedestrians", "layer": "DangerousLocations_hki", "status": "active_hazard"}, "geometry": {"type": "Point", "coordinates": [25.173724000578986, 60.25125800136168]}}, {"type": "Feature", "properties": {"submitted": true, "locationType": "Unsafe pedestrian or tramway crossing", "greatestDangerTo": "Pedestrians", "layer": "DangerousLocations_hki", "status": "active_hazard"}, "geometry": {"type": "Point", "coordinates": [25.16151499990498, 60.24902200259748]}}, {"type": "Feature", "properties": {"submitted": true, "locationType": "A dangerous or difficult intersection", "greatestDangerTo": "Cyclists (incl. e-bikes)", "layer": "DangerousLocations_hki", "status": "active_hazard"}, "geometry": {"type": "Point", "coordinates": [24.90119599960988, 60.211983998619985]}}, {"type": "Feature", "properties": {"submitted": true, "locationType": "A dangerous or difficult intersection", "greatestDangerTo": "Cyclists (incl. e-bikes)", "layer": "DangerousLocations_hki", "status": "active_hazard"}, "geometry": {"type": "Point", "coordinates": [24.975035000284954, 60.187169999540714]}}, {"type": "Feature", "properties": {"submitted": true, "locationType": "A dangerous or difficult intersection", "greatestDangerTo": "Cyclists (incl. e-bikes)", "layer": "DangerousLocations_hki", "status": "active_hazard"}, "geometry": {"type": "Point", "coordinates": [24.932744000985398, 60.19746699573725]}}, {"type": "Feature", "properties": {"submitted": true, "locationType": "A dangerous or difficult intersection", "greatestDangerTo": "Cyclists (incl. e-bikes)", "layer": "DangerousLocations_hki", "status": "active_hazard"}, "geometry": {"type": "Point", "coordinates": [25.031160999993926, 60.19297299760388]}}, {"type": "Feature", "properties": {"submitted": true, "locationType": "Unclear signage", "greatestDangerTo": "Car drivers", "layer": "DangerousLocations_hki", "status": "active_hazard"}, "geometry": {"type": "Point", "coordinates": [24.937336999578132, 60.1955889980709]}}, {"type": "Feature", "properties": {"submitted": true, "locationType": "Unclear signage", "greatestDangerTo": "Car drivers", "layer": "DangerousLocations_hki", "status": "active_hazard"}, "geometry": {"type": "Point", "coordinates": [24.94189500030125, 60.19358199606247]}}, {"type": "Feature", "properties": {"submitted": true, "locationType": "A dangerous or difficult intersection", "greatestDangerTo": "Pedestrians", "layer": "DangerousLocations_hki", "status": "active_hazard"}, "geometry": {"type": "Point", "coordinates": [24.95664399934284, 60.194511996531986]}}, {"type": "Feature", "properties": {"submitted": true, "locationType": "Unsafe pedestrian or tramway crossing", "greatestDangerTo": "Cyclists (incl. e-bikes)", "layer": "DangerousLocations_hki", "status": "active_hazard"}, "geometry": {"type": "Point", "coordinates": [25.061547999215023, 60.270007000112216]}}, {"type": "Feature", "properties": {"submitted": true, "locationType": "Unsafe pedestrian or tramway crossing", "greatestDangerTo": "Car drivers", "layer": "DangerousLocations_hki", "status": "active_hazard"}, "geometry": {"type": "Point", "coordinates": [25.042416998958277, 60.2656510029882]}}, {"type": "Feature", "properties": {"submitted": true, "locationType": "Unsafe pedestrian or tramway crossing", "greatestDangerTo": "Pedestrians", "layer": "DangerousLocations_hki", "status": "active_hazard"}, "geometry": {"type": "Point", "coordinates": [24.93364300035639, 60.19799200308723]}}, {"type": "Feature", "properties": {"submitted": true, "locationType": "Issue regarding the condition of the road or its maintenance", "greatestDangerTo": "Car drivers", "layer": "DangerousLocations_hki", "status": "active_hazard"}, "geometry": {"type": "Point", "coordinates": [24.880567999517968, 60.241271998628136]}}, {"type": "Feature", "properties": {"submitted": true, "locationType": "Some other issue", "greatestDangerTo": "Cyclists (incl. e-bikes)", "layer": "DangerousLocations_hki", "status": "active_hazard"}, "geometry": {"type": "Point", "coordinates": [24.95820800033234, 60.16862900101413]}}, {"type": "Feature", "properties": {"submitted": true, "locationType": "Unsafe pedestrian or tramway crossing", "greatestDangerTo": "Cyclists (incl. e-bikes)", "layer": "DangerousLocations_hki", "status": "active_hazard"}, "geometry": {"type": "Point", "coordinates": [24.95783000085872, 60.17923599825618]}}, {"type": "Feature", "properties": {"submitted": true, "locationType": "A dangerous or difficult intersection", "greatestDangerTo": "Pedestrians", "layer": "DangerousLocations_hki", "status": "active_hazard"}, "geometry": {"type": "Point", "coordinates": [24.95801800041543, 60.17818999785349]}}, {"type": "Feature", "properties": {"submitted": true, "locationType": "Issue regarding quality of the route or its continuity", "greatestDangerTo": "Pedestrians", "layer": "DangerousLocations_hki", "status": "active_hazard"}, "geometry": {"type": "Point", "coordinates": [24.962046000597137, 60.17421599883611]}}, {"type": "Feature", "properties": {"submitted": true, "locationType": "A dangerous or difficult intersection", "greatestDangerTo": "Pedestrians", "layer": "DangerousLocations_hki", "status": "active_hazard"}, "geometry": {"type": "Point", "coordinates": [24.941363000538765, 60.195189000531414]}}, {"type": "Feature", "properties": {"submitted": true, "locationType": "Unsafe pedestrian or tramway crossing", "greatestDangerTo": "Pedestrians", "layer": "DangerousLocations_hki", "status": "active_hazard"}, "geometry": {"type": "Point", "coordinates": [24.9322709995356, 60.19721699871967]}}, {"type": "Feature", "properties": {"submitted": true, "locationType": "A dangerous location related to parking", "greatestDangerTo": "Persons using mobility aids (such as a wheelchair or walker)", "layer": "DangerousLocations_hki", "status": "active_hazard"}, "geometry": {"type": "Point", "coordinates": [25.13576299970559, 60.20582199639659]}}, {"type": "Feature", "properties": {"submitted": true, "locationType": "Unsafe pedestrian or tramway crossing", "greatestDangerTo": "Pedestrians", "layer": "DangerousLocations_hki", "status": "active_hazard"}, "geometry": {"type": "Point", "coordinates": [24.94825400035129, 60.16096900345753]}}, {"type": "Feature", "properties": {"submitted": true, "locationType": "Unsafe pedestrian or tramway crossing", "greatestDangerTo": "Pedestrians", "layer": "DangerousLocations_hki", "status": "active_hazard"}, "geometry": {"type": "Point", "coordinates": [24.8628140003426, 60.25179099844092]}}, {"type": "Feature", "properties": {"submitted": true, "locationType": "Some other issue", "greatestDangerTo": "Pedestrians", "layer": "DangerousLocations_hki", "status": "active_hazard"}, "geometry": {"type": "Point", "coordinates": [24.861740000351485, 60.251805998710815]}}, {"type": "Feature", "properties": {"submitted": true, "locationType": "Some other issue", "greatestDangerTo": "Pedestrians", "layer": "DangerousLocations_hki", "status": "active_hazard"}, "geometry": {"type": "Point", "coordinates": [24.85904000014484, 60.251720002963616]}}, {"type": "Feature", "properties": {"submitted": true, "locationType": "Some other issue", "greatestDangerTo": "Pedestrians", "layer": "DangerousLocations_hki", "status": "active_hazard"}, "geometry": {"type": "Point", "coordinates": [24.85790399982313, 60.25142399956784]}}, {"type": "Feature", "properties": {"submitted": true, "locationType": "Some other issue", "greatestDangerTo": "Pedestrians", "layer": "DangerousLocations_hki", "status": "active_hazard"}, "geometry": {"type": "Point", "coordinates": [24.855405000873713, 60.251700996908696]}}, {"type": "Feature", "properties": {"submitted": true, "locationType": "Issue regarding quality of the route or its continuity", "greatestDangerTo": "Cyclists (incl. e-bikes)", "layer": "DangerousLocations_hki", "status": "active_hazard"}, "geometry": {"type": "Point", "coordinates": [24.85544900072933, 60.25158999738549]}}, {"type": "Feature", "properties": {"submitted": true, "locationType": "Some other issue", "greatestDangerTo": "Pedestrians", "layer": "DangerousLocations_hki", "status": "active_hazard"}, "geometry": {"type": "Point", "coordinates": [24.857451998897524, 60.251512003422704]}}, {"type": "Feature", "properties": {"submitted": false, "locationType": "A dangerous or difficult intersection", "greatestDangerTo": "Pedestrians", "layer": "DangerousLocations_hki", "status": "active_hazard"}, "geometry": {"type": "Point", "coordinates": [25.05050000032877, 60.178328002018404]}}, {"type": "Feature", "properties": {"submitted": true, "locationType": "Unsafe pedestrian or tramway crossing", "greatestDangerTo": "Pedestrians", "layer": "DangerousLocations_hki", "status": "active_hazard"}, "geometry": {"type": "Point", "coordinates": [24.84533199951171, 60.24151600166459]}}, {"type": "Feature", "properties": {"submitted": true, "locationType": "Unsafe pedestrian or tramway crossing", "greatestDangerTo": "Pedestrians", "layer": "DangerousLocations_hki", "status": "active_hazard"}, "geometry": {"type": "Point", "coordinates": [24.846745999270066, 60.235340003525394]}}, {"type": "Feature", "properties": {"submitted": true, "locationType": "A poorly placed public transport stop", "greatestDangerTo": "Pedestrians", "layer": "DangerousLocations_hki", "status": "active_hazard"}, "geometry": {"type": "Point", "coordinates": [24.846553999598484, 60.23255900192636]}}, {"type": "Feature", "properties": {"submitted": true, "locationType": "A dangerous or difficult intersection", "greatestDangerTo": "Pedestrians", "layer": "DangerousLocations_hki", "status": "active_hazard"}, "geometry": {"type": "Point", "coordinates": [24.892064999789927, 60.16144699607415]}}, {"type": "Feature", "properties": {"submitted": true, "locationType": "Unsafe pedestrian or tramway crossing", "greatestDangerTo": "Pedestrians", "layer": "DangerousLocations_hki", "status": "active_hazard"}, "geometry": {"type": "Point", "coordinates": [24.884888999571814, 60.153694997158354]}}, {"type": "Feature", "properties": {"submitted": true, "locationType": "A dangerous or difficult intersection", "greatestDangerTo": "Pedestrians", "layer": "DangerousLocations_hki", "status": "active_hazard"}, "geometry": {"type": "Point", "coordinates": [24.86164299954817, 60.15825600395559]}}, {"type": "Feature", "properties": {"submitted": true, "locationType": "Unsafe pedestrian or tramway crossing", "greatestDangerTo": "Pedestrians", "layer": "DangerousLocations_hki", "status": "active_hazard"}, "geometry": {"type": "Point", "coordinates": [24.884770000211304, 60.15444299768506]}}, {"type": "Feature", "properties": {"submitted": true, "locationType": "Unclear signage", "greatestDangerTo": "Car drivers", "layer": "DangerousLocations_hki", "status": "active_hazard"}, "geometry": {"type": "Point", "coordinates": [24.88348599921961, 60.21311000247795]}}, {"type": "Feature", "properties": {"submitted": true, "locationType": "Unsafe pedestrian or tramway crossing", "greatestDangerTo": "Cyclists (incl. e-bikes)", "layer": "DangerousLocations_hki", "status": "active_hazard"}, "geometry": {"type": "Point", "coordinates": [25.034175999289328, 60.193743999451286]}}, {"type": "Feature", "properties": {"submitted": true, "locationType": "Pedestrian traffic lights that change too fast", "greatestDangerTo": "Users of e-scooters or other light electric vehicles", "layer": "DangerousLocations_hki", "status": "active_hazard"}, "geometry": {"type": "Point", "coordinates": [25.030122000068783, 60.19397900428609]}}, {"type": "Feature", "properties": {"submitted": true, "locationType": "A dangerous or difficult intersection", "greatestDangerTo": "Pedestrians", "layer": "DangerousLocations_hki", "status": "active_hazard"}, "geometry": {"type": "Point", "coordinates": [24.880275999434797, 60.16042499608428]}}, {"type": "Feature", "properties": {"submitted": true, "locationType": "Unsafe pedestrian or tramway crossing", "greatestDangerTo": "Cyclists (incl. e-bikes)", "layer": "DangerousLocations_hki", "status": "active_hazard"}, "geometry": {"type": "Point", "coordinates": [24.909663000632346, 60.16560800259608]}}, {"type": "Feature", "properties": {"submitted": true, "locationType": "Unsafe pedestrian or tramway crossing", "greatestDangerTo": "Cyclists (incl. e-bikes)", "layer": "DangerousLocations_hki", "status": "active_hazard"}, "geometry": {"type": "Point", "coordinates": [24.911520000822783, 60.165952999322045]}}, {"type": "Feature", "properties": {"submitted": true, "locationType": "Issue regarding quality of the route or its continuity", "greatestDangerTo": "Pedestrians", "layer": "DangerousLocations_hki", "status": "active_hazard"}, "geometry": {"type": "Point", "coordinates": [24.912692999342323, 60.165965000067615]}}, {"type": "Feature", "properties": {"submitted": true, "locationType": "Unclear signage", "greatestDangerTo": "Pedestrians", "layer": "DangerousLocations_hki", "status": "active_hazard"}, "geometry": {"type": "Point", "coordinates": [24.916539000430877, 60.166687998745026]}}, {"type": "Feature", "properties": {"submitted": true, "locationType": "A dangerous or difficult intersection", "greatestDangerTo": "Cyclists (incl. e-bikes)", "layer": "DangerousLocations_hki", "status": "active_hazard"}, "geometry": {"type": "Point", "coordinates": [24.92101800099236, 60.16782599707217]}}, {"type": "Feature", "properties": {"submitted": true, "locationType": "A dangerous or difficult intersection", "greatestDangerTo": "Pedestrians", "layer": "DangerousLocations_hki", "status": "active_hazard"}, "geometry": {"type": "Point", "coordinates": [24.949809999453812, 60.17968700260528]}}, {"type": "Feature", "properties": {"submitted": true, "locationType": "Issue regarding quality of the route or its continuity", "greatestDangerTo": "Cyclists (incl. e-bikes)", "layer": "DangerousLocations_hki", "status": "active_hazard"}, "geometry": {"type": "Point", "coordinates": [24.94817700111875, 60.172212996134476]}}, {"type": "Feature", "properties": {"submitted": true, "locationType": "Some other issue", "greatestDangerTo": "Cyclists (incl. e-bikes)", "layer": "DangerousLocations_hki", "status": "active_hazard"}, "geometry": {"type": "Point", "coordinates": [24.86578700001687, 60.1982270028797]}}, {"type": "Feature", "properties": {"submitted": true, "locationType": "Issue regarding the condition of the road or its maintenance", "greatestDangerTo": "Cyclists (incl. e-bikes)", "layer": "DangerousLocations_hki", "status": "active_hazard"}, "geometry": {"type": "Point", "coordinates": [24.844345000589502, 60.18090400102281]}}, {"type": "Feature", "properties": {"submitted": true, "locationType": "Issue regarding quality of the route or its continuity", "greatestDangerTo": "Cyclists (incl. e-bikes)", "layer": "DangerousLocations_hki", "status": "active_hazard"}, "geometry": {"type": "Point", "coordinates": [24.93165099943938, 60.162482001869186]}}, {"type": "Feature", "properties": {"submitted": true, "locationType": "Issue regarding quality of the route or its continuity", "greatestDangerTo": "Cyclists (incl. e-bikes)", "layer": "DangerousLocations_hki", "status": "active_hazard"}, "geometry": {"type": "Point", "coordinates": [24.94191900090394, 60.16602299677214]}}, {"type": "Feature", "properties": {"submitted": true, "locationType": "Issue regarding quality of the route or its continuity", "greatestDangerTo": "Cyclists (incl. e-bikes)", "layer": "DangerousLocations_hki", "status": "active_hazard"}, "geometry": {"type": "Point", "coordinates": [24.93807500040006, 60.163590998551]}}, {"type": "Feature", "properties": {"submitted": true, "locationType": "Issue regarding quality of the route or its continuity", "greatestDangerTo": "Cyclists (incl. e-bikes)", "layer": "DangerousLocations_hki", "status": "active_hazard"}, "geometry": {"type": "Point", "coordinates": [24.945932000171858, 60.15822999890572]}}, {"type": "Feature", "properties": {"submitted": true, "locationType": "Some other issue", "greatestDangerTo": "Cyclists (incl. e-bikes)", "layer": "DangerousLocations_hki", "status": "active_hazard"}, "geometry": {"type": "Point", "coordinates": [24.946400000797432, 60.1619209973859]}}, {"type": "Feature", "properties": {"submitted": true, "locationType": "Issue regarding quality of the route or its continuity", "greatestDangerTo": "Cyclists (incl. e-bikes)", "layer": "DangerousLocations_hki", "status": "active_hazard"}, "geometry": {"type": "Point", "coordinates": [24.935632000179062, 60.165366998844696]}}, {"type": "Feature", "properties": {"submitted": true, "locationType": "Issue regarding quality of the route or its continuity", "greatestDangerTo": "Cyclists (incl. e-bikes)", "layer": "DangerousLocations_hki", "status": "active_hazard"}, "geometry": {"type": "Point", "coordinates": [24.940460000274484, 60.16431099617384]}}, {"type": "Feature", "properties": {"submitted": true, "locationType": "Unsafe pedestrian or tramway crossing", "greatestDangerTo": "Cyclists (incl. e-bikes)", "layer": "DangerousLocations_hki", "status": "active_hazard"}, "geometry": {"type": "Point", "coordinates": [24.92249099914403, 60.16214400329769]}}, {"type": "Feature", "properties": {"submitted": true, "locationType": "A dangerous or difficult intersection", "greatestDangerTo": "Cyclists (incl. e-bikes)", "layer": "DangerousLocations_hki", "status": "active_hazard"}, "geometry": {"type": "Point", "coordinates": [24.9226729990502, 60.16202000425602]}}, {"type": "Feature", "properties": {"submitted": true, "locationType": "Issue regarding quality of the route or its continuity", "greatestDangerTo": "Pedestrians", "layer": "DangerousLocations_hki", "status": "active_hazard"}, "geometry": {"type": "Point", "coordinates": [24.904505999801568, 60.163436003014986]}}, {"type": "Feature", "properties": {"submitted": true, "locationType": "A dangerous or difficult intersection", "greatestDangerTo": "Cyclists (incl. e-bikes)", "layer": "DangerousLocations_hki", "status": "active_hazard"}, "geometry": {"type": "Point", "coordinates": [24.93948400010457, 60.17100199810915]}}, {"type": "Feature", "properties": {"submitted": true, "locationType": "A dangerous or difficult intersection", "greatestDangerTo": "Cyclists (incl. e-bikes)", "layer": "DangerousLocations_hki", "status": "active_hazard"}, "geometry": {"type": "Point", "coordinates": [24.939571999756772, 60.17064399827043]}}, {"type": "Feature", "properties": {"submitted": true, "locationType": "A dangerous or difficult intersection", "greatestDangerTo": "Cyclists (incl. e-bikes)", "layer": "DangerousLocations_hki", "status": "active_hazard"}, "geometry": {"type": "Point", "coordinates": [25.02277699949314, 60.19151100037326]}}, {"type": "Feature", "properties": {"submitted": true, "locationType": "A dangerous or difficult intersection", "greatestDangerTo": "Cyclists (incl. e-bikes)", "layer": "DangerousLocations_hki", "status": "active_hazard"}, "geometry": {"type": "Point", "coordinates": [25.0220359999247, 60.19204299779665]}}, {"type": "Feature", "properties": {"submitted": true, "locationType": "Some other issue", "greatestDangerTo": "Cyclists (incl. e-bikes)", "layer": "DangerousLocations_hki", "status": "active_hazard"}, "geometry": {"type": "Point", "coordinates": [24.906228000778757, 60.17284200125257]}}, {"type": "Feature", "properties": {"submitted": true, "locationType": "Issue regarding quality of the route or its continuity", "greatestDangerTo": "Cyclists (incl. e-bikes)", "layer": "DangerousLocations_hki", "status": "active_hazard"}, "geometry": {"type": "Point", "coordinates": [24.95339300063397, 60.17155100159105]}}, {"type": "Feature", "properties": {"submitted": true, "locationType": "Issue regarding quality of the route or its continuity", "greatestDangerTo": "Cyclists (incl. e-bikes)", "layer": "DangerousLocations_hki", "status": "active_hazard"}, "geometry": {"type": "Point", "coordinates": [24.949159999950222, 60.17071800080215]}}, {"type": "Feature", "properties": {"submitted": true, "locationType": "A dangerous or difficult intersection", "greatestDangerTo": "Pedestrians", "layer": "DangerousLocations_hki", "status": "active_hazard"}, "geometry": {"type": "Point", "coordinates": [24.88019699992065, 60.16026700247092]}}, {"type": "Feature", "properties": {"submitted": true, "locationType": "A dangerous or difficult intersection", "greatestDangerTo": "Cyclists (incl. e-bikes)", "layer": "DangerousLocations_hki", "status": "active_hazard"}, "geometry": {"type": "Point", "coordinates": [24.889479000334685, 60.16304099790409]}}, {"type": "Feature", "properties": {"submitted": true, "locationType": "Unclear signage", "greatestDangerTo": "Cyclists (incl. e-bikes)", "layer": "DangerousLocations_hki", "status": "active_hazard"}, "geometry": {"type": "Point", "coordinates": [24.903490999322674, 60.16288100174408]}}, {"type": "Feature", "properties": {"submitted": true, "locationType": "Issue regarding quality of the route or its continuity", "greatestDangerTo": "Cyclists (incl. e-bikes)", "layer": "DangerousLocations_hki", "status": "active_hazard"}, "geometry": {"type": "Point", "coordinates": [24.903581000783966, 60.163066001672156]}}, {"type": "Feature", "properties": {"submitted": true, "locationType": "Unclear signage", "greatestDangerTo": "Cyclists (incl. e-bikes)", "layer": "DangerousLocations_hki", "status": "active_hazard"}, "geometry": {"type": "Point", "coordinates": [24.906987000405355, 60.16440299868823]}}, {"type": "Feature", "properties": {"submitted": true, "locationType": "A dangerous or difficult intersection", "greatestDangerTo": "Cyclists (incl. e-bikes)", "layer": "DangerousLocations_hki", "status": "active_hazard"}, "geometry": {"type": "Point", "coordinates": [24.90872900006505, 60.16531799852881]}}, {"type": "Feature", "properties": {"submitted": true, "locationType": "Unsafe pedestrian or tramway crossing", "greatestDangerTo": "Cyclists (incl. e-bikes)", "layer": "DangerousLocations_hki", "status": "active_hazard"}, "geometry": {"type": "Point", "coordinates": [24.92214100100495, 60.167823997140125]}}, {"type": "Feature", "properties": {"submitted": true, "locationType": "A dangerous or difficult intersection", "greatestDangerTo": "Pedestrians", "layer": "DangerousLocations_hki", "status": "active_hazard"}, "geometry": {"type": "Point", "coordinates": [24.92486699986339, 60.16876599946543]}}, {"type": "Feature", "properties": {"submitted": true, "locationType": "Unsafe pedestrian or tramway crossing", "greatestDangerTo": "Cyclists (incl. e-bikes)", "layer": "DangerousLocations_hki", "status": "active_hazard"}, "geometry": {"type": "Point", "coordinates": [24.93877999918488, 60.172858003171065]}}, {"type": "Feature", "properties": {"submitted": true, "locationType": "Issue regarding quality of the route or its continuity", "greatestDangerTo": "Cyclists (incl. e-bikes)", "layer": "DangerousLocations_hki", "status": "active_hazard"}, "geometry": {"type": "Point", "coordinates": [24.922630000620444, 60.17716900174677]}}, {"type": "Feature", "properties": {"submitted": true, "locationType": "Unsafe pedestrian or tramway crossing", "greatestDangerTo": "Pedestrians", "layer": "DangerousLocations_hki", "status": "active_hazard"}, "geometry": {"type": "Point", "coordinates": [24.978641999855856, 60.18605500154454]}}, {"type": "Feature", "properties": {"submitted": true, "locationType": "A dangerous or difficult intersection", "greatestDangerTo": "Cyclists (incl. e-bikes)", "layer": "DangerousLocations_hki", "status": "active_hazard"}, "geometry": {"type": "Point", "coordinates": [24.974663000188613, 60.18416799931631]}}, {"type": "Feature", "properties": {"submitted": true, "locationType": "Unsafe pedestrian or tramway crossing", "greatestDangerTo": "Public transport users", "layer": "DangerousLocations_hki", "status": "active_hazard"}, "geometry": {"type": "Point", "coordinates": [24.978261001123457, 60.179656995971946]}}, {"type": "Feature", "properties": {"submitted": true, "locationType": "Unsafe pedestrian or tramway crossing", "greatestDangerTo": "Cyclists (incl. e-bikes)", "layer": "DangerousLocations_hki", "status": "active_hazard"}, "geometry": {"type": "Point", "coordinates": [24.97682099953956, 60.18334400093454]}}, {"type": "Feature", "properties": {"submitted": true, "locationType": "A dangerous or difficult intersection", "greatestDangerTo": "Pedestrians", "layer": "DangerousLocations_hki", "status": "active_hazard"}, "geometry": {"type": "Point", "coordinates": [24.974179000810402, 60.1889710002169]}}, {"type": "Feature", "properties": {"submitted": true, "locationType": "A dangerous or difficult intersection", "greatestDangerTo": "Cyclists (incl. e-bikes)", "layer": "DangerousLocations_hki", "status": "active_hazard"}, "geometry": {"type": "Point", "coordinates": [24.97968600067131, 60.18287099749947]}}, {"type": "Feature", "properties": {"submitted": true, "locationType": "Unsafe pedestrian or tramway crossing", "greatestDangerTo": "Users of e-scooters or other light electric vehicles", "layer": "DangerousLocations_hki", "status": "active_hazard"}, "geometry": {"type": "Point", "coordinates": [24.94053700078359, 60.18583699680067]}}, {"type": "Feature", "properties": {"submitted": true, "locationType": "A dangerous or difficult intersection", "greatestDangerTo": "Cyclists (incl. e-bikes)", "layer": "DangerousLocations_hki", "status": "active_hazard"}, "geometry": {"type": "Point", "coordinates": [24.997129000388274, 60.24207299762915]}}, {"type": "Feature", "properties": {"submitted": false, "locationType": "Unsafe pedestrian or tramway crossing", "greatestDangerTo": "Car drivers", "layer": "DangerousLocations_hki", "status": "active_hazard"}, "geometry": {"type": "Point", "coordinates": [24.939192999941614, 60.22119799785918]}}, {"type": "Feature", "properties": {"submitted": false, "locationType": "Some other issue", "greatestDangerTo": "Pedestrians", "layer": "DangerousLocations_hki", "status": "active_hazard"}, "geometry": {"type": "Point", "coordinates": [24.933000000388617, 60.23437099776123]}}, {"type": "Feature", "properties": {"submitted": false, "locationType": "A dangerous or difficult intersection", "greatestDangerTo": "Pedestrians", "layer": "DangerousLocations_hki", "status": "active_hazard"}, "geometry": {"type": "Point", "coordinates": [24.944611999488583, 60.219107001608876]}}, {"type": "Feature", "properties": {"submitted": true, "locationType": "Some other issue", "greatestDangerTo": "Cyclists (incl. e-bikes)", "layer": "DangerousLocations_hki", "status": "active_hazard"}, "geometry": {"type": "Point", "coordinates": [24.96368899960721, 60.22145900039555]}}, {"type": "Feature", "properties": {"submitted": true, "locationType": "Some other issue", "greatestDangerTo": "Cyclists (incl. e-bikes)", "layer": "DangerousLocations_hki", "status": "active_hazard"}, "geometry": {"type": "Point", "coordinates": [24.956981999309306, 60.21790499898023]}}, {"type": "Feature", "properties": {"submitted": true, "locationType": "Unsafe pedestrian or tramway crossing", "greatestDangerTo": "Cyclists (incl. e-bikes)", "layer": "DangerousLocations_hki", "status": "active_hazard"}, "geometry": {"type": "Point", "coordinates": [24.961674000144264, 60.22086600280676]}}, {"type": "Feature", "properties": {"submitted": false, "locationType": null, "greatestDangerTo": null, "layer": "DangerousLocations_hki", "status": "active_hazard"}, "geometry": {"type": "Point", "coordinates": [24.896383999181094, 60.20052900216792]}}, {"type": "Feature", "properties": {"submitted": true, "locationType": "Some other issue", "greatestDangerTo": "Pedestrians", "layer": "DangerousLocations_hki", "status": "active_hazard"}, "geometry": {"type": "Point", "coordinates": [25.05432700069911, 60.2284109988966]}}, {"type": "Feature", "properties": {"submitted": true, "locationType": "Unsafe pedestrian or tramway crossing", "greatestDangerTo": "Pedestrians", "layer": "DangerousLocations_hki", "status": "active_hazard"}, "geometry": {"type": "Point", "coordinates": [25.139705999455387, 60.202957003276474]}}, {"type": "Feature", "properties": {"submitted": true, "locationType": "Pedestrian traffic lights that change too fast", "greatestDangerTo": "Pedestrians", "layer": "DangerousLocations_hki", "status": "active_hazard"}, "geometry": {"type": "Point", "coordinates": [24.928238999490045, 60.20331100334763]}}, {"type": "Feature", "properties": {"submitted": true, "locationType": "Some other issue", "greatestDangerTo": "Pedestrians", "layer": "DangerousLocations_hki", "status": "active_hazard"}, "geometry": {"type": "Point", "coordinates": [24.93169699994707, 60.199044997623005]}}, {"type": "Feature", "properties": {"submitted": true, "locationType": "A dangerous or difficult intersection", "greatestDangerTo": "Car drivers", "layer": "DangerousLocations_hki", "status": "active_hazard"}, "geometry": {"type": "Point", "coordinates": [24.88510700054698, 60.15526199907234]}}, {"type": "Feature", "properties": {"submitted": true, "locationType": "Unsafe pedestrian or tramway crossing", "greatestDangerTo": "Pedestrians", "layer": "DangerousLocations_hki", "status": "active_hazard"}, "geometry": {"type": "Point", "coordinates": [24.979005999259137, 60.185965003482565]}}, {"type": "Feature", "properties": {"submitted": true, "locationType": "Some other issue", "greatestDangerTo": "Pedestrians", "layer": "DangerousLocations_hki", "status": "active_hazard"}, "geometry": {"type": "Point", "coordinates": [24.981614999399095, 60.18444299931056]}}, {"type": "Feature", "properties": {"submitted": true, "locationType": "A dangerous or difficult intersection", "greatestDangerTo": "Cyclists (incl. e-bikes)", "layer": "DangerousLocations_hki", "status": "active_hazard"}, "geometry": {"type": "Point", "coordinates": [24.93183099937216, 60.197473001093734]}}, {"type": "Feature", "properties": {"submitted": true, "locationType": "A dangerous or difficult intersection", "greatestDangerTo": "Cyclists (incl. e-bikes)", "layer": "DangerousLocations_hki", "status": "active_hazard"}, "geometry": {"type": "Point", "coordinates": [24.970011001160554, 60.18824999567276]}}, {"type": "Feature", "properties": {"submitted": true, "locationType": "A dangerous or difficult intersection", "greatestDangerTo": "Pedestrians", "layer": "DangerousLocations_hki", "status": "active_hazard"}, "geometry": {"type": "Point", "coordinates": [24.97687500015659, 60.183376998204224]}}, {"type": "Feature", "properties": {"submitted": true, "locationType": "Issue regarding the condition of the road or its maintenance", "greatestDangerTo": "Car drivers", "layer": "DangerousLocations_hki", "status": "active_hazard"}, "geometry": {"type": "Point", "coordinates": [24.922815000594333, 60.220379996358005]}}, {"type": "Feature", "properties": {"submitted": true, "locationType": "A dangerous or difficult intersection", "greatestDangerTo": "Pedestrians", "layer": "DangerousLocations_hki", "status": "active_hazard"}, "geometry": {"type": "Point", "coordinates": [24.945387000655867, 60.169797003297326]}}, {"type": "Feature", "properties": {"submitted": true, "locationType": "Unclear signage", "greatestDangerTo": "Pedestrians", "layer": "DangerousLocations_hki", "status": "active_hazard"}, "geometry": {"type": "Point", "coordinates": [24.957531998908127, 60.16820100374599]}}, {"type": "Feature", "properties": {"submitted": true, "locationType": "Unclear signage", "greatestDangerTo": "Pedestrians", "layer": "DangerousLocations_hki", "status": "active_hazard"}, "geometry": {"type": "Point", "coordinates": [24.955676000861736, 60.16789299689258]}}, {"type": "Feature", "properties": {"submitted": true, "locationType": "Pedestrian traffic lights that change too fast", "greatestDangerTo": "Pedestrians", "layer": "DangerousLocations_hki", "status": "active_hazard"}, "geometry": {"type": "Point", "coordinates": [24.963981000973487, 60.1890809980742]}}, {"type": "Feature", "properties": {"submitted": true, "locationType": "A dangerous or difficult intersection", "greatestDangerTo": "Cyclists (incl. e-bikes)", "layer": "DangerousLocations_hki", "status": "active_hazard"}, "geometry": {"type": "Point", "coordinates": [24.973873999701283, 60.18896500015407]}}, {"type": "Feature", "properties": {"submitted": true, "locationType": "Some other issue", "greatestDangerTo": "Pedestrians", "layer": "DangerousLocations_hki", "status": "active_hazard"}, "geometry": {"type": "Point", "coordinates": [24.97296099919387, 60.167020000553045]}}, {"type": "Feature", "properties": {"submitted": true, "locationType": "A dangerous or difficult intersection", "greatestDangerTo": "Pedestrians", "layer": "DangerousLocations_hki", "status": "active_hazard"}, "geometry": {"type": "Point", "coordinates": [24.973389999628512, 60.167195997303224]}}, {"type": "Feature", "properties": {"submitted": true, "locationType": "Unclear signage", "greatestDangerTo": "Pedestrians", "layer": "DangerousLocations_hki", "status": "active_hazard"}, "geometry": {"type": "Point", "coordinates": [24.97275299995439, 60.16651899782852]}}, {"type": "Feature", "properties": {"submitted": true, "locationType": "A dangerous or difficult intersection", "greatestDangerTo": "Car drivers", "layer": "DangerousLocations_hki", "status": "active_hazard"}, "geometry": {"type": "Point", "coordinates": [24.974186000433285, 60.1673489973101]}}, {"type": "Feature", "properties": {"submitted": true, "locationType": "A dangerous or difficult intersection", "greatestDangerTo": "Pedestrians", "layer": "DangerousLocations_hki", "status": "active_hazard"}, "geometry": {"type": "Point", "coordinates": [24.9743479990769, 60.167386000472085]}}, {"type": "Feature", "properties": {"submitted": true, "locationType": "A dangerous or difficult intersection", "greatestDangerTo": "Cyclists (incl. e-bikes)", "layer": "DangerousLocations_hki", "status": "active_hazard"}, "geometry": {"type": "Point", "coordinates": [24.923226000269974, 60.247383996427175]}}, {"type": "Feature", "properties": {"submitted": true, "locationType": "Unsafe pedestrian or tramway crossing", "greatestDangerTo": "Pedestrians", "layer": "DangerousLocations_hki", "status": "active_hazard"}, "geometry": {"type": "Point", "coordinates": [24.944070000990433, 60.25707099701589]}}, {"type": "Feature", "properties": {"submitted": true, "locationType": "Some other issue", "greatestDangerTo": "Pedestrians", "layer": "DangerousLocations_hki", "status": "active_hazard"}, "geometry": {"type": "Point", "coordinates": [24.978912000201067, 60.18587299737178]}}, {"type": "Feature", "properties": {"submitted": true, "locationType": "Unsafe pedestrian or tramway crossing", "greatestDangerTo": "Persons using mobility aids (such as a wheelchair or walker)", "layer": "DangerousLocations_hki", "status": "active_hazard"}, "geometry": {"type": "Point", "coordinates": [24.88638400063192, 60.149797000620424]}}, {"type": "Feature", "properties": {"submitted": true, "locationType": "Some other issue", "greatestDangerTo": "Car drivers", "layer": "DangerousLocations_hki", "status": "active_hazard"}, "geometry": {"type": "Point", "coordinates": [24.98591200069159, 60.18624299740824]}}, {"type": "Feature", "properties": {"submitted": true, "locationType": "Some other issue", "greatestDangerTo": "Car drivers", "layer": "DangerousLocations_hki", "status": "active_hazard"}, "geometry": {"type": "Point", "coordinates": [25.00849699996719, 60.241477002911665]}}, {"type": "Feature", "properties": {"submitted": true, "locationType": "Unsafe pedestrian or tramway crossing", "greatestDangerTo": "Pedestrians", "layer": "DangerousLocations_hki", "status": "active_hazard"}, "geometry": {"type": "Point", "coordinates": [24.962461999232058, 60.198744001462]}}, {"type": "Feature", "properties": {"submitted": true, "locationType": "Unsafe pedestrian or tramway crossing", "greatestDangerTo": "Pedestrians", "layer": "DangerousLocations_hki", "status": "active_hazard"}, "geometry": {"type": "Point", "coordinates": [24.96274600098337, 60.195924997621084]}}, {"type": "Feature", "properties": {"submitted": true, "locationType": "Unsafe pedestrian or tramway crossing", "greatestDangerTo": "Pedestrians", "layer": "DangerousLocations_hki", "status": "active_hazard"}, "geometry": {"type": "Point", "coordinates": [24.96401299962025, 60.18979899730692]}}, {"type": "Feature", "properties": {"submitted": true, "locationType": "A dangerous or difficult intersection", "greatestDangerTo": "Pedestrians", "layer": "DangerousLocations_hki", "status": "active_hazard"}, "geometry": {"type": "Point", "coordinates": [24.94686400019677, 60.18631599888164]}}, {"type": "Feature", "properties": {"submitted": true, "locationType": "Issue regarding quality of the route or its continuity", "greatestDangerTo": "Cyclists (incl. e-bikes)", "layer": "DangerousLocations_hki", "status": "active_hazard"}, "geometry": {"type": "Point", "coordinates": [24.96217599979341, 60.210601998600296]}}, {"type": "Feature", "properties": {"submitted": true, "locationType": "A dangerous or difficult intersection", "greatestDangerTo": "Pedestrians", "layer": "DangerousLocations_hki", "status": "active_hazard"}, "geometry": {"type": "Point", "coordinates": [24.94051500005471, 60.17048299879922]}}, {"type": "Feature", "properties": {"submitted": true, "locationType": "A dangerous or difficult intersection", "greatestDangerTo": "Pedestrians", "layer": "DangerousLocations_hki", "status": "active_hazard"}, "geometry": {"type": "Point", "coordinates": [24.936871999944277, 60.170827997835175]}}, {"type": "Feature", "properties": {"submitted": true, "locationType": "Unsafe pedestrian or tramway crossing", "greatestDangerTo": "Pedestrians", "layer": "DangerousLocations_hki", "status": "active_hazard"}, "geometry": {"type": "Point", "coordinates": [24.900003999896228, 60.191358003498834]}}, {"type": "Feature", "properties": {"submitted": true, "locationType": "Pedestrian traffic lights that change too fast", "greatestDangerTo": "Pedestrians", "layer": "DangerousLocations_hki", "status": "active_hazard"}, "geometry": {"type": "Point", "coordinates": [24.91280199975165, 60.191135998446654]}}, {"type": "Feature", "properties": {"submitted": true, "locationType": "A poorly placed public transport stop", "greatestDangerTo": "Cyclists (incl. e-bikes)", "layer": "DangerousLocations_hki", "status": "active_hazard"}, "geometry": {"type": "Point", "coordinates": [24.919966999789064, 60.16348499784102]}}, {"type": "Feature", "properties": {"submitted": true, "locationType": "A dangerous or difficult intersection", "greatestDangerTo": "Pedestrians", "layer": "DangerousLocations_hki", "status": "active_hazard"}, "geometry": {"type": "Point", "coordinates": [24.94557499924277, 60.208660997772654]}}, {"type": "Feature", "properties": {"submitted": true, "locationType": "A dangerous or difficult intersection", "greatestDangerTo": "Car drivers", "layer": "DangerousLocations_hki", "status": "active_hazard"}, "geometry": {"type": "Point", "coordinates": [24.954380999941993, 60.21690000406729]}}, {"type": "Feature", "properties": {"submitted": true, "locationType": "Unsafe pedestrian or tramway crossing", "greatestDangerTo": "Cyclists (incl. e-bikes)", "layer": "DangerousLocations_hki", "status": "active_hazard"}, "geometry": {"type": "Point", "coordinates": [24.957289999704006, 60.21298400213283]}}, {"type": "Feature", "properties": {"submitted": true, "locationType": "Some other issue", "greatestDangerTo": "Cyclists (incl. e-bikes)", "layer": "DangerousLocations_hki", "status": "active_hazard"}, "geometry": {"type": "Point", "coordinates": [24.965134999360497, 60.1889949961329]}}, {"type": "Feature", "properties": {"submitted": true, "locationType": "Unsafe pedestrian or tramway crossing", "greatestDangerTo": "Pedestrians", "layer": "DangerousLocations_hki", "status": "active_hazard"}, "geometry": {"type": "Point", "coordinates": [24.978813999999474, 60.18591999589457]}}, {"type": "Feature", "properties": {"submitted": true, "locationType": "A dangerous or difficult intersection", "greatestDangerTo": "Pedestrians", "layer": "DangerousLocations_hki", "status": "active_hazard"}, "geometry": {"type": "Point", "coordinates": [24.974676000026268, 60.184096998869094]}}, {"type": "Feature", "properties": {"submitted": true, "locationType": "A dangerous or difficult intersection", "greatestDangerTo": "Cyclists (incl. e-bikes)", "layer": "DangerousLocations_hki", "status": "active_hazard"}, "geometry": {"type": "Point", "coordinates": [24.973601000173993, 60.18900299667282]}}, {"type": "Feature", "properties": {"submitted": true, "locationType": "A dangerous or difficult intersection", "greatestDangerTo": "Cyclists (incl. e-bikes)", "layer": "DangerousLocations_hki", "status": "active_hazard"}, "geometry": {"type": "Point", "coordinates": [25.01855900077249, 60.1915469978341]}}, {"type": "Feature", "properties": {"submitted": true, "locationType": "A dangerous or difficult intersection", "greatestDangerTo": "Car drivers", "layer": "DangerousLocations_hki", "status": "active_hazard"}, "geometry": {"type": "Point", "coordinates": [24.87801000003876, 60.2367719987589]}}, {"type": "Feature", "properties": {"submitted": true, "locationType": "Unsafe pedestrian or tramway crossing", "greatestDangerTo": "Car drivers", "layer": "DangerousLocations_hki", "status": "active_hazard"}, "geometry": {"type": "Point", "coordinates": [24.8779689997449, 60.23672699856522]}}, {"type": "Feature", "properties": {"submitted": true, "locationType": "Unsafe pedestrian or tramway crossing", "greatestDangerTo": "Pedestrians", "layer": "DangerousLocations_hki", "status": "active_hazard"}, "geometry": {"type": "Point", "coordinates": [25.140041000872362, 60.20311199716827]}}, {"type": "Feature", "properties": {"submitted": false, "locationType": "A dangerous or difficult intersection", "greatestDangerTo": "Pedestrians", "layer": "DangerousLocations_hki", "status": "active_hazard"}, "geometry": {"type": "Point", "coordinates": [24.941117999118973, 60.158128003433866]}}, {"type": "Feature", "properties": {"submitted": true, "locationType": "Unsafe pedestrian or tramway crossing", "greatestDangerTo": "Pedestrians", "layer": "DangerousLocations_hki", "status": "active_hazard"}, "geometry": {"type": "Point", "coordinates": [24.948877999199542, 60.158947003630104]}}, {"type": "Feature", "properties": {"submitted": true, "locationType": "Some other issue", "greatestDangerTo": "Car drivers", "layer": "DangerousLocations_hki", "status": "active_hazard"}, "geometry": {"type": "Point", "coordinates": [24.873472999646697, 60.2274840030619]}}, {"type": "Feature", "properties": {"submitted": true, "locationType": "A dangerous or difficult intersection", "greatestDangerTo": "Pedestrians", "layer": "DangerousLocations_hki", "status": "active_hazard"}, "geometry": {"type": "Point", "coordinates": [25.036118999767144, 60.19311100152833]}}, {"type": "Feature", "properties": {"submitted": true, "locationType": "Unsafe pedestrian or tramway crossing", "greatestDangerTo": "Pedestrians", "layer": "DangerousLocations_hki", "status": "active_hazard"}, "geometry": {"type": "Point", "coordinates": [25.050917000379613, 60.17819800075976]}}, {"type": "Feature", "properties": {"submitted": true, "locationType": "Issue regarding the condition of the road or its maintenance", "greatestDangerTo": "Cyclists (incl. e-bikes)", "layer": "DangerousLocations_hki", "status": "active_hazard"}, "geometry": {"type": "Point", "coordinates": [24.939364000371125, 60.181820002402446]}}, {"type": "Feature", "properties": {"submitted": true, "locationType": "A dangerous or difficult intersection", "greatestDangerTo": "Cyclists (incl. e-bikes)", "layer": "DangerousLocations_hki", "status": "active_hazard"}, "geometry": {"type": "Point", "coordinates": [24.939652000293204, 60.18198900238726]}}, {"type": "Feature", "properties": {"submitted": true, "locationType": "Unsafe pedestrian or tramway crossing", "greatestDangerTo": "Pedestrians", "layer": "DangerousLocations_hki", "status": "active_hazard"}, "geometry": {"type": "Point", "coordinates": [24.933647001129724, 60.2193629958626]}}, {"type": "Feature", "properties": {"submitted": true, "locationType": "A dangerous or difficult intersection", "greatestDangerTo": "Pedestrians", "layer": "DangerousLocations_hki", "status": "active_hazard"}, "geometry": {"type": "Point", "coordinates": [24.879941999522522, 60.15966400103659]}}, {"type": "Feature", "properties": {"submitted": true, "locationType": "A dangerous or difficult intersection", "greatestDangerTo": "Car drivers", "layer": "DangerousLocations_hki", "status": "active_hazard"}, "geometry": {"type": "Point", "coordinates": [24.9346660000921, 60.168524998447154]}}, {"type": "Feature", "properties": {"submitted": true, "locationType": "Unsafe pedestrian or tramway crossing", "greatestDangerTo": "Pedestrians", "layer": "DangerousLocations_hki", "status": "active_hazard"}, "geometry": {"type": "Point", "coordinates": [25.0391459998682, 60.276744003493576]}}, {"type": "Feature", "properties": {"submitted": true, "locationType": "Some other issue", "greatestDangerTo": "Car drivers", "layer": "DangerousLocations_hki", "status": "active_hazard"}, "geometry": {"type": "Point", "coordinates": [24.909439000539876, 60.15469400362843]}}, {"type": "Feature", "properties": {"submitted": true, "locationType": "Unsafe pedestrian or tramway crossing", "greatestDangerTo": "Pedestrians", "layer": "DangerousLocations_hki", "status": "active_hazard"}, "geometry": {"type": "Point", "coordinates": [24.94616300019231, 60.188875998187676]}}, {"type": "Feature", "properties": {"submitted": true, "locationType": "Issue regarding quality of the route or its continuity", "greatestDangerTo": "Cyclists (incl. e-bikes)", "layer": "DangerousLocations_hki", "status": "active_hazard"}, "geometry": {"type": "Point", "coordinates": [24.939484000008193, 60.18166900436459]}}, {"type": "Feature", "properties": {"submitted": true, "locationType": "Some other issue", "greatestDangerTo": "Pedestrians", "layer": "DangerousLocations_hki", "status": "active_hazard"}, "geometry": {"type": "Point", "coordinates": [25.136322000032393, 60.20413600038075]}}, {"type": "Feature", "properties": {"submitted": true, "locationType": "A dangerous or difficult intersection", "greatestDangerTo": "Car drivers", "layer": "DangerousLocations_hki", "status": "active_hazard"}, "geometry": {"type": "Point", "coordinates": [25.087579000310686, 60.212320999998994]}}, {"type": "Feature", "properties": {"submitted": true, "locationType": "Unsafe pedestrian or tramway crossing", "greatestDangerTo": "Pedestrians", "layer": "DangerousLocations_hki", "status": "active_hazard"}, "geometry": {"type": "Point", "coordinates": [24.975585000406642, 60.19031399675467]}}, {"type": "Feature", "properties": {"submitted": true, "locationType": "Unsafe pedestrian or tramway crossing", "greatestDangerTo": "Pedestrians", "layer": "DangerousLocations_hki", "status": "active_hazard"}, "geometry": {"type": "Point", "coordinates": [24.974123998877758, 60.188947004405726]}}, {"type": "Feature", "properties": {"submitted": true, "locationType": "Unsafe pedestrian or tramway crossing", "greatestDangerTo": "Car drivers", "layer": "DangerousLocations_hki", "status": "active_hazard"}, "geometry": {"type": "Point", "coordinates": [24.93739399994807, 60.195533002329974]}}, {"type": "Feature", "properties": {"submitted": false, "locationType": "A dangerous or difficult intersection", "greatestDangerTo": null, "layer": "DangerousLocations_hki", "status": "active_hazard"}, "geometry": {"type": "Point", "coordinates": [24.879983999089998, 60.16021500036937]}}, {"type": "Feature", "properties": {"submitted": true, "locationType": "Issue regarding quality of the route or its continuity", "greatestDangerTo": "Cyclists (incl. e-bikes)", "layer": "DangerousLocations_hki", "status": "active_hazard"}, "geometry": {"type": "Point", "coordinates": [25.172522000516036, 60.25104200214945]}}, {"type": "Feature", "properties": {"submitted": true, "locationType": "A dangerous or difficult intersection", "greatestDangerTo": "Pedestrians", "layer": "DangerousLocations_hki", "status": "active_hazard"}, "geometry": {"type": "Point", "coordinates": [25.175130999417668, 60.251359001309176]}}, {"type": "Feature", "properties": {"submitted": true, "locationType": "Issue regarding quality of the route or its continuity", "greatestDangerTo": "Cyclists (incl. e-bikes)", "layer": "DangerousLocations_hki", "status": "active_hazard"}, "geometry": {"type": "Point", "coordinates": [25.08297299954766, 60.25768099807609]}}, {"type": "Feature", "properties": {"submitted": true, "locationType": "Issue regarding quality of the route or its continuity", "greatestDangerTo": "Pedestrians", "layer": "DangerousLocations_hki", "status": "active_hazard"}, "geometry": {"type": "Point", "coordinates": [25.029601001091198, 60.26887799589067]}}, {"type": "Feature", "properties": {"submitted": true, "locationType": "Some other issue", "greatestDangerTo": "Pedestrians", "layer": "DangerousLocations_hki", "status": "active_hazard"}, "geometry": {"type": "Point", "coordinates": [25.08958399920481, 60.21333699991476]}}, {"type": "Feature", "properties": {"submitted": true, "locationType": "Unsafe pedestrian or tramway crossing", "greatestDangerTo": "Cyclists (incl. e-bikes)", "layer": "DangerousLocations_hki", "status": "active_hazard"}, "geometry": {"type": "Point", "coordinates": [25.086402000399136, 60.21081600175365]}}, {"type": "Feature", "properties": {"submitted": true, "locationType": "A dangerous location related to construction site arrangements", "greatestDangerTo": "Pedestrians", "layer": "DangerousLocations_hki", "status": "active_hazard"}, "geometry": {"type": "Point", "coordinates": [25.049106999191217, 60.17529000093985]}}, {"type": "Feature", "properties": {"submitted": true, "locationType": "Unsafe pedestrian or tramway crossing", "greatestDangerTo": "Pedestrians", "layer": "DangerousLocations_hki", "status": "active_hazard"}, "geometry": {"type": "Point", "coordinates": [25.042450999638838, 60.26567899687469]}}, {"type": "Feature", "properties": {"submitted": true, "locationType": "A dangerous or difficult intersection", "greatestDangerTo": "Cyclists (incl. e-bikes)", "layer": "DangerousLocations_hki", "status": "active_hazard"}, "geometry": {"type": "Point", "coordinates": [25.035529999890816, 60.24411100383804]}}, {"type": "Feature", "properties": {"submitted": true, "locationType": "Unsafe pedestrian or tramway crossing", "greatestDangerTo": "Cyclists (incl. e-bikes)", "layer": "DangerousLocations_hki", "status": "active_hazard"}, "geometry": {"type": "Point", "coordinates": [25.044612999482567, 60.19259699728402]}}, {"type": "Feature", "properties": {"submitted": true, "locationType": "Unsafe pedestrian or tramway crossing", "greatestDangerTo": "Cyclists (incl. e-bikes)", "layer": "DangerousLocations_hki", "status": "active_hazard"}, "geometry": {"type": "Point", "coordinates": [24.974867000696122, 60.18723399727517]}}, {"type": "Feature", "properties": {"submitted": true, "locationType": "Unsafe pedestrian or tramway crossing", "greatestDangerTo": "Cyclists (incl. e-bikes)", "layer": "DangerousLocations_hki", "status": "active_hazard"}, "geometry": {"type": "Point", "coordinates": [24.966321000358803, 60.18874899623804]}}, {"type": "Feature", "properties": {"submitted": true, "locationType": "A dangerous or difficult intersection", "greatestDangerTo": "Cyclists (incl. e-bikes)", "layer": "DangerousLocations_hki", "status": "active_hazard"}, "geometry": {"type": "Point", "coordinates": [24.922519001018618, 60.16211599636557]}}, {"type": "Feature", "properties": {"submitted": true, "locationType": "Unsafe pedestrian or tramway crossing", "greatestDangerTo": "Pedestrians", "layer": "DangerousLocations_hki", "status": "active_hazard"}, "geometry": {"type": "Point", "coordinates": [24.94477699913978, 60.19095400392182]}}, {"type": "Feature", "properties": {"submitted": true, "locationType": "Some other issue", "greatestDangerTo": "Pedestrians", "layer": "DangerousLocations_hki", "status": "active_hazard"}, "geometry": {"type": "Point", "coordinates": [24.953377000580936, 60.18094800335605]}}, {"type": "Feature", "properties": {"submitted": true, "locationType": "Unsafe pedestrian or tramway crossing", "greatestDangerTo": "Pedestrians", "layer": "DangerousLocations_hki", "status": "active_hazard"}, "geometry": {"type": "Point", "coordinates": [24.95469999939603, 60.18143999572491]}}, {"type": "Feature", "properties": {"submitted": true, "locationType": "Pedestrian traffic lights that change too fast", "greatestDangerTo": "Persons using mobility aids (such as a wheelchair or walker)", "layer": "DangerousLocations_hki", "status": "active_hazard"}, "geometry": {"type": "Point", "coordinates": [24.94904999997242, 60.19052699857687]}}, {"type": "Feature", "properties": {"submitted": true, "locationType": "Some other issue", "greatestDangerTo": "Pedestrians", "layer": "DangerousLocations_hki", "status": "active_hazard"}, "geometry": {"type": "Point", "coordinates": [25.081260999409597, 60.21269399748012]}}, {"type": "Feature", "properties": {"submitted": true, "locationType": "Pedestrian traffic lights that change too fast", "greatestDangerTo": "Pedestrians", "layer": "DangerousLocations_hki", "status": "active_hazard"}, "geometry": {"type": "Point", "coordinates": [24.950121999452662, 60.175709998503336]}}, {"type": "Feature", "properties": {"submitted": true, "locationType": "Some other issue", "greatestDangerTo": "Pedestrians", "layer": "DangerousLocations_hki", "status": "active_hazard"}, "geometry": {"type": "Point", "coordinates": [24.92266699938313, 60.17370499799067]}}, {"type": "Feature", "properties": {"submitted": true, "locationType": "Unsafe pedestrian or tramway crossing", "greatestDangerTo": "Pedestrians", "layer": "DangerousLocations_hki", "status": "active_hazard"}, "geometry": {"type": "Point", "coordinates": [24.921885000130047, 60.17157399670557]}}, {"type": "Feature", "properties": {"submitted": true, "locationType": "Unsafe pedestrian or tramway crossing", "greatestDangerTo": "Pedestrians", "layer": "DangerousLocations_hki", "status": "active_hazard"}, "geometry": {"type": "Point", "coordinates": [24.924032000253856, 60.18388099569528]}}, {"type": "Feature", "properties": {"submitted": true, "locationType": "Unsafe pedestrian or tramway crossing", "greatestDangerTo": "Pedestrians", "layer": "DangerousLocations_hki", "status": "active_hazard"}, "geometry": {"type": "Point", "coordinates": [24.92194999922254, 60.17546499847583]}}, {"type": "Feature", "properties": {"submitted": true, "locationType": "Unsafe pedestrian or tramway crossing", "greatestDangerTo": "Pedestrians", "layer": "DangerousLocations_hki", "status": "active_hazard"}, "geometry": {"type": "Point", "coordinates": [24.921728000010656, 60.17514199994366]}}, {"type": "Feature", "properties": {"submitted": true, "locationType": "A dangerous or difficult intersection", "greatestDangerTo": "Cyclists (incl. e-bikes)", "layer": "DangerousLocations_hki", "status": "active_hazard"}, "geometry": {"type": "Point", "coordinates": [24.92785700076003, 60.173418995961505]}}, {"type": "Feature", "properties": {"submitted": true, "locationType": "Some other issue", "greatestDangerTo": "Pedestrians", "layer": "DangerousLocations_hki", "status": "active_hazard"}, "geometry": {"type": "Point", "coordinates": [25.00187399988543, 60.22848000072905]}}, {"type": "Feature", "properties": {"submitted": true, "locationType": "A dangerous or difficult intersection", "greatestDangerTo": "Cyclists (incl. e-bikes)", "layer": "DangerousLocations_hki", "status": "active_hazard"}, "geometry": {"type": "Point", "coordinates": [24.924889000908916, 60.16876199675567]}}, {"type": "Feature", "properties": {"submitted": true, "locationType": "A dangerous or difficult intersection", "greatestDangerTo": "Cyclists (incl. e-bikes)", "layer": "DangerousLocations_hki", "status": "active_hazard"}, "geometry": {"type": "Point", "coordinates": [24.90044699918877, 60.19146200020602]}}, {"type": "Feature", "properties": {"submitted": true, "locationType": "A dangerous location related to construction site arrangements", "greatestDangerTo": "Cyclists (incl. e-bikes)", "layer": "DangerousLocations_hki", "status": "active_hazard"}, "geometry": {"type": "Point", "coordinates": [24.89248200067673, 60.194470002854864]}}, {"type": "Feature", "properties": {"submitted": true, "locationType": "Some other issue", "greatestDangerTo": "Cyclists (incl. e-bikes)", "layer": "DangerousLocations_hki", "status": "active_hazard"}, "geometry": {"type": "Point", "coordinates": [24.94604699965534, 60.19947299581441]}}, {"type": "Feature", "properties": {"submitted": true, "locationType": "Some other issue", "greatestDangerTo": "Cyclists (incl. e-bikes)", "layer": "DangerousLocations_hki", "status": "active_hazard"}, "geometry": {"type": "Point", "coordinates": [24.94124400008077, 60.1704989985245]}}, {"type": "Feature", "properties": {"submitted": true, "locationType": "Some other issue", "greatestDangerTo": "Cyclists (incl. e-bikes)", "layer": "DangerousLocations_hki", "status": "active_hazard"}, "geometry": {"type": "Point", "coordinates": [24.934639000767, 60.168530999688834]}}, {"type": "Feature", "properties": {"submitted": true, "locationType": "A dangerous or difficult intersection", "greatestDangerTo": "Cyclists (incl. e-bikes)", "layer": "DangerousLocations_hki", "status": "active_hazard"}, "geometry": {"type": "Point", "coordinates": [24.91433200063588, 60.16606600102292]}}, {"type": "Feature", "properties": {"submitted": true, "locationType": "Unsafe pedestrian or tramway crossing", "greatestDangerTo": "Cyclists (incl. e-bikes)", "layer": "DangerousLocations_hki", "status": "active_hazard"}, "geometry": {"type": "Point", "coordinates": [24.938824000477787, 60.17286899892714]}}, {"type": "Feature", "properties": {"submitted": false, "locationType": "Some other issue", "greatestDangerTo": "Persons using mobility aids (such as a wheelchair or walker)", "layer": "DangerousLocations_hki", "status": "active_hazard"}, "geometry": {"type": "Point", "coordinates": [25.050413999773827, 60.18099399769561]}}, {"type": "Feature", "properties": {"submitted": true, "locationType": "Unclear signage", "greatestDangerTo": "Car drivers", "layer": "DangerousLocations_hki", "status": "active_hazard"}, "geometry": {"type": "Point", "coordinates": [25.0068530006316, 60.18609799618044]}}, {"type": "Feature", "properties": {"submitted": true, "locationType": "Some other issue", "greatestDangerTo": "Users of e-scooters or other light electric vehicles", "layer": "DangerousLocations_hki", "status": "active_hazard"}, "geometry": {"type": "Point", "coordinates": [24.894839000316484, 60.15732800126965]}}, {"type": "Feature", "properties": {"submitted": true, "locationType": "Unclear signage", "greatestDangerTo": "Pedestrians", "layer": "DangerousLocations_hki", "status": "active_hazard"}, "geometry": {"type": "Point", "coordinates": [24.960226000227152, 60.191725995578444]}}, {"type": "Feature", "properties": {"submitted": true, "locationType": "A dangerous or difficult intersection", "greatestDangerTo": "Car drivers", "layer": "DangerousLocations_hki", "status": "active_hazard"}, "geometry": {"type": "Point", "coordinates": [24.979663000354524, 60.18288400287716]}}, {"type": "Feature", "properties": {"submitted": true, "locationType": "Unsafe pedestrian or tramway crossing", "greatestDangerTo": "Pedestrians", "layer": "DangerousLocations_hki", "status": "active_hazard"}, "geometry": {"type": "Point", "coordinates": [24.97573500010044, 60.19052600439479]}}, {"type": "Feature", "properties": {"submitted": true, "locationType": "Unsafe pedestrian or tramway crossing", "greatestDangerTo": "Pedestrians", "layer": "DangerousLocations_hki", "status": "active_hazard"}, "geometry": {"type": "Point", "coordinates": [25.05774000113276, 60.26522599553175]}}, {"type": "Feature", "properties": {"submitted": true, "locationType": "Unsafe pedestrian or tramway crossing", "greatestDangerTo": "Pedestrians", "layer": "DangerousLocations_hki", "status": "active_hazard"}, "geometry": {"type": "Point", "coordinates": [24.979071999735755, 60.18589599644412]}}, {"type": "Feature", "properties": {"submitted": true, "locationType": "Unsafe pedestrian or tramway crossing", "greatestDangerTo": "Cyclists (incl. e-bikes)", "layer": "DangerousLocations_hki", "status": "active_hazard"}, "geometry": {"type": "Point", "coordinates": [24.88523499933476, 60.160417003210085]}}, {"type": "Feature", "properties": {"submitted": true, "locationType": "Some other issue", "greatestDangerTo": "Pedestrians", "layer": "DangerousLocations_hki", "status": "active_hazard"}, "geometry": {"type": "Point", "coordinates": [24.88479699975616, 60.1603389974119]}}, {"type": "Feature", "properties": {"submitted": true, "locationType": "Unsafe pedestrian or tramway crossing", "greatestDangerTo": "Pedestrians", "layer": "DangerousLocations_hki", "status": "active_hazard"}, "geometry": {"type": "Point", "coordinates": [24.885753999456874, 60.1573099970868]}}, {"type": "Feature", "properties": {"submitted": true, "locationType": "Unsafe pedestrian or tramway crossing", "greatestDangerTo": "Pedestrians", "layer": "DangerousLocations_hki", "status": "active_hazard"}, "geometry": {"type": "Point", "coordinates": [24.88562699908847, 60.15916700186898]}}, {"type": "Feature", "properties": {"submitted": true, "locationType": "Unsafe pedestrian or tramway crossing", "greatestDangerTo": "Pedestrians", "layer": "DangerousLocations_hki", "status": "active_hazard"}, "geometry": {"type": "Point", "coordinates": [24.8849769998287, 60.153726995578616]}}, {"type": "Feature", "properties": {"submitted": true, "locationType": "Issue regarding quality of the route or its continuity", "greatestDangerTo": "Pedestrians", "layer": "DangerousLocations_hki", "status": "active_hazard"}, "geometry": {"type": "Point", "coordinates": [24.97950400038203, 60.24065699936615]}}, {"type": "Feature", "properties": {"submitted": true, "locationType": "A dangerous location related to construction site arrangements", "greatestDangerTo": "Cyclists (incl. e-bikes)", "layer": "DangerousLocations_hki", "status": "active_hazard"}, "geometry": {"type": "Point", "coordinates": [24.89836999903928, 60.192147003606976]}}, {"type": "Feature", "properties": {"submitted": true, "locationType": "A dangerous location related to construction site arrangements", "greatestDangerTo": "Cyclists (incl. e-bikes)", "layer": "DangerousLocations_hki", "status": "active_hazard"}, "geometry": {"type": "Point", "coordinates": [24.917011999357825, 60.189798002825086]}}, {"type": "Feature", "properties": {"submitted": true, "locationType": "Some other issue", "greatestDangerTo": "Car drivers", "layer": "DangerousLocations_hki", "status": "active_hazard"}, "geometry": {"type": "Point", "coordinates": [25.059401000242882, 60.211340999168165]}}, {"type": "Feature", "properties": {"submitted": true, "locationType": "Unsafe pedestrian or tramway crossing", "greatestDangerTo": "Pedestrians", "layer": "DangerousLocations_hki", "status": "active_hazard"}, "geometry": {"type": "Point", "coordinates": [24.9722929993326, 60.227033003982186]}}, {"type": "Feature", "properties": {"submitted": true, "locationType": "Unsafe pedestrian or tramway crossing", "greatestDangerTo": "Pedestrians", "layer": "DangerousLocations_hki", "status": "active_hazard"}, "geometry": {"type": "Point", "coordinates": [24.972379000301466, 60.22835999643858]}}, {"type": "Feature", "properties": {"submitted": true, "locationType": "Unsafe pedestrian or tramway crossing", "greatestDangerTo": "Pedestrians", "layer": "DangerousLocations_hki", "status": "active_hazard"}, "geometry": {"type": "Point", "coordinates": [24.974260999391745, 60.22592099984489]}}, {"type": "Feature", "properties": {"submitted": true, "locationType": "Unsafe pedestrian or tramway crossing", "greatestDangerTo": "Pedestrians", "layer": "DangerousLocations_hki", "status": "active_hazard"}, "geometry": {"type": "Point", "coordinates": [24.974493000152016, 60.22749599761833]}}, {"type": "Feature", "properties": {"submitted": true, "locationType": "Unsafe pedestrian or tramway crossing", "greatestDangerTo": "Pedestrians", "layer": "DangerousLocations_hki", "status": "active_hazard"}, "geometry": {"type": "Point", "coordinates": [24.974316999669814, 60.22791600247152]}}, {"type": "Feature", "properties": {"submitted": true, "locationType": "Some other issue", "greatestDangerTo": "Car drivers", "layer": "DangerousLocations_hki", "status": "active_hazard"}, "geometry": {"type": "Point", "coordinates": [24.979699000830745, 60.182885997730864]}}, {"type": "Feature", "properties": {"submitted": true, "locationType": "A dangerous or difficult intersection", "greatestDangerTo": "Pedestrians", "layer": "DangerousLocations_hki", "status": "active_hazard"}, "geometry": {"type": "Point", "coordinates": [24.934804000074852, 60.1982299987825]}}, {"type": "Feature", "properties": {"submitted": true, "locationType": "Unsafe pedestrian or tramway crossing", "greatestDangerTo": "Pedestrians", "layer": "DangerousLocations_hki", "status": "active_hazard"}, "geometry": {"type": "Point", "coordinates": [24.965878999701225, 60.203793003887036]}}, {"type": "Feature", "properties": {"submitted": true, "locationType": "Issue regarding quality of the route or its continuity", "greatestDangerTo": "Pedestrians", "layer": "DangerousLocations_hki", "status": "active_hazard"}, "geometry": {"type": "Point", "coordinates": [24.97056200077943, 60.18885400177767]}}, {"type": "Feature", "properties": {"submitted": true, "locationType": "Unsafe pedestrian or tramway crossing", "greatestDangerTo": "Pedestrians", "layer": "DangerousLocations_hki", "status": "active_hazard"}, "geometry": {"type": "Point", "coordinates": [25.018981999428334, 60.24988700445188]}}, {"type": "Feature", "properties": {"submitted": true, "locationType": "A dangerous or difficult intersection", "greatestDangerTo": "Cyclists (incl. e-bikes)", "layer": "DangerousLocations_hki", "status": "active_hazard"}, "geometry": {"type": "Point", "coordinates": [25.01455000022465, 60.252660004251375]}}, {"type": "Feature", "properties": {"submitted": true, "locationType": "Unsafe pedestrian or tramway crossing", "greatestDangerTo": "Cyclists (incl. e-bikes)", "layer": "DangerousLocations_hki", "status": "active_hazard"}, "geometry": {"type": "Point", "coordinates": [25.00614200094797, 60.25223299687291]}}, {"type": "Feature", "properties": {"submitted": true, "locationType": "Issue regarding quality of the route or its continuity", "greatestDangerTo": "Cyclists (incl. e-bikes)", "layer": "DangerousLocations_hki", "status": "active_hazard"}, "geometry": {"type": "Point", "coordinates": [24.951481999363555, 60.19700900230281]}}, {"type": "Feature", "properties": {"submitted": true, "locationType": "Unsafe pedestrian or tramway crossing", "greatestDangerTo": "Pedestrians", "layer": "DangerousLocations_hki", "status": "active_hazard"}, "geometry": {"type": "Point", "coordinates": [24.95981200031937, 60.195957004482615]}}, {"type": "Feature", "properties": {"submitted": true, "locationType": "A dangerous or difficult intersection", "greatestDangerTo": "Pedestrians", "layer": "DangerousLocations_hki", "status": "active_hazard"}, "geometry": {"type": "Point", "coordinates": [24.875976000127608, 60.154771001837304]}}, {"type": "Feature", "properties": {"submitted": true, "locationType": "Unsafe pedestrian or tramway crossing", "greatestDangerTo": "Pedestrians", "layer": "DangerousLocations_hki", "status": "active_hazard"}, "geometry": {"type": "Point", "coordinates": [24.880828000641998, 60.154544997391795]}}, {"type": "Feature", "properties": {"submitted": true, "locationType": "Unsafe pedestrian or tramway crossing", "greatestDangerTo": "Pedestrians", "layer": "DangerousLocations_hki", "status": "active_hazard"}, "geometry": {"type": "Point", "coordinates": [24.867469999326314, 60.16358400358696]}}, {"type": "Feature", "properties": {"submitted": true, "locationType": "Unsafe pedestrian or tramway crossing", "greatestDangerTo": "Pedestrians", "layer": "DangerousLocations_hki", "status": "active_hazard"}, "geometry": {"type": "Point", "coordinates": [24.966459999611644, 60.192528001759754]}}, {"type": "Feature", "properties": {"submitted": true, "locationType": "Unsafe pedestrian or tramway crossing", "greatestDangerTo": "Pedestrians", "layer": "DangerousLocations_hki", "status": "active_hazard"}, "geometry": {"type": "Point", "coordinates": [24.88550899933454, 60.15227899993187]}}, {"type": "Feature", "properties": {"submitted": true, "locationType": "Some other issue", "greatestDangerTo": "Pedestrians", "layer": "DangerousLocations_hki", "status": "active_hazard"}, "geometry": {"type": "Point", "coordinates": [24.890305999872314, 60.21613999778099]}}, {"type": "Feature", "properties": {"submitted": true, "locationType": "Issue regarding the condition of the road or its maintenance", "greatestDangerTo": "Persons using mobility aids (such as a wheelchair or walker)", "layer": "DangerousLocations_hki", "status": "active_hazard"}, "geometry": {"type": "Point", "coordinates": [24.89609800083558, 60.21598399659834]}}, {"type": "Feature", "properties": {"submitted": true, "locationType": "Unsafe pedestrian or tramway crossing", "greatestDangerTo": "Pedestrians", "layer": "DangerousLocations_hki", "status": "active_hazard"}, "geometry": {"type": "Point", "coordinates": [24.892160000049117, 60.21586300131752]}}, {"type": "Feature", "properties": {"submitted": true, "locationType": "Unsafe pedestrian or tramway crossing", "greatestDangerTo": "Cyclists (incl. e-bikes)", "layer": "DangerousLocations_hki", "status": "active_hazard"}, "geometry": {"type": "Point", "coordinates": [24.890827000948864, 60.217449999011826]}}, {"type": "Feature", "properties": {"submitted": false, "locationType": "Some other issue", "greatestDangerTo": "Pedestrians", "layer": "DangerousLocations_hki", "status": "active_hazard"}, "geometry": {"type": "Point", "coordinates": [24.955013999668616, 60.21714100393545]}}, {"type": "Feature", "properties": {"submitted": false, "locationType": "Some other issue", "greatestDangerTo": "Cyclists (incl. e-bikes)", "layer": "DangerousLocations_hki", "status": "active_hazard"}, "geometry": {"type": "Point", "coordinates": [24.960927000043444, 60.220123003959344]}}, {"type": "Feature", "properties": {"submitted": false, "locationType": "Some other issue", "greatestDangerTo": "Car drivers", "layer": "DangerousLocations_hki", "status": "active_hazard"}, "geometry": {"type": "Point", "coordinates": [24.929343999768943, 60.20698600252255]}}, {"type": "Feature", "properties": {"submitted": false, "locationType": "A dangerous or difficult intersection", "greatestDangerTo": "Users of e-scooters or other light electric vehicles", "layer": "DangerousLocations_hki", "status": "active_hazard"}, "geometry": {"type": "Point", "coordinates": [24.94524199987738, 60.17331699742302]}}, {"type": "Feature", "properties": {"submitted": false, "locationType": "A dangerous location related to parking", "greatestDangerTo": null, "layer": "DangerousLocations_hki", "status": "active_hazard"}, "geometry": {"type": "Point", "coordinates": [24.938712999397577, 60.20704300265293]}}, {"type": "Feature", "properties": {"submitted": false, "locationType": null, "greatestDangerTo": null, "layer": "DangerousLocations_hki", "status": "active_hazard"}, "geometry": {"type": "Point", "coordinates": [24.9077869998641, 60.17481399795432]}}, {"type": "Feature", "properties": {"submitted": false, "locationType": "A dangerous or difficult intersection", "greatestDangerTo": "Car drivers", "layer": "DangerousLocations_hki", "status": "active_hazard"}, "geometry": {"type": "Point", "coordinates": [24.92769100047434, 60.206670995964984]}}, {"type": "Feature", "properties": {"submitted": true, "locationType": "Unsafe pedestrian or tramway crossing", "greatestDangerTo": "Pedestrians", "layer": "DangerousLocations_hki", "status": "active_hazard"}, "geometry": {"type": "Point", "coordinates": [24.914309999515037, 60.158574000977204]}}, {"type": "Feature", "properties": {"submitted": true, "locationType": "A dangerous location related to construction site arrangements", "greatestDangerTo": "Cyclists (incl. e-bikes)", "layer": "DangerousLocations_hki", "status": "active_hazard"}, "geometry": {"type": "Point", "coordinates": [24.948276000664553, 60.193424998355276]}}, {"type": "Feature", "properties": {"submitted": true, "locationType": "Pedestrian traffic lights that change too fast", "greatestDangerTo": "Pedestrians", "layer": "DangerousLocations_hki", "status": "active_hazard"}, "geometry": {"type": "Point", "coordinates": [24.94914300001693, 60.19052199745931]}}, {"type": "Feature", "properties": {"submitted": true, "locationType": "Unsafe pedestrian or tramway crossing", "greatestDangerTo": "Pedestrians", "layer": "DangerousLocations_hki", "status": "active_hazard"}, "geometry": {"type": "Point", "coordinates": [24.97987700076876, 60.185645001661854]}}, {"type": "Feature", "properties": {"submitted": true, "locationType": "Unsafe pedestrian or tramway crossing", "greatestDangerTo": "Pedestrians", "layer": "DangerousLocations_hki", "status": "active_hazard"}, "geometry": {"type": "Point", "coordinates": [24.96286100083703, 60.19585299675609]}}, {"type": "Feature", "properties": {"submitted": true, "locationType": "Some other issue", "greatestDangerTo": "Pedestrians", "layer": "DangerousLocations_hki", "status": "active_hazard"}, "geometry": {"type": "Point", "coordinates": [24.955902999850153, 60.193846996717404]}}, {"type": "Feature", "properties": {"submitted": true, "locationType": "Unclear signage", "greatestDangerTo": "Cyclists (incl. e-bikes)", "layer": "DangerousLocations_hki", "status": "active_hazard"}, "geometry": {"type": "Point", "coordinates": [24.977666000955388, 60.18731699812917]}}, {"type": "Feature", "properties": {"submitted": true, "locationType": "Issue regarding quality of the route or its continuity", "greatestDangerTo": "Pedestrians", "layer": "DangerousLocations_hki", "status": "active_hazard"}, "geometry": {"type": "Point", "coordinates": [24.967590999434755, 60.19223199692543]}}, {"type": "Feature", "properties": {"submitted": true, "locationType": "Issue regarding quality of the route or its continuity", "greatestDangerTo": "Pedestrians", "layer": "DangerousLocations_hki", "status": "active_hazard"}, "geometry": {"type": "Point", "coordinates": [24.954075999314178, 60.167827997831104]}}, {"type": "Feature", "properties": {"submitted": true, "locationType": "Issue regarding quality of the route or its continuity", "greatestDangerTo": "Pedestrians", "layer": "DangerousLocations_hki", "status": "active_hazard"}, "geometry": {"type": "Point", "coordinates": [24.957556999877564, 60.168184000162]}}, {"type": "Feature", "properties": {"submitted": true, "locationType": "A dangerous or difficult intersection", "greatestDangerTo": "Pedestrians", "layer": "DangerousLocations_hki", "status": "active_hazard"}, "geometry": {"type": "Point", "coordinates": [24.933162000269867, 60.20170300365032]}}, {"type": "Feature", "properties": {"submitted": true, "locationType": "Unsafe pedestrian or tramway crossing", "greatestDangerTo": "Pedestrians", "layer": "DangerousLocations_hki", "status": "active_hazard"}, "geometry": {"type": "Point", "coordinates": [24.9302359995236, 60.19362500098366]}}, {"type": "Feature", "properties": {"submitted": true, "locationType": "Issue regarding quality of the route or its continuity", "greatestDangerTo": "Cyclists (incl. e-bikes)", "layer": "DangerousLocations_hki", "status": "active_hazard"}, "geometry": {"type": "Point", "coordinates": [24.933963000548115, 60.18531299965831]}}, {"type": "Feature", "properties": {"submitted": true, "locationType": "Unsafe pedestrian or tramway crossing", "greatestDangerTo": "Pedestrians", "layer": "DangerousLocations_hki", "status": "active_hazard"}, "geometry": {"type": "Point", "coordinates": [24.93203700089875, 60.197729999659515]}}, {"type": "Feature", "properties": {"submitted": true, "locationType": "Issue regarding quality of the route or its continuity", "greatestDangerTo": "Pedestrians", "layer": "DangerousLocations_hki", "status": "active_hazard"}, "geometry": {"type": "Point", "coordinates": [24.94032200013247, 60.17047699881493]}}, {"type": "Feature", "properties": {"submitted": true, "locationType": "Issue regarding quality of the route or its continuity", "greatestDangerTo": "Cyclists (incl. e-bikes)", "layer": "DangerousLocations_hki", "status": "active_hazard"}, "geometry": {"type": "Point", "coordinates": [24.92815199935905, 60.170756998848105]}}, {"type": "Feature", "properties": {"submitted": true, "locationType": "Issue regarding quality of the route or its continuity", "greatestDangerTo": "Cyclists (incl. e-bikes)", "layer": "DangerousLocations_hki", "status": "active_hazard"}, "geometry": {"type": "Point", "coordinates": [24.924683999342673, 60.17116099626702]}}, {"type": "Feature", "properties": {"submitted": true, "locationType": "Issue regarding quality of the route or its continuity", "greatestDangerTo": "Cyclists (incl. e-bikes)", "layer": "DangerousLocations_hki", "status": "active_hazard"}, "geometry": {"type": "Point", "coordinates": [24.92253799982103, 60.17763599786902]}}, {"type": "Feature", "properties": {"submitted": true, "locationType": "Unsafe pedestrian or tramway crossing", "greatestDangerTo": "Pedestrians", "layer": "DangerousLocations_hki", "status": "active_hazard"}, "geometry": {"type": "Point", "coordinates": [24.909675999101587, 60.16560200108611]}}, {"type": "Feature", "properties": {"submitted": true, "locationType": "Some other issue", "greatestDangerTo": "Cyclists (incl. e-bikes)", "layer": "DangerousLocations_hki", "status": "active_hazard"}, "geometry": {"type": "Point", "coordinates": [24.891493999771036, 60.19478200247226]}}, {"type": "Feature", "properties": {"submitted": true, "locationType": "A dangerous or difficult intersection", "greatestDangerTo": "Car drivers", "layer": "DangerousLocations_hki", "status": "active_hazard"}, "geometry": {"type": "Point", "coordinates": [24.872111000376655, 60.183862000095516]}}, {"type": "Feature", "properties": {"submitted": true, "locationType": "A dangerous or difficult intersection", "greatestDangerTo": "Car drivers", "layer": "DangerousLocations_hki", "status": "active_hazard"}, "geometry": {"type": "Point", "coordinates": [24.90039699996905, 60.19137700152871]}}, {"type": "Feature", "properties": {"submitted": true, "locationType": "A dangerous or difficult intersection", "greatestDangerTo": "Car drivers", "layer": "DangerousLocations_hki", "status": "active_hazard"}, "geometry": {"type": "Point", "coordinates": [24.88481600032404, 60.19654200418397]}}, {"type": "Feature", "properties": {"submitted": true, "locationType": "A dangerous or difficult intersection", "greatestDangerTo": "Cyclists (incl. e-bikes)", "layer": "DangerousLocations_hki", "status": "active_hazard"}, "geometry": {"type": "Point", "coordinates": [24.922136000286486, 60.19573600056135]}}, {"type": "Feature", "properties": {"submitted": true, "locationType": "Issue regarding the condition of the road or its maintenance", "greatestDangerTo": "Pedestrians", "layer": "DangerousLocations_hki", "status": "active_hazard"}, "geometry": {"type": "Point", "coordinates": [24.92814400030001, 60.19814700328018]}}, {"type": "Feature", "properties": {"submitted": true, "locationType": "A dangerous location related to construction site arrangements", "greatestDangerTo": "Pedestrians", "layer": "DangerousLocations_hki", "status": "active_hazard"}, "geometry": {"type": "Point", "coordinates": [24.924068000780593, 60.191888999995506]}}, {"type": "Feature", "properties": {"submitted": true, "locationType": "Unsafe pedestrian or tramway crossing", "greatestDangerTo": "Pedestrians", "layer": "DangerousLocations_hki", "status": "active_hazard"}, "geometry": {"type": "Point", "coordinates": [24.938628000362495, 60.172936997245266]}}, {"type": "Feature", "properties": {"submitted": true, "locationType": "Unsafe pedestrian or tramway crossing", "greatestDangerTo": "Pedestrians", "layer": "DangerousLocations_hki", "status": "active_hazard"}, "geometry": {"type": "Point", "coordinates": [24.958842998895175, 60.215979004026316]}}, {"type": "Feature", "properties": {"submitted": false, "locationType": "Unsafe pedestrian or tramway crossing", "greatestDangerTo": "Pedestrians", "layer": "DangerousLocations_hki", "status": "active_hazard"}, "geometry": {"type": "Point", "coordinates": [24.89185399928911, 60.2087980033979]}}, {"type": "Feature", "properties": {"submitted": false, "locationType": "Pedestrian traffic lights that change too fast", "greatestDangerTo": "Pedestrians", "layer": "DangerousLocations_hki", "status": "active_hazard"}, "geometry": {"type": "Point", "coordinates": [24.885429999691734, 60.21293699607848]}}, {"type": "Feature", "properties": {"submitted": true, "locationType": "A dangerous or difficult intersection", "greatestDangerTo": "Pedestrians", "layer": "DangerousLocations_hki", "status": "active_hazard"}, "geometry": {"type": "Point", "coordinates": [24.946133000992454, 60.20874899677482]}}, {"type": "Feature", "properties": {"submitted": true, "locationType": "A dangerous location related to construction site arrangements", "greatestDangerTo": "Users of e-scooters or other light electric vehicles", "layer": "DangerousLocations_hki", "status": "active_hazard"}, "geometry": {"type": "Point", "coordinates": [24.918532999339494, 60.18968299845275]}}, {"type": "Feature", "properties": {"submitted": true, "locationType": "Some other issue", "greatestDangerTo": "Users of e-scooters or other light electric vehicles", "layer": "DangerousLocations_hki", "status": "active_hazard"}, "geometry": {"type": "Point", "coordinates": [24.911842000486324, 60.1879530014743]}}, {"type": "Feature", "properties": {"submitted": true, "locationType": null, "greatestDangerTo": null, "layer": "DangerousLocations_hki", "status": "active_hazard"}, "geometry": {"type": "Point", "coordinates": [24.943807999179832, 60.19249300206155]}}, {"type": "Feature", "properties": {"submitted": true, "locationType": "Some other issue", "greatestDangerTo": "Car drivers", "layer": "DangerousLocations_hki", "status": "active_hazard"}, "geometry": {"type": "Point", "coordinates": [24.943834999582727, 60.21186400161795]}}, {"type": "Feature", "properties": {"submitted": true, "locationType": "Issue regarding quality of the route or its continuity", "greatestDangerTo": "Cyclists (incl. e-bikes)", "layer": "DangerousLocations_hki", "status": "active_hazard"}, "geometry": {"type": "Point", "coordinates": [24.958148000136937, 60.168609995790696]}}, {"type": "Feature", "properties": {"submitted": true, "locationType": "Issue regarding the condition of the road or its maintenance", "greatestDangerTo": "Cyclists (incl. e-bikes)", "layer": "DangerousLocations_hki", "status": "active_hazard"}, "geometry": {"type": "Point", "coordinates": [24.958367999656755, 60.17692100246794]}}, {"type": "Feature", "properties": {"submitted": true, "locationType": "Unclear signage", "greatestDangerTo": "Pedestrians", "layer": "DangerousLocations_hki", "status": "active_hazard"}, "geometry": {"type": "Point", "coordinates": [24.961918999914186, 60.18179600012648]}}, {"type": "Feature", "properties": {"submitted": true, "locationType": "Issue regarding quality of the route or its continuity", "greatestDangerTo": "Cyclists (incl. e-bikes)", "layer": "DangerousLocations_hki", "status": "active_hazard"}, "geometry": {"type": "Point", "coordinates": [24.96693299982386, 60.185079996404276]}}, {"type": "Feature", "properties": {"submitted": true, "locationType": "A dangerous or difficult intersection", "greatestDangerTo": "Cyclists (incl. e-bikes)", "layer": "DangerousLocations_hki", "status": "active_hazard"}, "geometry": {"type": "Point", "coordinates": [24.974986000252287, 60.18724000091016]}}, {"type": "Feature", "properties": {"submitted": true, "locationType": "Issue regarding quality of the route or its continuity", "greatestDangerTo": "Cyclists (incl. e-bikes)", "layer": "DangerousLocations_hki", "status": "active_hazard"}, "geometry": {"type": "Point", "coordinates": [24.94111400012713, 60.16577500017874]}}, {"type": "Feature", "properties": {"submitted": true, "locationType": "Issue regarding quality of the route or its continuity", "greatestDangerTo": "Cyclists (incl. e-bikes)", "layer": "DangerousLocations_hki", "status": "active_hazard"}, "geometry": {"type": "Point", "coordinates": [24.95441300016895, 60.1934499979595]}}, {"type": "Feature", "properties": {"submitted": true, "locationType": "Issue regarding the condition of the road or its maintenance", "greatestDangerTo": "Cyclists (incl. e-bikes)", "layer": "DangerousLocations_hki", "status": "active_hazard"}, "geometry": {"type": "Point", "coordinates": [24.965571999478637, 60.20306699737324]}}, {"type": "Feature", "properties": {"submitted": true, "locationType": "Unsafe pedestrian or tramway crossing", "greatestDangerTo": "Pedestrians", "layer": "DangerousLocations_hki", "status": "active_hazard"}, "geometry": {"type": "Point", "coordinates": [24.974405999245008, 60.189019998257734]}}, {"type": "Feature", "properties": {"submitted": true, "locationType": "Some other issue", "greatestDangerTo": "Pedestrians", "layer": "DangerousLocations_hki", "status": "active_hazard"}, "geometry": {"type": "Point", "coordinates": [24.94094900022983, 60.168786997963714]}}, {"type": "Feature", "properties": {"submitted": true, "locationType": "Issue regarding quality of the route or its continuity", "greatestDangerTo": "Cyclists (incl. e-bikes)", "layer": "DangerousLocations_hki", "status": "active_hazard"}, "geometry": {"type": "Point", "coordinates": [24.932312999243972, 60.197885003743416]}}, {"type": "Feature", "properties": {"submitted": true, "locationType": "A dangerous or difficult intersection", "greatestDangerTo": "Cyclists (incl. e-bikes)", "layer": "DangerousLocations_hki", "status": "active_hazard"}, "geometry": {"type": "Point", "coordinates": [24.933372000218608, 60.20112399574414]}}, {"type": "Feature", "properties": {"submitted": true, "locationType": "Some other issue", "greatestDangerTo": "Cyclists (incl. e-bikes)", "layer": "DangerousLocations_hki", "status": "active_hazard"}, "geometry": {"type": "Point", "coordinates": [24.933118999352637, 60.201779003175574]}}, {"type": "Feature", "properties": {"submitted": true, "locationType": "A dangerous or difficult intersection", "greatestDangerTo": "Cyclists (incl. e-bikes)", "layer": "DangerousLocations_hki", "status": "active_hazard"}, "geometry": {"type": "Point", "coordinates": [24.941302999621744, 60.195153003312576]}}, {"type": "Feature", "properties": {"submitted": true, "locationType": "A dangerous or difficult intersection", "greatestDangerTo": "Cyclists (incl. e-bikes)", "layer": "DangerousLocations_hki", "status": "active_hazard"}, "geometry": {"type": "Point", "coordinates": [24.94212999974358, 60.19466599948822]}}, {"type": "Feature", "properties": {"submitted": true, "locationType": "A dangerous or difficult intersection", "greatestDangerTo": "Cyclists (incl. e-bikes)", "layer": "DangerousLocations_hki", "status": "active_hazard"}, "geometry": {"type": "Point", "coordinates": [24.943049001053733, 60.19411399698275]}}, {"type": "Feature", "properties": {"submitted": true, "locationType": "Unsafe pedestrian or tramway crossing", "greatestDangerTo": "Pedestrians", "layer": "DangerousLocations_hki", "status": "active_hazard"}, "geometry": {"type": "Point", "coordinates": [24.859266999226698, 60.162792003958224]}}, {"type": "Feature", "properties": {"submitted": true, "locationType": "A dangerous or difficult intersection", "greatestDangerTo": "Car drivers", "layer": "DangerousLocations_hki", "status": "active_hazard"}, "geometry": {"type": "Point", "coordinates": [24.877393999495258, 60.15992199740567]}}, {"type": "Feature", "properties": {"submitted": true, "locationType": "Unsafe pedestrian or tramway crossing", "greatestDangerTo": "Pedestrians", "layer": "DangerousLocations_hki", "status": "active_hazard"}, "geometry": {"type": "Point", "coordinates": [24.876982000757813, 60.159023996868676]}}, {"type": "Feature", "properties": {"submitted": true, "locationType": "A dangerous location related to construction site arrangements", "greatestDangerTo": "Cyclists (incl. e-bikes)", "layer": "DangerousLocations_hki", "status": "active_hazard"}, "geometry": {"type": "Point", "coordinates": [24.90261999977268, 60.16276100179478]}}, {"type": "Feature", "properties": {"submitted": true, "locationType": "Some other issue", "greatestDangerTo": "Cyclists (incl. e-bikes)", "layer": "DangerousLocations_hki", "status": "active_hazard"}, "geometry": {"type": "Point", "coordinates": [25.033552000259945, 60.16838599681643]}}, {"type": "Feature", "properties": {"submitted": true, "locationType": "Unsafe pedestrian or tramway crossing", "greatestDangerTo": "Pedestrians", "layer": "DangerousLocations_hki", "status": "active_hazard"}, "geometry": {"type": "Point", "coordinates": [24.877637000006203, 60.16070200288026]}}, {"type": "Feature", "properties": {"submitted": true, "locationType": "A poorly placed public transport stop", "greatestDangerTo": "Pedestrians", "layer": "DangerousLocations_hki", "status": "active_hazard"}, "geometry": {"type": "Point", "coordinates": [24.846571999429063, 60.23261899852545]}}, {"type": "Feature", "properties": {"submitted": true, "locationType": "Pedestrian traffic lights that change too fast", "greatestDangerTo": "Pedestrians", "layer": "DangerousLocations_hki", "status": "active_hazard"}, "geometry": {"type": "Point", "coordinates": [24.846840001058883, 60.235359996457404]}}, {"type": "Feature", "properties": {"submitted": true, "locationType": "A dangerous or difficult intersection", "greatestDangerTo": "Persons using mobility aids (such as a wheelchair or walker)", "layer": "DangerousLocations_hki", "status": "active_hazard"}, "geometry": {"type": "Point", "coordinates": [24.941141001005185, 60.15809699589672]}}, {"type": "Feature", "properties": {"submitted": true, "locationType": "Unsafe pedestrian or tramway crossing", "greatestDangerTo": "Persons using mobility aids (such as a wheelchair or walker)", "layer": "DangerousLocations_hki", "status": "active_hazard"}, "geometry": {"type": "Point", "coordinates": [24.946090999140523, 60.190661000323374]}}, {"type": "Feature", "properties": {"submitted": true, "locationType": "Unsafe pedestrian or tramway crossing", "greatestDangerTo": "Pedestrians", "layer": "DangerousLocations_hki", "status": "active_hazard"}, "geometry": {"type": "Point", "coordinates": [24.950234000201558, 60.173936004098614]}}, {"type": "Feature", "properties": {"submitted": true, "locationType": "Unsafe pedestrian or tramway crossing", "greatestDangerTo": "Pedestrians", "layer": "DangerousLocations_hki", "status": "active_hazard"}, "geometry": {"type": "Point", "coordinates": [24.866384999058422, 60.25103500229047]}}, {"type": "Feature", "properties": {"submitted": true, "locationType": "Unsafe pedestrian or tramway crossing", "greatestDangerTo": "Cyclists (incl. e-bikes)", "layer": "DangerousLocations_hki", "status": "active_hazard"}, "geometry": {"type": "Point", "coordinates": [24.86890299959938, 60.24375200417961]}}, {"type": "Feature", "properties": {"submitted": true, "locationType": "A dangerous location related to parking", "greatestDangerTo": "Car drivers", "layer": "DangerousLocations_hki", "status": "active_hazard"}, "geometry": {"type": "Point", "coordinates": [24.86673699993755, 60.248895003612944]}}, {"type": "Feature", "properties": {"submitted": true, "locationType": "Unsafe pedestrian or tramway crossing", "greatestDangerTo": "Pedestrians", "layer": "DangerousLocations_hki", "status": "active_hazard"}, "geometry": {"type": "Point", "coordinates": [24.972290999904867, 60.22703000044335]}}, {"type": "Feature", "properties": {"submitted": true, "locationType": "A dangerous or difficult intersection", "greatestDangerTo": "Car drivers", "layer": "DangerousLocations_hki", "status": "active_hazard"}, "geometry": {"type": "Point", "coordinates": [24.974337999454452, 60.22793399930941]}}, {"type": "Feature", "properties": {"submitted": true, "locationType": "Unsafe pedestrian or tramway crossing", "greatestDangerTo": "Car drivers", "layer": "DangerousLocations_hki", "status": "active_hazard"}, "geometry": {"type": "Point", "coordinates": [24.974557999335953, 60.227487002304855]}}, {"type": "Feature", "properties": {"submitted": true, "locationType": "Unsafe pedestrian or tramway crossing", "greatestDangerTo": "Pedestrians", "layer": "DangerousLocations_hki", "status": "active_hazard"}, "geometry": {"type": "Point", "coordinates": [24.97335899971693, 60.22575899565083]}}, {"type": "Feature", "properties": {"submitted": true, "locationType": "Unclear signage", "greatestDangerTo": "Pedestrians", "layer": "DangerousLocations_hki", "status": "active_hazard"}, "geometry": {"type": "Point", "coordinates": [24.91233699966588, 60.190879999632536]}}, {"type": "Feature", "properties": {"submitted": true, "locationType": "Unsafe pedestrian or tramway crossing", "greatestDangerTo": "Pedestrians", "layer": "DangerousLocations_hki", "status": "active_hazard"}, "geometry": {"type": "Point", "coordinates": [24.95436100050008, 60.198058000936165]}}, {"type": "Feature", "properties": {"submitted": false, "locationType": "A dangerous or difficult intersection", "greatestDangerTo": "Car drivers", "layer": "DangerousLocations_hki", "status": "active_hazard"}, "geometry": {"type": "Point", "coordinates": [24.986347000962212, 60.25169399779206]}}, {"type": "Feature", "properties": {"submitted": true, "locationType": "Some other issue", "greatestDangerTo": "Pedestrians", "layer": "DangerousLocations_hki", "status": "active_hazard"}, "geometry": {"type": "Point", "coordinates": [24.91123499989329, 60.191285000452645]}}, {"type": "Feature", "properties": {"submitted": true, "locationType": "Some other issue", "greatestDangerTo": "Cyclists (incl. e-bikes)", "layer": "DangerousLocations_hki", "status": "active_hazard"}, "geometry": {"type": "Point", "coordinates": [24.89395300021494, 60.19582499917362]}}, {"type": "Feature", "properties": {"submitted": true, "locationType": "Some other issue", "greatestDangerTo": "Pedestrians", "layer": "DangerousLocations_hki", "status": "active_hazard"}, "geometry": {"type": "Point", "coordinates": [24.925347999624886, 60.16642199791075]}}, {"type": "Feature", "properties": {"submitted": true, "locationType": "Unsafe pedestrian or tramway crossing", "greatestDangerTo": "Pedestrians", "layer": "DangerousLocations_hki", "status": "active_hazard"}, "geometry": {"type": "Point", "coordinates": [24.925676999584308, 60.16493900138669]}}, {"type": "Feature", "properties": {"submitted": true, "locationType": "Pedestrian traffic lights that change too fast", "greatestDangerTo": null, "layer": "DangerousLocations_hki", "status": "active_hazard"}, "geometry": {"type": "Point", "coordinates": [24.92516199950166, 60.16644400124977]}}, {"type": "Feature", "properties": {"submitted": true, "locationType": "Some other issue", "greatestDangerTo": "Car drivers", "layer": "DangerousLocations_hki", "status": "active_hazard"}, "geometry": {"type": "Point", "coordinates": [25.053650999363505, 60.24380700279209]}}, {"type": "Feature", "properties": {"submitted": true, "locationType": "Some other issue", "greatestDangerTo": "Pedestrians", "layer": "DangerousLocations_hki", "status": "active_hazard"}, "geometry": {"type": "Point", "coordinates": [24.937844000014813, 60.17281800280049]}}, {"type": "Feature", "properties": {"submitted": true, "locationType": "Some other issue", "greatestDangerTo": "Cyclists (incl. e-bikes)", "layer": "DangerousLocations_hki", "status": "active_hazard"}, "geometry": {"type": "Point", "coordinates": [24.914288000764834, 60.17616000071564]}}, {"type": "Feature", "properties": {"submitted": true, "locationType": "A dangerous or difficult intersection", "greatestDangerTo": "Cyclists (incl. e-bikes)", "layer": "DangerousLocations_hki", "status": "active_hazard"}, "geometry": {"type": "Point", "coordinates": [24.9221340002126, 60.19578899883431]}}, {"type": "Feature", "properties": {"submitted": true, "locationType": "Issue regarding the condition of the road or its maintenance", "greatestDangerTo": "Cyclists (incl. e-bikes)", "layer": "DangerousLocations_hki", "status": "active_hazard"}, "geometry": {"type": "Point", "coordinates": [24.938244000012237, 60.17984399654806]}}, {"type": "Feature", "properties": {"submitted": true, "locationType": "Unsafe pedestrian or tramway crossing", "greatestDangerTo": "Pedestrians", "layer": "DangerousLocations_hki", "status": "active_hazard"}, "geometry": {"type": "Point", "coordinates": [24.939655000125285, 60.1705259995015]}}, {"type": "Feature", "properties": {"submitted": true, "locationType": "Unsafe pedestrian or tramway crossing", "greatestDangerTo": "Cyclists (incl. e-bikes)", "layer": "DangerousLocations_hki", "status": "active_hazard"}, "geometry": {"type": "Point", "coordinates": [24.939465999132633, 60.17100900254605]}}, {"type": "Feature", "properties": {"submitted": true, "locationType": "A dangerous or difficult intersection", "greatestDangerTo": "Cyclists (incl. e-bikes)", "layer": "DangerousLocations_hki", "status": "active_hazard"}, "geometry": {"type": "Point", "coordinates": [24.92081700039646, 60.16687100033717]}}, {"type": "Feature", "properties": {"submitted": true, "locationType": "Some other issue", "greatestDangerTo": "Cyclists (incl. e-bikes)", "layer": "DangerousLocations_hki", "status": "active_hazard"}, "geometry": {"type": "Point", "coordinates": [24.910852999285634, 60.18740199828871]}}, {"type": "Feature", "properties": {"submitted": true, "locationType": "A dangerous or difficult intersection", "greatestDangerTo": "Cyclists (incl. e-bikes)", "layer": "DangerousLocations_hki", "status": "active_hazard"}, "geometry": {"type": "Point", "coordinates": [24.909907999439646, 60.192136004003714]}}, {"type": "Feature", "properties": {"submitted": true, "locationType": "A dangerous or difficult intersection", "greatestDangerTo": "Cyclists (incl. e-bikes)", "layer": "DangerousLocations_hki", "status": "active_hazard"}, "geometry": {"type": "Point", "coordinates": [24.932312000815116, 60.197273999956266]}}, {"type": "Feature", "properties": {"submitted": true, "locationType": "A dangerous or difficult intersection", "greatestDangerTo": "Car drivers", "layer": "DangerousLocations_hki", "status": "active_hazard"}, "geometry": {"type": "Point", "coordinates": [24.90121400063114, 60.19869199999074]}}, {"type": "Feature", "properties": {"submitted": true, "locationType": "A dangerous or difficult intersection", "greatestDangerTo": "Cyclists (incl. e-bikes)", "layer": "DangerousLocations_hki", "status": "active_hazard"}, "geometry": {"type": "Point", "coordinates": [24.933970999660477, 60.185348001301826]}}, {"type": "Feature", "properties": {"submitted": true, "locationType": "Unsafe pedestrian or tramway crossing", "greatestDangerTo": "Cyclists (incl. e-bikes)", "layer": "DangerousLocations_hki", "status": "active_hazard"}, "geometry": {"type": "Point", "coordinates": [24.91151099943213, 60.165961004142716]}}, {"type": "Feature", "properties": {"submitted": true, "locationType": "A dangerous or difficult intersection", "greatestDangerTo": "Cyclists (incl. e-bikes)", "layer": "DangerousLocations_hki", "status": "active_hazard"}, "geometry": {"type": "Point", "coordinates": [24.916338998968957, 60.16668300313114]}}, {"type": "Feature", "properties": {"submitted": true, "locationType": "A dangerous or difficult intersection", "greatestDangerTo": "Cyclists (incl. e-bikes)", "layer": "DangerousLocations_hki", "status": "active_hazard"}, "geometry": {"type": "Point", "coordinates": [24.910026000195717, 60.19728800112123]}}, {"type": "Feature", "properties": {"submitted": true, "locationType": "A dangerous location related to parking", "greatestDangerTo": "Pedestrians", "layer": "DangerousLocations_hki", "status": "active_hazard"}, "geometry": {"type": "Point", "coordinates": [24.90084699992138, 60.20666900045485]}}, {"type": "Feature", "properties": {"submitted": true, "locationType": "A dangerous or difficult intersection", "greatestDangerTo": "Cyclists (incl. e-bikes)", "layer": "DangerousLocations_hki", "status": "active_hazard"}, "geometry": {"type": "Point", "coordinates": [24.936468999752677, 60.172748004355334]}}, {"type": "Feature", "properties": {"submitted": true, "locationType": "A dangerous or difficult intersection", "greatestDangerTo": "Cyclists (incl. e-bikes)", "layer": "DangerousLocations_hki", "status": "active_hazard"}, "geometry": {"type": "Point", "coordinates": [24.935245999200905, 60.17244300260096]}}, {"type": "Feature", "properties": {"submitted": true, "locationType": "A dangerous or difficult intersection", "greatestDangerTo": "Pedestrians", "layer": "DangerousLocations_hki", "status": "active_hazard"}, "geometry": {"type": "Point", "coordinates": [24.934225000997994, 60.176997996715045]}}, {"type": "Feature", "properties": {"submitted": true, "locationType": "A dangerous or difficult intersection", "greatestDangerTo": "Cyclists (incl. e-bikes)", "layer": "DangerousLocations_hki", "status": "active_hazard"}, "geometry": {"type": "Point", "coordinates": [24.937277000596993, 60.18518300211015]}}, {"type": "Feature", "properties": {"submitted": true, "locationType": "Unsafe pedestrian or tramway crossing", "greatestDangerTo": "Pedestrians", "layer": "DangerousLocations_hki", "status": "active_hazard"}, "geometry": {"type": "Point", "coordinates": [24.929035999359556, 60.196163002037835]}}, {"type": "Feature", "properties": {"submitted": true, "locationType": "Issue regarding quality of the route or its continuity", "greatestDangerTo": "Pedestrians", "layer": "DangerousLocations_hki", "status": "active_hazard"}, "geometry": {"type": "Point", "coordinates": [24.93942699944509, 60.17103800059796]}}, {"type": "Feature", "properties": {"submitted": true, "locationType": "Some other issue", "greatestDangerTo": "Pedestrians", "layer": "DangerousLocations_hki", "status": "active_hazard"}, "geometry": {"type": "Point", "coordinates": [24.861348000696804, 60.223791001813765]}}, {"type": "Feature", "properties": {"submitted": true, "locationType": "Pedestrian traffic lights that change too fast", "greatestDangerTo": "Pedestrians", "layer": "DangerousLocations_hki", "status": "active_hazard"}, "geometry": {"type": "Point", "coordinates": [24.930048999755073, 60.19236200157516]}}, {"type": "Feature", "properties": {"submitted": true, "locationType": "Issue regarding the condition of the road or its maintenance", "greatestDangerTo": "Cyclists (incl. e-bikes)", "layer": "DangerousLocations_hki", "status": "active_hazard"}, "geometry": {"type": "Point", "coordinates": [24.92256800007605, 60.20656499935998]}}, {"type": "Feature", "properties": {"submitted": true, "locationType": "Pedestrian traffic lights that change too fast", "greatestDangerTo": "Cyclists (incl. e-bikes)", "layer": "DangerousLocations_hki", "status": "active_hazard"}, "geometry": {"type": "Point", "coordinates": [24.92075099947097, 60.19002500275542]}}, {"type": "Feature", "properties": {"submitted": true, "locationType": "Some other issue", "greatestDangerTo": "Pedestrians", "layer": "DangerousLocations_hki", "status": "active_hazard"}, "geometry": {"type": "Point", "coordinates": [24.976683999748968, 60.19150900423978]}}, {"type": "Feature", "properties": {"submitted": true, "locationType": "Unsafe pedestrian or tramway crossing", "greatestDangerTo": "Pedestrians", "layer": "DangerousLocations_hki", "status": "active_hazard"}, "geometry": {"type": "Point", "coordinates": [24.975813000257933, 60.190648001206895]}}, {"type": "Feature", "properties": {"submitted": true, "locationType": "Unsafe pedestrian or tramway crossing", "greatestDangerTo": "Pedestrians", "layer": "DangerousLocations_hki", "status": "active_hazard"}, "geometry": {"type": "Point", "coordinates": [24.845339000581518, 60.24372600325131]}}, {"type": "Feature", "properties": {"submitted": true, "locationType": "A dangerous or difficult intersection", "greatestDangerTo": "Cyclists (incl. e-bikes)", "layer": "DangerousLocations_hki", "status": "active_hazard"}, "geometry": {"type": "Point", "coordinates": [24.951550999484123, 60.18684000387354]}}, {"type": "Feature", "properties": {"submitted": true, "locationType": "A dangerous or difficult intersection", "greatestDangerTo": "Cyclists (incl. e-bikes)", "layer": "DangerousLocations_hki", "status": "active_hazard"}, "geometry": {"type": "Point", "coordinates": [24.934009000784773, 60.18538400054716]}}, {"type": "Feature", "properties": {"submitted": true, "locationType": "Unsafe pedestrian or tramway crossing", "greatestDangerTo": "Pedestrians", "layer": "DangerousLocations_hki", "status": "active_hazard"}, "geometry": {"type": "Point", "coordinates": [24.96089599983546, 60.19649400209274]}}, {"type": "Feature", "properties": {"submitted": true, "locationType": "Unsafe pedestrian or tramway crossing", "greatestDangerTo": "Pedestrians", "layer": "DangerousLocations_hki", "status": "active_hazard"}, "geometry": {"type": "Point", "coordinates": [24.95792300089065, 60.19500799597672]}}, {"type": "Feature", "properties": {"submitted": true, "locationType": "Unsafe pedestrian or tramway crossing", "greatestDangerTo": "Pedestrians", "layer": "DangerousLocations_hki", "status": "active_hazard"}, "geometry": {"type": "Point", "coordinates": [24.962152999838196, 60.191144004122386]}}, {"type": "Feature", "properties": {"submitted": true, "locationType": "Some other issue", "greatestDangerTo": "Pedestrians", "layer": "DangerousLocations_hki", "status": "active_hazard"}, "geometry": {"type": "Point", "coordinates": [25.03812399975545, 60.23532199653835]}}, {"type": "Feature", "properties": {"submitted": true, "locationType": "Some other issue", "greatestDangerTo": "Public transport users", "layer": "DangerousLocations_hki", "status": "active_hazard"}, "geometry": {"type": "Point", "coordinates": [24.950155000146577, 60.191022000462155]}}, {"type": "Feature", "properties": {"submitted": true, "locationType": "Issue regarding quality of the route or its continuity", "greatestDangerTo": "Pedestrians", "layer": "DangerousLocations_hki", "status": "active_hazard"}, "geometry": {"type": "Point", "coordinates": [25.041208000025446, 60.23528200302464]}}, {"type": "Feature", "properties": {"submitted": true, "locationType": "Unclear signage", "greatestDangerTo": "Public transport users", "layer": "DangerousLocations_hki", "status": "active_hazard"}, "geometry": {"type": "Point", "coordinates": [25.01350999940098, 60.22693899645846]}}, {"type": "Feature", "properties": {"submitted": true, "locationType": "A dangerous or difficult intersection", "greatestDangerTo": "Pedestrians", "layer": "DangerousLocations_hki", "status": "active_hazard"}, "geometry": {"type": "Point", "coordinates": [24.94958999991481, 60.19067200341186]}}, {"type": "Feature", "properties": {"submitted": true, "locationType": "Unsafe pedestrian or tramway crossing", "greatestDangerTo": "Cyclists (incl. e-bikes)", "layer": "DangerousLocations_hki", "status": "active_hazard"}, "geometry": {"type": "Point", "coordinates": [24.96012999958669, 60.184605001954885]}}, {"type": "Feature", "properties": {"submitted": true, "locationType": "Some other issue", "greatestDangerTo": "Cyclists (incl. e-bikes)", "layer": "DangerousLocations_hki", "status": "active_hazard"}, "geometry": {"type": "Point", "coordinates": [24.941539000308623, 60.17054000370064]}}, {"type": "Feature", "properties": {"submitted": true, "locationType": "A dangerous or difficult intersection", "greatestDangerTo": "Cyclists (incl. e-bikes)", "layer": "DangerousLocations_hki", "status": "active_hazard"}, "geometry": {"type": "Point", "coordinates": [24.970125999961052, 60.18822100295663]}}, {"type": "Feature", "properties": {"submitted": true, "locationType": "Unclear signage", "greatestDangerTo": "Cyclists (incl. e-bikes)", "layer": "DangerousLocations_hki", "status": "active_hazard"}, "geometry": {"type": "Point", "coordinates": [24.95013000043949, 60.176356003557565]}}, {"type": "Feature", "properties": {"submitted": false, "locationType": "Unsafe pedestrian or tramway crossing", "greatestDangerTo": "Pedestrians", "layer": "DangerousLocations_hki", "status": "active_hazard"}, "geometry": {"type": "Point", "coordinates": [24.90963200009584, 60.164352001867094]}}, {"type": "Feature", "properties": {"submitted": false, "locationType": "Unsafe pedestrian or tramway crossing", "greatestDangerTo": "Pedestrians", "layer": "DangerousLocations_hki", "status": "active_hazard"}, "geometry": {"type": "Point", "coordinates": [24.944001999838704, 60.193647996632485]}}, {"type": "Feature", "properties": {"submitted": false, "locationType": "A dangerous or difficult intersection", "greatestDangerTo": "Pedestrians", "layer": "DangerousLocations_hki", "status": "active_hazard"}, "geometry": {"type": "Point", "coordinates": [24.936437999085268, 60.19561900070901]}}, {"type": "Feature", "properties": {"submitted": false, "locationType": "Unsafe pedestrian or tramway crossing", "greatestDangerTo": "Pedestrians", "layer": "DangerousLocations_hki", "status": "active_hazard"}, "geometry": {"type": "Point", "coordinates": [24.94271600050368, 60.191837003889816]}}, {"type": "Feature", "properties": {"submitted": true, "locationType": "Unsafe pedestrian or tramway crossing", "greatestDangerTo": "Pedestrians", "layer": "DangerousLocations_hki", "status": "active_hazard"}, "geometry": {"type": "Point", "coordinates": [24.93375599929024, 60.16789399943011]}}, {"type": "Feature", "properties": {"submitted": true, "locationType": "Unsafe pedestrian or tramway crossing", "greatestDangerTo": "Pedestrians", "layer": "DangerousLocations_hki", "status": "active_hazard"}, "geometry": {"type": "Point", "coordinates": [24.934582999705164, 60.16856800371551]}}, {"type": "Feature", "properties": {"submitted": true, "locationType": "Unsafe pedestrian or tramway crossing", "greatestDangerTo": "Pedestrians", "layer": "DangerousLocations_hki", "status": "active_hazard"}, "geometry": {"type": "Point", "coordinates": [24.933973000994765, 60.168965996627776]}}, {"type": "Feature", "properties": {"submitted": true, "locationType": "A dangerous or difficult intersection", "greatestDangerTo": "Car drivers", "layer": "DangerousLocations_hki", "status": "active_hazard"}, "geometry": {"type": "Point", "coordinates": [24.937238999447818, 60.169433997631415]}}, {"type": "Feature", "properties": {"submitted": true, "locationType": "A dangerous or difficult intersection", "greatestDangerTo": "Pedestrians", "layer": "DangerousLocations_hki", "status": "active_hazard"}, "geometry": {"type": "Point", "coordinates": [24.93848599998232, 60.16988300408367]}}, {"type": "Feature", "properties": {"submitted": true, "locationType": "Some other issue", "greatestDangerTo": "Pedestrians", "layer": "DangerousLocations_hki", "status": "active_hazard"}, "geometry": {"type": "Point", "coordinates": [24.959221000194535, 60.16906999994058]}}, {"type": "Feature", "properties": {"submitted": true, "locationType": "Issue regarding the condition of the road or its maintenance", "greatestDangerTo": "Cyclists (incl. e-bikes)", "layer": "DangerousLocations_hki", "status": "active_hazard"}, "geometry": {"type": "Point", "coordinates": [24.838185999387882, 60.24505599710595]}}, {"type": "Feature", "properties": {"submitted": true, "locationType": "Unsafe pedestrian or tramway crossing", "greatestDangerTo": "Cyclists (incl. e-bikes)", "layer": "DangerousLocations_hki", "status": "active_hazard"}, "geometry": {"type": "Point", "coordinates": [24.839819999232397, 60.243696003062695]}}, {"type": "Feature", "properties": {"submitted": true, "locationType": "Issue regarding the condition of the road or its maintenance", "greatestDangerTo": "Pedestrians", "layer": "DangerousLocations_hki", "status": "active_hazard"}, "geometry": {"type": "Point", "coordinates": [24.843441999888157, 60.24309100169098]}}, {"type": "Feature", "properties": {"submitted": true, "locationType": "Unclear signage", "greatestDangerTo": "Car drivers", "layer": "DangerousLocations_hki", "status": "active_hazard"}, "geometry": {"type": "Point", "coordinates": [24.85078899934848, 60.23962899891132]}}, {"type": "Feature", "properties": {"submitted": true, "locationType": "A dangerous or difficult intersection", "greatestDangerTo": "Pedestrians", "layer": "DangerousLocations_hki", "status": "active_hazard"}, "geometry": {"type": "Point", "coordinates": [24.846390999893355, 60.23284300364301]}}, {"type": "Feature", "properties": {"submitted": true, "locationType": "Some other issue", "greatestDangerTo": "Pedestrians", "layer": "DangerousLocations_hki", "status": "active_hazard"}, "geometry": {"type": "Point", "coordinates": [24.84175500030091, 60.24089200041156]}}, {"type": "Feature", "properties": {"submitted": true, "locationType": "Some other issue", "greatestDangerTo": "Pedestrians", "layer": "DangerousLocations_hki", "status": "active_hazard"}, "geometry": {"type": "Point", "coordinates": [24.84307799915546, 60.24505000409173]}}, {"type": "Feature", "properties": {"submitted": true, "locationType": "A dangerous or difficult intersection", "greatestDangerTo": "Pedestrians", "layer": "DangerousLocations_hki", "status": "active_hazard"}, "geometry": {"type": "Point", "coordinates": [24.845438999258626, 60.24377799887633]}}, {"type": "Feature", "properties": {"submitted": true, "locationType": "Some other issue", "greatestDangerTo": "Pedestrians", "layer": "DangerousLocations_hki", "status": "active_hazard"}, "geometry": {"type": "Point", "coordinates": [25.016283999955007, 60.26127499654917]}}, {"type": "Feature", "properties": {"submitted": true, "locationType": "Pedestrian traffic lights that change too fast", "greatestDangerTo": "Pedestrians", "layer": "DangerousLocations_hki", "status": "active_hazard"}, "geometry": {"type": "Point", "coordinates": [25.03622900008154, 60.19305099887404]}}, {"type": "Feature", "properties": {"submitted": true, "locationType": "A dangerous or difficult intersection", "greatestDangerTo": "Pedestrians", "layer": "DangerousLocations_hki", "status": "active_hazard"}, "geometry": {"type": "Point", "coordinates": [25.034211999200526, 60.19375300299838]}}, {"type": "Feature", "properties": {"submitted": true, "locationType": "A dangerous or difficult intersection", "greatestDangerTo": "Pedestrians", "layer": "DangerousLocations_hki", "status": "active_hazard"}, "geometry": {"type": "Point", "coordinates": [25.035251000750364, 60.1922709999625]}}, {"type": "Feature", "properties": {"submitted": true, "locationType": "Issue regarding quality of the route or its continuity", "greatestDangerTo": "Pedestrians", "layer": "DangerousLocations_hki", "status": "active_hazard"}, "geometry": {"type": "Point", "coordinates": [25.035450000599056, 60.19489100056107]}}, {"type": "Feature", "properties": {"submitted": true, "locationType": "Unsafe pedestrian or tramway crossing", "greatestDangerTo": "Pedestrians", "layer": "DangerousLocations_hki", "status": "active_hazard"}, "geometry": {"type": "Point", "coordinates": [24.95940599963871, 60.180777999324484]}}, {"type": "Feature", "properties": {"submitted": true, "locationType": "A dangerous or difficult intersection", "greatestDangerTo": "Cyclists (incl. e-bikes)", "layer": "DangerousLocations_hki", "status": "active_hazard"}, "geometry": {"type": "Point", "coordinates": [24.9782420000218, 60.192417997669075]}}, {"type": "Feature", "properties": {"submitted": true, "locationType": "Unsafe pedestrian or tramway crossing", "greatestDangerTo": "Pedestrians", "layer": "DangerousLocations_hki", "status": "active_hazard"}, "geometry": {"type": "Point", "coordinates": [24.962684000684636, 60.19601399821367]}}, {"type": "Feature", "properties": {"submitted": true, "locationType": "Unsafe pedestrian or tramway crossing", "greatestDangerTo": "Pedestrians", "layer": "DangerousLocations_hki", "status": "active_hazard"}, "geometry": {"type": "Point", "coordinates": [24.96377400062436, 60.19432899578506]}}, {"type": "Feature", "properties": {"submitted": true, "locationType": "Unsafe pedestrian or tramway crossing", "greatestDangerTo": "Pedestrians", "layer": "DangerousLocations_hki", "status": "active_hazard"}, "geometry": {"type": "Point", "coordinates": [24.964494998981312, 60.1933870029074]}}, {"type": "Feature", "properties": {"submitted": true, "locationType": "Unsafe pedestrian or tramway crossing", "greatestDangerTo": "Pedestrians", "layer": "DangerousLocations_hki", "status": "active_hazard"}, "geometry": {"type": "Point", "coordinates": [24.96435499970898, 60.192015998881914]}}, {"type": "Feature", "properties": {"submitted": true, "locationType": "A dangerous or difficult intersection", "greatestDangerTo": "Pedestrians", "layer": "DangerousLocations_hki", "status": "active_hazard"}, "geometry": {"type": "Point", "coordinates": [24.981464001061077, 60.24118999666196]}}, {"type": "Feature", "properties": {"submitted": true, "locationType": "Issue regarding quality of the route or its continuity", "greatestDangerTo": "Pedestrians", "layer": "DangerousLocations_hki", "status": "active_hazard"}, "geometry": {"type": "Point", "coordinates": [24.98147600101036, 60.24141399566308]}}, {"type": "Feature", "properties": {"submitted": true, "locationType": "Issue regarding quality of the route or its continuity", "greatestDangerTo": "Pedestrians", "layer": "DangerousLocations_hki", "status": "active_hazard"}, "geometry": {"type": "Point", "coordinates": [24.978624000269374, 60.239316998537454]}}, {"type": "Feature", "properties": {"submitted": true, "locationType": "A poorly placed public transport stop", "greatestDangerTo": "Pedestrians", "layer": "DangerousLocations_hki", "status": "active_hazard"}, "geometry": {"type": "Point", "coordinates": [24.99351200004586, 60.24219499875332]}}, {"type": "Feature", "properties": {"submitted": true, "locationType": "Unsafe pedestrian or tramway crossing", "greatestDangerTo": "Pedestrians", "layer": "DangerousLocations_hki", "status": "active_hazard"}, "geometry": {"type": "Point", "coordinates": [24.886605000646338, 60.149449999382796]}}, {"type": "Feature", "properties": {"submitted": true, "locationType": "Unsafe pedestrian or tramway crossing", "greatestDangerTo": "Pedestrians", "layer": "DangerousLocations_hki", "status": "active_hazard"}, "geometry": {"type": "Point", "coordinates": [24.964153000678238, 60.1890689994712]}}, {"type": "Feature", "properties": {"submitted": true, "locationType": "Unsafe pedestrian or tramway crossing", "greatestDangerTo": "Pedestrians", "layer": "DangerousLocations_hki", "status": "active_hazard"}, "geometry": {"type": "Point", "coordinates": [24.961755000683922, 60.1873449999694]}}, {"type": "Feature", "properties": {"submitted": true, "locationType": "Unsafe pedestrian or tramway crossing", "greatestDangerTo": "Pedestrians", "layer": "DangerousLocations_hki", "status": "active_hazard"}, "geometry": {"type": "Point", "coordinates": [24.95089900072405, 60.1698509969711]}}, {"type": "Feature", "properties": {"submitted": true, "locationType": "Some other issue", "greatestDangerTo": "Pedestrians", "layer": "DangerousLocations_hki", "status": "active_hazard"}, "geometry": {"type": "Point", "coordinates": [24.944913999826753, 60.17053899567113]}}, {"type": "Feature", "properties": {"submitted": true, "locationType": "Unclear signage", "greatestDangerTo": "Pedestrians", "layer": "DangerousLocations_hki", "status": "active_hazard"}, "geometry": {"type": "Point", "coordinates": [24.94317600059431, 60.169737001951994]}}, {"type": "Feature", "properties": {"submitted": true, "locationType": "Issue regarding quality of the route or its continuity", "greatestDangerTo": "Cyclists (incl. e-bikes)", "layer": "DangerousLocations_hki", "status": "active_hazard"}, "geometry": {"type": "Point", "coordinates": [24.953398000162796, 60.17156800075285]}}, {"type": "Feature", "properties": {"submitted": true, "locationType": "A dangerous or difficult intersection", "greatestDangerTo": "Car drivers", "layer": "DangerousLocations_hki", "status": "active_hazard"}, "geometry": {"type": "Point", "coordinates": [24.9570009996934, 60.19453199558683]}}, {"type": "Feature", "properties": {"submitted": true, "locationType": "Unsafe pedestrian or tramway crossing", "greatestDangerTo": "Pedestrians", "layer": "DangerousLocations_hki", "status": "active_hazard"}, "geometry": {"type": "Point", "coordinates": [24.96093200044391, 60.196520001459504]}}]}