{"type": "FeatureCollection", "features": [{"type": "Feature", "properties": {"category": "on_pavement", "vehicleCount": null, "obstructsOthers": null, "hazardToOthers": null, "submittedAt": "2024-06-06 10:37:11.149"}, "geometry": {"type": "Point", "coordinates": [24.952471, 60.180694]}}, {"type": "Feature", "properties": {"category": "on_pavement", "vehicleCount": null, "obstructsOthers": null, "hazardToOthers": null, "submittedAt": "2024-06-06 10:37:11.149"}, "geometry": {"type": "Point", "coordinates": [24.960032, 60.184707999999986]}}, {"type": "Feature", "properties": {"category": "on_pavement", "vehicleCount": null, "obstructsOthers": null, "hazardToOthers": null, "submittedAt": "2024-06-06 10:37:11.149"}, "geometry": {"type": "Point", "coordinates": [24.9597, 60.187469]}}, {"type": "Feature", "properties": {"category": "on_pavement", "vehicleCount": null, "obstructsOthers": null, "hazardToOthers": null, "submittedAt": "2024-06-06 10:37:11.149"}, "geometry": {"type": "Point", "coordinates": [24.959791, 60.187679999999986]}}, {"type": "Feature", "properties": {"category": "on_pavement", "vehicleCount": null, "obstructsOthers": null, "hazardToOthers": null, "submittedAt": "2024-06-07 10:57:47.134"}, "geometry": {"type": "Point", "coordinates": [24.974868, 60.189593]}}, {"type": "Feature", "properties": {"category": "on_pavement", "vehicleCount": null, "obstructsOthers": null, "hazardToOthers": null, "submittedAt": "2024-06-07 10:57:47.134"}, "geometry": {"type": "Point", "coordinates": [24.971143, 60.189657000000004]}}, {"type": "Feature", "properties": {"category": "on_pavement", "vehicleCount": null, "obstructsOthers": null, "hazardToOthers": null, "submittedAt": "2024-06-07 10:57:47.134"}, "geometry": {"type": "Point", "coordinates": [24.947481, 60.179356]}}, {"type": "Feature", "properties": {"category": "on_pavement", "vehicleCount": null, "obstructsOthers": null, "hazardToOthers": null, "submittedAt": "2024-06-07 10:57:47.134"}, "geometry": {"type": "Point", "coordinates": [24.946478, 60.17894299999999]}}, {"type": "Feature", "properties": {"category": "on_pavement", "vehicleCount": null, "obstructsOthers": null, "hazardToOthers": null, "submittedAt": "2024-06-07 10:57:47.134"}, "geometry": {"type": "Point", "coordinates": [24.961263, 60.186620000000005]}}, {"type": "Feature", "properties": {"category": "on_pavement", "vehicleCount": null, "obstructsOthers": null, "hazardToOthers": null, "submittedAt": "2024-06-10 07:34:15.248"}, "geometry": {"type": "Point", "coordinates": [24.960534, 60.18752200000001]}}, {"type": "Feature", "properties": {"category": "on_pavement", "vehicleCount": null, "obstructsOthers": null, "hazardToOthers": null, "submittedAt": "2024-06-10 07:34:15.248"}, "geometry": {"type": "Point", "coordinates": [24.960137, 60.188290000000016]}}, {"type": "Feature", "properties": {"category": "on_pavement", "vehicleCount": null, "obstructsOthers": null, "hazardToOthers": null, "submittedAt": "2024-06-10 07:34:15.248"}, "geometry": {"type": "Point", "coordinates": [24.960342, 60.1882]}}, {"type": "Feature", "properties": {"category": "on_pavement", "vehicleCount": null, "obstructsOthers": null, "hazardToOthers": null, "submittedAt": "2024-06-10 07:34:15.248"}, "geometry": {"type": "Point", "coordinates": [24.955115, 60.187325]}}, {"type": "Feature", "properties": {"category": "on_pavement", "vehicleCount": null, "obstructsOthers": null, "hazardToOthers": null, "submittedAt": "2024-06-10 07:34:15.248"}, "geometry": {"type": "Point", "coordinates": [24.95295, 60.183486]}}, {"type": "Feature", "properties": {"category": "on_pavement", "vehicleCount": null, "obstructsOthers": null, "hazardToOthers": null, "submittedAt": "2024-06-10 07:34:15.248"}, "geometry": {"type": "Point", "coordinates": [24.949067, 60.180849999999985]}}, {"type": "Feature", "properties": {"category": "on_pavement", "vehicleCount": null, "obstructsOthers": null, "hazardToOthers": null, "submittedAt": "2024-06-10 07:34:15.248"}, "geometry": {"type": "Point", "coordinates": [24.949522, 60.179699]}}, {"type": "Feature", "properties": {"category": "on_pavement", "vehicleCount": null, "obstructsOthers": null, "hazardToOthers": null, "submittedAt": "2024-06-10 07:34:15.248"}, "geometry": {"type": "Point", "coordinates": [24.950761, 60.179521]}}, {"type": "Feature", "properties": {"category": "on_pavement", "vehicleCount": null, "obstructsOthers": null, "hazardToOthers": null, "submittedAt": "2024-06-10 15:19:30.744"}, "geometry": {"type": "Point", "coordinates": [24.949159, 60.181305]}}, {"type": "Feature", "properties": {"category": "on_pavement", "vehicleCount": null, "obstructsOthers": null, "hazardToOthers": null, "submittedAt": "2024-06-10 15:19:30.744"}, "geometry": {"type": "Point", "coordinates": [24.954915, 60.181780999999994]}}, {"type": "Feature", "properties": {"category": "on_pavement", "vehicleCount": null, "obstructsOthers": null, "hazardToOthers": null, "submittedAt": "2024-06-10 15:19:30.744"}, "geometry": {"type": "Point", "coordinates": [24.954043, 60.186597]}}, {"type": "Feature", "properties": {"category": "on_pavement", "vehicleCount": null, "obstructsOthers": null, "hazardToOthers": null, "submittedAt": "2024-06-10 15:19:30.744"}, "geometry": {"type": "Point", "coordinates": [24.951217000000003, 60.18607699999998]}}, {"type": "Feature", "properties": {"category": "on_pavement", "vehicleCount": null, "obstructsOthers": null, "hazardToOthers": null, "submittedAt": "2024-06-10 15:19:30.744"}, "geometry": {"type": "Point", "coordinates": [24.952506000000003, 60.187056]}}, {"type": "Feature", "properties": {"category": "on_pavement", "vehicleCount": null, "obstructsOthers": null, "hazardToOthers": null, "submittedAt": "2024-06-10 15:19:30.744"}, "geometry": {"type": "Point", "coordinates": [24.95342, 60.187237]}}, {"type": "Feature", "properties": {"category": "on_pavement", "vehicleCount": null, "obstructsOthers": null, "hazardToOthers": null, "submittedAt": "2024-06-10 15:19:30.744"}, "geometry": {"type": "Point", "coordinates": [24.960641, 60.18836999999999]}}, {"type": "Feature", "properties": {"category": "on_pavement", "vehicleCount": null, "obstructsOthers": null, "hazardToOthers": null, "submittedAt": "2024-06-12 06:29:47.238"}, "geometry": {"type": "Point", "coordinates": [24.950116, 60.181275000000014]}}, {"type": "Feature", "properties": {"category": "on_pavement", "vehicleCount": null, "obstructsOthers": null, "hazardToOthers": null, "submittedAt": "2024-06-12 06:29:47.238"}, "geometry": {"type": "Point", "coordinates": [24.962506, 60.18763599999999]}}, {"type": "Feature", "properties": {"category": "on_pavement", "vehicleCount": null, "obstructsOthers": null, "hazardToOthers": null, "submittedAt": "2024-06-12 06:29:47.238"}, "geometry": {"type": "Point", "coordinates": [24.959924, 60.18771699999999]}}, {"type": "Feature", "properties": {"category": "on_pavement", "vehicleCount": null, "obstructsOthers": null, "hazardToOthers": null, "submittedAt": "2024-06-12 06:29:47.238"}, "geometry": {"type": "Point", "coordinates": [24.955398, 60.18727700000001]}}, {"type": "Feature", "properties": {"category": "on_pavement", "vehicleCount": null, "obstructsOthers": null, "hazardToOthers": null, "submittedAt": "2024-06-12 06:29:47.238"}, "geometry": {"type": "Point", "coordinates": [24.957118000000005, 60.188447000000004]}}, {"type": "Feature", "properties": {"category": "on_pavement", "vehicleCount": null, "obstructsOthers": null, "hazardToOthers": null, "submittedAt": "2024-06-12 06:29:47.238"}, "geometry": {"type": "Point", "coordinates": [24.952644, 60.189755999999996]}}, {"type": "Feature", "properties": {"category": "on_pavement", "vehicleCount": null, "obstructsOthers": null, "hazardToOthers": null, "submittedAt": "2024-06-17 06:27:29.085"}, "geometry": {"type": "Point", "coordinates": [24.964181000000004, 60.189058]}}, {"type": "Feature", "properties": {"category": "on_pavement", "vehicleCount": null, "obstructsOthers": null, "hazardToOthers": null, "submittedAt": "2024-06-17 06:27:29.085"}, "geometry": {"type": "Point", "coordinates": [24.963775, 60.188463]}}, {"type": "Feature", "properties": {"category": "on_pavement", "vehicleCount": null, "obstructsOthers": null, "hazardToOthers": null, "submittedAt": "2024-06-17 06:27:29.085"}, "geometry": {"type": "Point", "coordinates": [24.961141, 60.187886]}}, {"type": "Feature", "properties": {"category": "on_pavement", "vehicleCount": null, "obstructsOthers": null, "hazardToOthers": null, "submittedAt": "2024-06-17 06:27:29.085"}, "geometry": {"type": "Point", "coordinates": [24.960321, 60.18753599999999]}}, {"type": "Feature", "properties": {"category": "on_pavement", "vehicleCount": null, "obstructsOthers": null, "hazardToOthers": null, "submittedAt": "2024-06-17 06:27:29.085"}, "geometry": {"type": "Point", "coordinates": [24.957718, 60.18755299999999]}}, {"type": "Feature", "properties": {"category": "on_pavement", "vehicleCount": null, "obstructsOthers": null, "hazardToOthers": null, "submittedAt": "2024-06-17 06:27:29.085"}, "geometry": {"type": "Point", "coordinates": [24.956662, 60.187398]}}, {"type": "Feature", "properties": {"category": "on_pavement", "vehicleCount": null, "obstructsOthers": null, "hazardToOthers": null, "submittedAt": "2024-06-17 06:27:29.085"}, "geometry": {"type": "Point", "coordinates": [24.956162, 60.18740200000001]}}, {"type": "Feature", "properties": {"category": "on_pavement", "vehicleCount": null, "obstructsOthers": null, "hazardToOthers": null, "submittedAt": "2024-06-17 06:27:29.085"}, "geometry": {"type": "Point", "coordinates": [24.955922, 60.187505]}}, {"type": "Feature", "properties": {"category": "on_pavement", "vehicleCount": null, "obstructsOthers": null, "hazardToOthers": null, "submittedAt": "2024-06-17 06:27:29.085"}, "geometry": {"type": "Point", "coordinates": [24.954453, 60.188491]}}, {"type": "Feature", "properties": {"category": "on_pavement", "vehicleCount": null, "obstructsOthers": null, "hazardToOthers": null, "submittedAt": "2024-06-17 06:27:29.085"}, "geometry": {"type": "Point", "coordinates": [24.956296, 60.18827400000001]}}, {"type": "Feature", "properties": {"category": "on_pavement", "vehicleCount": null, "obstructsOthers": null, "hazardToOthers": null, "submittedAt": "2024-06-17 06:27:29.085"}, "geometry": {"type": "Point", "coordinates": [24.957253, 60.18843600000001]}}, {"type": "Feature", "properties": {"category": "on_pavement", "vehicleCount": null, "obstructsOthers": null, "hazardToOthers": null, "submittedAt": "2024-06-17 06:27:29.085"}, "geometry": {"type": "Point", "coordinates": [24.961273, 60.185674000000006]}}, {"type": "Feature", "properties": {"category": "on_pavement", "vehicleCount": null, "obstructsOthers": null, "hazardToOthers": null, "submittedAt": "2024-06-17 06:27:29.085"}, "geometry": {"type": "Point", "coordinates": [24.960655, 60.18518600000001]}}, {"type": "Feature", "properties": {"category": "on_pavement", "vehicleCount": null, "obstructsOthers": null, "hazardToOthers": null, "submittedAt": "2024-06-17 06:27:29.085"}, "geometry": {"type": "Point", "coordinates": [24.960175, 60.18474]}}, {"type": "Feature", "properties": {"category": "on_pavement", "vehicleCount": null, "obstructsOthers": null, "hazardToOthers": null, "submittedAt": "2024-06-17 06:27:29.085"}, "geometry": {"type": "Point", "coordinates": [24.959887, 60.184293]}}, {"type": "Feature", "properties": {"category": "on_pavement", "vehicleCount": null, "obstructsOthers": null, "hazardToOthers": null, "submittedAt": "2024-06-17 06:27:29.085"}, "geometry": {"type": "Point", "coordinates": [24.958757, 60.18363499999998]}}, {"type": "Feature", "properties": {"category": "on_pavement", "vehicleCount": null, "obstructsOthers": null, "hazardToOthers": null, "submittedAt": "2024-06-17 06:27:29.085"}, "geometry": {"type": "Point", "coordinates": [24.958036, 60.182947]}}, {"type": "Feature", "properties": {"category": "on_pavement", "vehicleCount": null, "obstructsOthers": null, "hazardToOthers": null, "submittedAt": "2024-06-17 06:27:29.085"}, "geometry": {"type": "Point", "coordinates": [24.952182, 60.180084]}}, {"type": "Feature", "properties": {"category": "on_pavement", "vehicleCount": null, "obstructsOthers": null, "hazardToOthers": null, "submittedAt": "2024-06-17 06:27:29.085"}, "geometry": {"type": "Point", "coordinates": [24.950761, 60.179484999999985]}}, {"type": "Feature", "properties": {"category": "on_pavement", "vehicleCount": null, "obstructsOthers": null, "hazardToOthers": null, "submittedAt": "2024-06-17 06:27:29.085"}, "geometry": {"type": "Point", "coordinates": [24.951997, 60.179134]}}, {"type": "Feature", "properties": {"category": "on_pavement", "vehicleCount": null, "obstructsOthers": null, "hazardToOthers": null, "submittedAt": "2024-06-17 06:27:29.085"}, "geometry": {"type": "Point", "coordinates": [24.949041, 60.181474]}}, {"type": "Feature", "properties": {"category": "on_pavement", "vehicleCount": null, "obstructsOthers": null, "hazardToOthers": null, "submittedAt": "2024-06-17 06:27:29.085"}, "geometry": {"type": "Point", "coordinates": [24.946749, 60.18275699999998]}}, {"type": "Feature", "properties": {"category": "on_pavement", "vehicleCount": null, "obstructsOthers": null, "hazardToOthers": null, "submittedAt": "2024-06-17 06:27:29.085"}, "geometry": {"type": "Point", "coordinates": [24.948904, 60.182557]}}, {"type": "Feature", "properties": {"category": "on_pavement", "vehicleCount": null, "obstructsOthers": null, "hazardToOthers": null, "submittedAt": "2024-06-17 06:27:29.085"}, "geometry": {"type": "Point", "coordinates": [24.943796, 60.185177999999986]}}, {"type": "Feature", "properties": {"category": "on_pavement", "vehicleCount": null, "obstructsOthers": null, "hazardToOthers": null, "submittedAt": "2024-06-18 15:07:01.688"}, "geometry": {"type": "Point", "coordinates": [24.961636, 60.187814]}}, {"type": "Feature", "properties": {"category": "on_pavement", "vehicleCount": null, "obstructsOthers": null, "hazardToOthers": null, "submittedAt": "2024-06-18 15:07:01.688"}, "geometry": {"type": "Point", "coordinates": [24.956105, 60.187651999999986]}}, {"type": "Feature", "properties": {"category": "on_pavement", "vehicleCount": null, "obstructsOthers": null, "hazardToOthers": null, "submittedAt": "2024-06-18 15:07:01.688"}, "geometry": {"type": "Point", "coordinates": [24.955686, 60.187096000000004]}}, {"type": "Feature", "properties": {"category": "on_pavement", "vehicleCount": null, "obstructsOthers": null, "hazardToOthers": null, "submittedAt": "2024-06-18 15:07:01.688"}, "geometry": {"type": "Point", "coordinates": [24.940377, 60.185768]}}, {"type": "Feature", "properties": {"category": "on_pavement", "vehicleCount": null, "obstructsOthers": null, "hazardToOthers": null, "submittedAt": "2024-06-18 15:07:01.688"}, "geometry": {"type": "Point", "coordinates": [24.942125, 60.180992]}}, {"type": "Feature", "properties": {"category": "on_pavement", "vehicleCount": null, "obstructsOthers": null, "hazardToOthers": null, "submittedAt": "2024-06-18 15:07:01.688"}, "geometry": {"type": "Point", "coordinates": [24.949015, 60.18085800000001]}}, {"type": "Feature", "properties": {"category": "on_pavement", "vehicleCount": null, "obstructsOthers": null, "hazardToOthers": null, "submittedAt": "2024-06-18 15:07:01.688"}, "geometry": {"type": "Point", "coordinates": [24.952065, 60.17908800000001]}}, {"type": "Feature", "properties": {"category": "on_pavement", "vehicleCount": null, "obstructsOthers": null, "hazardToOthers": null, "submittedAt": "2024-06-18 15:07:01.688"}, "geometry": {"type": "Point", "coordinates": [24.952206, 60.180673]}}, {"type": "Feature", "properties": {"category": "on_pavement", "vehicleCount": null, "obstructsOthers": null, "hazardToOthers": null, "submittedAt": "2024-06-18 15:07:01.688"}, "geometry": {"type": "Point", "coordinates": [24.953555, 60.180827]}}, {"type": "Feature", "properties": {"category": "on_pavement", "vehicleCount": null, "obstructsOthers": null, "hazardToOthers": null, "submittedAt": "2024-06-18 15:07:01.688"}, "geometry": {"type": "Point", "coordinates": [24.956009, 60.18207100000001]}}, {"type": "Feature", "properties": {"category": "on_pavement", "vehicleCount": null, "obstructsOthers": null, "hazardToOthers": null, "submittedAt": "2024-06-18 15:07:01.688"}, "geometry": {"type": "Point", "coordinates": [24.958226, 60.183034]}}, {"type": "Feature", "properties": {"category": "on_pavement", "vehicleCount": null, "obstructsOthers": null, "hazardToOthers": null, "submittedAt": "2024-06-18 15:07:01.688"}, "geometry": {"type": "Point", "coordinates": [24.961955, 60.185912]}}, {"type": "Feature", "properties": {"category": "on_pavement", "vehicleCount": null, "obstructsOthers": null, "hazardToOthers": null, "submittedAt": "2024-06-18 15:07:01.688"}, "geometry": {"type": "Point", "coordinates": [24.963622, 60.18807900000001]}}, {"type": "Feature", "properties": {"category": "on_pavement", "vehicleCount": null, "obstructsOthers": null, "hazardToOthers": null, "submittedAt": "2024-06-24 14:24:40.071"}, "geometry": {"type": "Point", "coordinates": [24.949215, 60.17960200000002]}}, {"type": "Feature", "properties": {"category": "on_pavement", "vehicleCount": null, "obstructsOthers": null, "hazardToOthers": null, "submittedAt": "2024-06-24 14:24:40.071"}, "geometry": {"type": "Point", "coordinates": [24.949425, 60.17970999999999]}}, {"type": "Feature", "properties": {"category": "on_pavement", "vehicleCount": null, "obstructsOthers": null, "hazardToOthers": null, "submittedAt": "2024-06-24 14:24:40.071"}, "geometry": {"type": "Point", "coordinates": [24.948169, 60.17971799999999]}}, {"type": "Feature", "properties": {"category": "on_pavement", "vehicleCount": null, "obstructsOthers": null, "hazardToOthers": null, "submittedAt": "2024-06-24 14:24:40.071"}, "geometry": {"type": "Point", "coordinates": [24.948595, 60.178445]}}, {"type": "Feature", "properties": {"category": "on_pavement", "vehicleCount": null, "obstructsOthers": null, "hazardToOthers": null, "submittedAt": "2024-06-24 14:24:40.071"}, "geometry": {"type": "Point", "coordinates": [24.950679, 60.17945900000001]}}, {"type": "Feature", "properties": {"category": "on_pavement", "vehicleCount": null, "obstructsOthers": null, "hazardToOthers": null, "submittedAt": "2024-06-24 14:24:40.071"}, "geometry": {"type": "Point", "coordinates": [24.951245, 60.17963300000001]}}, {"type": "Feature", "properties": {"category": "on_pavement", "vehicleCount": null, "obstructsOthers": null, "hazardToOthers": null, "submittedAt": "2024-06-24 14:24:40.071"}, "geometry": {"type": "Point", "coordinates": [24.952107, 60.179952]}}, {"type": "Feature", "properties": {"category": "on_pavement", "vehicleCount": null, "obstructsOthers": null, "hazardToOthers": null, "submittedAt": "2024-06-24 14:24:40.071"}, "geometry": {"type": "Point", "coordinates": [24.951627, 60.180652999999985]}}, {"type": "Feature", "properties": {"category": "on_pavement", "vehicleCount": null, "obstructsOthers": null, "hazardToOthers": null, "submittedAt": "2024-06-24 14:24:40.071"}, "geometry": {"type": "Point", "coordinates": [24.95277, 60.181075]}}, {"type": "Feature", "properties": {"category": "on_pavement", "vehicleCount": null, "obstructsOthers": null, "hazardToOthers": null, "submittedAt": "2024-06-24 14:24:40.071"}, "geometry": {"type": "Point", "coordinates": [24.950708000000002, 60.181684999999995]}}, {"type": "Feature", "properties": {"category": "on_pavement", "vehicleCount": null, "obstructsOthers": null, "hazardToOthers": null, "submittedAt": "2024-06-24 14:24:40.071"}, "geometry": {"type": "Point", "coordinates": [24.949473, 60.182376999999995]}}, {"type": "Feature", "properties": {"category": "on_pavement", "vehicleCount": null, "obstructsOthers": null, "hazardToOthers": null, "submittedAt": "2024-06-24 14:24:40.071"}, "geometry": {"type": "Point", "coordinates": [24.944045, 60.184507]}}, {"type": "Feature", "properties": {"category": "on_pavement", "vehicleCount": null, "obstructsOthers": null, "hazardToOthers": null, "submittedAt": "2024-06-24 14:24:40.071"}, "geometry": {"type": "Point", "coordinates": [24.946517, 60.18465500000001]}}, {"type": "Feature", "properties": {"category": "on_pavement", "vehicleCount": null, "obstructsOthers": null, "hazardToOthers": null, "submittedAt": "2024-06-24 14:24:40.071"}, "geometry": {"type": "Point", "coordinates": [24.950783, 60.182869999999994]}}, {"type": "Feature", "properties": {"category": "on_pavement", "vehicleCount": null, "obstructsOthers": null, "hazardToOthers": null, "submittedAt": "2024-06-24 14:24:40.071"}, "geometry": {"type": "Point", "coordinates": [24.953657, 60.18196600000001]}}, {"type": "Feature", "properties": {"category": "on_pavement", "vehicleCount": null, "obstructsOthers": null, "hazardToOthers": null, "submittedAt": "2024-06-24 14:24:40.071"}, "geometry": {"type": "Point", "coordinates": [24.954837, 60.18184400000001]}}, {"type": "Feature", "properties": {"category": "on_pavement", "vehicleCount": null, "obstructsOthers": null, "hazardToOthers": null, "submittedAt": "2024-06-24 14:24:40.071"}, "geometry": {"type": "Point", "coordinates": [24.95702, 60.182486999999995]}}, {"type": "Feature", "properties": {"category": "on_pavement", "vehicleCount": null, "obstructsOthers": null, "hazardToOthers": null, "submittedAt": "2024-06-24 14:24:40.071"}, "geometry": {"type": "Point", "coordinates": [24.957344, 60.182616999999986]}}, {"type": "Feature", "properties": {"category": "on_pavement", "vehicleCount": null, "obstructsOthers": null, "hazardToOthers": null, "submittedAt": "2024-06-24 14:24:40.071"}, "geometry": {"type": "Point", "coordinates": [24.958622, 60.18308499999999]}}, {"type": "Feature", "properties": {"category": "on_pavement", "vehicleCount": null, "obstructsOthers": null, "hazardToOthers": null, "submittedAt": "2024-06-24 14:24:40.071"}, "geometry": {"type": "Point", "coordinates": [24.959146, 60.18401400000002]}}, {"type": "Feature", "properties": {"category": "on_pavement", "vehicleCount": null, "obstructsOthers": null, "hazardToOthers": null, "submittedAt": "2024-06-24 14:24:40.071"}, "geometry": {"type": "Point", "coordinates": [24.959688, 60.18413600000002]}}, {"type": "Feature", "properties": {"category": "on_pavement", "vehicleCount": null, "obstructsOthers": null, "hazardToOthers": null, "submittedAt": "2024-06-24 14:24:40.071"}, "geometry": {"type": "Point", "coordinates": [24.961173, 60.185388999999994]}}, {"type": "Feature", "properties": {"category": "on_pavement", "vehicleCount": null, "obstructsOthers": null, "hazardToOthers": null, "submittedAt": "2024-06-24 14:24:40.071"}, "geometry": {"type": "Point", "coordinates": [24.962443, 60.18759799999999]}}, {"type": "Feature", "properties": {"category": "on_pavement", "vehicleCount": null, "obstructsOthers": null, "hazardToOthers": null, "submittedAt": "2024-06-24 14:24:40.071"}, "geometry": {"type": "Point", "coordinates": [24.955598, 60.18713000000001]}}, {"type": "Feature", "properties": {"category": "on_pavement", "vehicleCount": null, "obstructsOthers": null, "hazardToOthers": null, "submittedAt": "2024-06-24 14:24:40.071"}, "geometry": {"type": "Point", "coordinates": [24.963053, 60.187714000000014]}}, {"type": "Feature", "properties": {"category": "on_pavement", "vehicleCount": null, "obstructsOthers": null, "hazardToOthers": null, "submittedAt": "2024-06-24 14:24:40.071"}, "geometry": {"type": "Point", "coordinates": [24.963574000000005, 60.187974000000004]}}, {"type": "Feature", "properties": {"category": "on_pavement", "vehicleCount": null, "obstructsOthers": null, "hazardToOthers": null, "submittedAt": "2024-06-25 12:36:12.022"}, "geometry": {"type": "Point", "coordinates": [24.950724, 60.17963099999997]}}, {"type": "Feature", "properties": {"category": "on_pavement", "vehicleCount": null, "obstructsOthers": null, "hazardToOthers": null, "submittedAt": "2024-06-25 12:36:12.022"}, "geometry": {"type": "Point", "coordinates": [24.950703, 60.179890999999984]}}, {"type": "Feature", "properties": {"category": "on_pavement", "vehicleCount": null, "obstructsOthers": null, "hazardToOthers": null, "submittedAt": "2024-06-25 12:36:12.022"}, "geometry": {"type": "Point", "coordinates": [24.951129, 60.17973399999999]}}, {"type": "Feature", "properties": {"category": "on_pavement", "vehicleCount": null, "obstructsOthers": null, "hazardToOthers": null, "submittedAt": "2024-06-25 12:36:12.022"}, "geometry": {"type": "Point", "coordinates": [24.94931, 60.17966]}}, {"type": "Feature", "properties": {"category": "on_pavement", "vehicleCount": null, "obstructsOthers": null, "hazardToOthers": null, "submittedAt": "2024-06-25 12:36:12.022"}, "geometry": {"type": "Point", "coordinates": [24.956271, 60.18196799999999]}}, {"type": "Feature", "properties": {"category": "on_pavement", "vehicleCount": null, "obstructsOthers": null, "hazardToOthers": null, "submittedAt": "2024-06-25 12:36:12.022"}, "geometry": {"type": "Point", "coordinates": [24.958197, 60.183325999999994]}}, {"type": "Feature", "properties": {"category": "on_pavement", "vehicleCount": null, "obstructsOthers": null, "hazardToOthers": null, "submittedAt": "2024-06-25 12:36:12.022"}, "geometry": {"type": "Point", "coordinates": [24.959487, 60.18404599999999]}}, {"type": "Feature", "properties": {"category": "on_pavement", "vehicleCount": null, "obstructsOthers": null, "hazardToOthers": null, "submittedAt": "2024-06-25 12:36:12.022"}, "geometry": {"type": "Point", "coordinates": [24.962221000000003, 60.18768199999998]}}, {"type": "Feature", "properties": {"category": "on_pavement", "vehicleCount": null, "obstructsOthers": null, "hazardToOthers": null, "submittedAt": "2024-06-25 12:36:12.022"}, "geometry": {"type": "Point", "coordinates": [24.96228, 60.187891000000015]}}, {"type": "Feature", "properties": {"category": "on_pavement", "vehicleCount": null, "obstructsOthers": null, "hazardToOthers": null, "submittedAt": "2024-06-25 12:36:12.022"}, "geometry": {"type": "Point", "coordinates": [24.955359, 60.187124]}}, {"type": "Feature", "properties": {"category": "on_pavement", "vehicleCount": null, "obstructsOthers": null, "hazardToOthers": null, "submittedAt": "2024-06-25 12:36:12.022"}, "geometry": {"type": "Point", "coordinates": [24.952434, 60.18692499999999]}}, {"type": "Feature", "properties": {"category": "on_pavement", "vehicleCount": null, "obstructsOthers": null, "hazardToOthers": null, "submittedAt": "2024-06-25 12:36:12.022"}, "geometry": {"type": "Point", "coordinates": [24.951517, 60.185494000000006]}}, {"type": "Feature", "properties": {"category": "on_pavement", "vehicleCount": null, "obstructsOthers": null, "hazardToOthers": null, "submittedAt": "2024-06-25 12:36:12.022"}, "geometry": {"type": "Point", "coordinates": [24.953114, 60.184267]}}, {"type": "Feature", "properties": {"category": "on_pavement", "vehicleCount": null, "obstructsOthers": null, "hazardToOthers": null, "submittedAt": "2024-06-25 12:36:12.022"}, "geometry": {"type": "Point", "coordinates": [24.955434, 60.18422]}}, {"type": "Feature", "properties": {"category": "on_pavement", "vehicleCount": null, "obstructsOthers": null, "hazardToOthers": null, "submittedAt": "2024-06-25 12:36:12.022"}, "geometry": {"type": "Point", "coordinates": [24.955634, 60.1854]}}, {"type": "Feature", "properties": {"category": "on_pavement", "vehicleCount": null, "obstructsOthers": null, "hazardToOthers": null, "submittedAt": "2024-06-25 12:36:12.022"}, "geometry": {"type": "Point", "coordinates": [24.949508, 60.180999]}}, {"type": "Feature", "properties": {"category": "on_pavement", "vehicleCount": null, "obstructsOthers": null, "hazardToOthers": null, "submittedAt": "2024-06-25 12:36:12.022"}, "geometry": {"type": "Point", "coordinates": [24.950729000000003, 60.186801]}}, {"type": "Feature", "properties": {"category": "on_pavement", "vehicleCount": null, "obstructsOthers": null, "hazardToOthers": null, "submittedAt": "2024-06-25 12:36:12.022"}, "geometry": {"type": "Point", "coordinates": [24.948374, 60.186847]}}, {"type": "Feature", "properties": {"category": "on_pavement", "vehicleCount": null, "obstructsOthers": null, "hazardToOthers": null, "submittedAt": "2024-06-28 08:07:30.200"}, "geometry": {"type": "Point", "coordinates": [24.949396, 60.18091999999999]}}, {"type": "Feature", "properties": {"category": "on_pavement", "vehicleCount": null, "obstructsOthers": null, "hazardToOthers": null, "submittedAt": "2024-06-28 08:07:30.200"}, "geometry": {"type": "Point", "coordinates": [24.948933, 60.180656000000006]}}, {"type": "Feature", "properties": {"category": "on_pavement", "vehicleCount": null, "obstructsOthers": null, "hazardToOthers": null, "submittedAt": "2024-06-28 08:07:30.200"}, "geometry": {"type": "Point", "coordinates": [24.945201, 60.180663999999986]}}, {"type": "Feature", "properties": {"category": "on_pavement", "vehicleCount": null, "obstructsOthers": null, "hazardToOthers": null, "submittedAt": "2024-06-28 08:07:30.200"}, "geometry": {"type": "Point", "coordinates": [24.941846000000005, 60.18093300000001]}}, {"type": "Feature", "properties": {"category": "on_pavement", "vehicleCount": null, "obstructsOthers": null, "hazardToOthers": null, "submittedAt": "2024-06-28 08:07:30.200"}, "geometry": {"type": "Point", "coordinates": [24.942129000000005, 60.185136]}}, {"type": "Feature", "properties": {"category": "on_pavement", "vehicleCount": null, "obstructsOthers": null, "hazardToOthers": null, "submittedAt": "2024-06-28 08:07:30.200"}, "geometry": {"type": "Point", "coordinates": [24.943588, 60.185148]}}, {"type": "Feature", "properties": {"category": "on_pavement", "vehicleCount": null, "obstructsOthers": null, "hazardToOthers": null, "submittedAt": "2024-06-28 08:07:30.200"}, "geometry": {"type": "Point", "coordinates": [24.944606, 60.184789]}}, {"type": "Feature", "properties": {"category": "on_pavement", "vehicleCount": null, "obstructsOthers": null, "hazardToOthers": null, "submittedAt": "2024-06-28 08:07:30.200"}, "geometry": {"type": "Point", "coordinates": [24.946147, 60.184899]}}, {"type": "Feature", "properties": {"category": "on_pavement", "vehicleCount": null, "obstructsOthers": null, "hazardToOthers": null, "submittedAt": "2024-06-28 08:07:30.200"}, "geometry": {"type": "Point", "coordinates": [24.951617000000002, 60.185645999999984]}}, {"type": "Feature", "properties": {"category": "on_pavement", "vehicleCount": null, "obstructsOthers": null, "hazardToOthers": null, "submittedAt": "2024-06-28 08:07:30.200"}, "geometry": {"type": "Point", "coordinates": [24.951759, 60.184414]}}, {"type": "Feature", "properties": {"category": "on_pavement", "vehicleCount": null, "obstructsOthers": null, "hazardToOthers": null, "submittedAt": "2024-06-28 08:07:30.200"}, "geometry": {"type": "Point", "coordinates": [24.953001, 60.187885]}}, {"type": "Feature", "properties": {"category": "on_pavement", "vehicleCount": null, "obstructsOthers": null, "hazardToOthers": null, "submittedAt": "2024-06-28 08:07:30.200"}, "geometry": {"type": "Point", "coordinates": [24.956337, 60.18603900000002]}}, {"type": "Feature", "properties": {"category": "on_pavement", "vehicleCount": null, "obstructsOthers": null, "hazardToOthers": null, "submittedAt": "2024-06-28 08:07:30.200"}, "geometry": {"type": "Point", "coordinates": [24.956234, 60.187906]}}, {"type": "Feature", "properties": {"category": "on_pavement", "vehicleCount": null, "obstructsOthers": null, "hazardToOthers": null, "submittedAt": "2024-06-28 08:07:30.200"}, "geometry": {"type": "Point", "coordinates": [24.954202, 60.18769300000001]}}, {"type": "Feature", "properties": {"category": "on_pavement", "vehicleCount": null, "obstructsOthers": null, "hazardToOthers": null, "submittedAt": "2024-06-28 08:07:30.200"}, "geometry": {"type": "Point", "coordinates": [24.953132, 60.187540000000006]}}, {"type": "Feature", "properties": {"category": "on_pavement", "vehicleCount": null, "obstructsOthers": null, "hazardToOthers": null, "submittedAt": "2024-06-28 08:07:30.200"}, "geometry": {"type": "Point", "coordinates": [24.952959, 60.189156999999994]}}, {"type": "Feature", "properties": {"category": "on_pavement", "vehicleCount": null, "obstructsOthers": null, "hazardToOthers": null, "submittedAt": "2024-06-28 08:07:30.200"}, "geometry": {"type": "Point", "coordinates": [24.952604, 60.189706999999984]}}, {"type": "Feature", "properties": {"category": "on_pavement", "vehicleCount": null, "obstructsOthers": null, "hazardToOthers": null, "submittedAt": "2024-06-28 08:07:30.200"}, "geometry": {"type": "Point", "coordinates": [24.952579, 60.190203]}}, {"type": "Feature", "properties": {"category": "on_pavement", "vehicleCount": null, "obstructsOthers": null, "hazardToOthers": null, "submittedAt": "2024-07-01 12:31:27.027"}, "geometry": {"type": "Point", "coordinates": [24.949274, 60.17972000000001]}}, {"type": "Feature", "properties": {"category": "on_pavement", "vehicleCount": null, "obstructsOthers": null, "hazardToOthers": null, "submittedAt": "2024-07-01 12:31:27.027"}, "geometry": {"type": "Point", "coordinates": [24.949523, 60.18090699999998]}}, {"type": "Feature", "properties": {"category": "on_pavement", "vehicleCount": null, "obstructsOthers": null, "hazardToOthers": null, "submittedAt": "2024-07-01 12:31:27.027"}, "geometry": {"type": "Point", "coordinates": [24.945672, 60.181065]}}, {"type": "Feature", "properties": {"category": "on_pavement", "vehicleCount": null, "obstructsOthers": null, "hazardToOthers": null, "submittedAt": "2024-07-01 12:31:27.027"}, "geometry": {"type": "Point", "coordinates": [24.942029, 60.180812]}}, {"type": "Feature", "properties": {"category": "on_pavement", "vehicleCount": null, "obstructsOthers": null, "hazardToOthers": null, "submittedAt": "2024-07-01 12:31:27.027"}, "geometry": {"type": "Point", "coordinates": [24.94768, 60.184174]}}, {"type": "Feature", "properties": {"category": "on_pavement", "vehicleCount": null, "obstructsOthers": null, "hazardToOthers": null, "submittedAt": "2024-07-01 12:31:27.027"}, "geometry": {"type": "Point", "coordinates": [24.947007, 60.18441700000002]}}, {"type": "Feature", "properties": {"category": "on_pavement", "vehicleCount": null, "obstructsOthers": null, "hazardToOthers": null, "submittedAt": "2024-07-01 12:31:27.027"}, "geometry": {"type": "Point", "coordinates": [24.951458, 60.184654]}}, {"type": "Feature", "properties": {"category": "on_pavement", "vehicleCount": null, "obstructsOthers": null, "hazardToOthers": null, "submittedAt": "2024-07-01 12:31:27.027"}, "geometry": {"type": "Point", "coordinates": [24.951633, 60.184147000000024]}}, {"type": "Feature", "properties": {"category": "on_pavement", "vehicleCount": null, "obstructsOthers": null, "hazardToOthers": null, "submittedAt": "2024-07-01 12:31:27.027"}, "geometry": {"type": "Point", "coordinates": [24.953434, 60.184276]}}, {"type": "Feature", "properties": {"category": "on_pavement", "vehicleCount": null, "obstructsOthers": null, "hazardToOthers": null, "submittedAt": "2024-07-01 12:31:27.027"}, "geometry": {"type": "Point", "coordinates": [24.956428, 60.183866999999985]}}, {"type": "Feature", "properties": {"category": "on_pavement", "vehicleCount": null, "obstructsOthers": null, "hazardToOthers": null, "submittedAt": "2024-07-01 12:31:27.027"}, "geometry": {"type": "Point", "coordinates": [24.955711000000004, 60.183291]}}, {"type": "Feature", "properties": {"category": "on_pavement", "vehicleCount": null, "obstructsOthers": null, "hazardToOthers": null, "submittedAt": "2024-07-01 12:31:27.027"}, "geometry": {"type": "Point", "coordinates": [24.955612, 60.186242]}}, {"type": "Feature", "properties": {"category": "on_pavement", "vehicleCount": null, "obstructsOthers": null, "hazardToOthers": null, "submittedAt": "2024-07-01 12:31:27.027"}, "geometry": {"type": "Point", "coordinates": [24.95578, 60.18711699999999]}}, {"type": "Feature", "properties": {"category": "on_pavement", "vehicleCount": null, "obstructsOthers": null, "hazardToOthers": null, "submittedAt": "2024-07-01 12:31:27.027"}, "geometry": {"type": "Point", "coordinates": [24.953172, 60.186063999999995]}}, {"type": "Feature", "properties": {"category": "on_pavement", "vehicleCount": null, "obstructsOthers": null, "hazardToOthers": null, "submittedAt": "2024-07-01 12:31:27.027"}, "geometry": {"type": "Point", "coordinates": [24.952663, 60.189733]}}, {"type": "Feature", "properties": {"category": "on_pavement", "vehicleCount": null, "obstructsOthers": null, "hazardToOthers": null, "submittedAt": "2024-07-01 12:31:27.027"}, "geometry": {"type": "Point", "coordinates": [24.953871000000003, 60.189605]}}, {"type": "Feature", "properties": {"category": "on_pavement", "vehicleCount": null, "obstructsOthers": null, "hazardToOthers": null, "submittedAt": "2024-07-01 12:31:27.027"}, "geometry": {"type": "Point", "coordinates": [24.95585, 60.18864099999999]}}, {"type": "Feature", "properties": {"category": "on_pavement", "vehicleCount": null, "obstructsOthers": null, "hazardToOthers": null, "submittedAt": "2024-07-01 12:31:27.027"}, "geometry": {"type": "Point", "coordinates": [24.961688, 60.189326000000015]}}, {"type": "Feature", "properties": {"category": "on_street", "vehicleCount": null, "obstructsOthers": null, "hazardToOthers": null, "submittedAt": "2024-06-06 10:37:11.149"}, "geometry": {"type": "Point", "coordinates": [24.951593, 60.184172999999994]}}, {"type": "Feature", "properties": {"category": "on_street", "vehicleCount": null, "obstructsOthers": null, "hazardToOthers": null, "submittedAt": "2024-06-10 07:34:15.248"}, "geometry": {"type": "Point", "coordinates": [24.957477, 60.18834900000001]}}, {"type": "Feature", "properties": {"category": "on_street", "vehicleCount": null, "obstructsOthers": null, "hazardToOthers": null, "submittedAt": "2024-06-10 15:19:30.744"}, "geometry": {"type": "Point", "coordinates": [24.952652, 60.184191000000006]}}, {"type": "Feature", "properties": {"category": "on_street", "vehicleCount": null, "obstructsOthers": null, "hazardToOthers": null, "submittedAt": "2024-06-18 15:07:01.688"}, "geometry": {"type": "Point", "coordinates": [24.943621, 60.181299]}}, {"type": "Feature", "properties": {"category": "on_street", "vehicleCount": null, "obstructsOthers": null, "hazardToOthers": null, "submittedAt": "2024-06-24 14:24:40.071"}, "geometry": {"type": "Point", "coordinates": [24.958768, 60.18716800000001]}}, {"type": "Feature", "properties": {"category": "on_street", "vehicleCount": null, "obstructsOthers": null, "hazardToOthers": null, "submittedAt": "2024-06-24 14:24:40.071"}, "geometry": {"type": "Point", "coordinates": [24.95567, 60.18771899999999]}}, {"type": "Feature", "properties": {"category": "on_street", "vehicleCount": null, "obstructsOthers": null, "hazardToOthers": null, "submittedAt": "2024-06-25 12:36:12.022"}, "geometry": {"type": "Point", "coordinates": [24.956303, 60.18530299999998]}}, {"type": "Feature", "properties": {"category": "on_street", "vehicleCount": null, "obstructsOthers": null, "hazardToOthers": null, "submittedAt": "2024-06-25 12:36:12.022"}, "geometry": {"type": "Point", "coordinates": [24.956758, 60.185897999999995]}}, {"type": "Feature", "properties": {"category": "on_street", "vehicleCount": null, "obstructsOthers": null, "hazardToOthers": null, "submittedAt": "2024-06-25 12:36:12.022"}, "geometry": {"type": "Point", "coordinates": [24.954872, 60.18535000000001]}}, {"type": "Feature", "properties": {"category": "on_street", "vehicleCount": null, "obstructsOthers": null, "hazardToOthers": null, "submittedAt": "2024-06-28 08:07:30.200"}, "geometry": {"type": "Point", "coordinates": [24.943857, 60.185148]}}, {"type": "Feature", "properties": {"category": "on_street", "vehicleCount": null, "obstructsOthers": null, "hazardToOthers": null, "submittedAt": "2024-06-28 08:07:30.200"}, "geometry": {"type": "Point", "coordinates": [24.947193, 60.185237000000015]}}, {"type": "Feature", "properties": {"category": "on_street", "vehicleCount": null, "obstructsOthers": null, "hazardToOthers": null, "submittedAt": "2024-06-28 08:07:30.200"}, "geometry": {"type": "Point", "coordinates": [24.951574000000004, 60.18455099999999]}}, {"type": "Feature", "properties": {"category": "on_street", "vehicleCount": null, "obstructsOthers": null, "hazardToOthers": null, "submittedAt": "2024-06-28 08:07:30.200"}, "geometry": {"type": "Point", "coordinates": [24.952838, 60.18420899999999]}}, {"type": "Feature", "properties": {"category": "on_street", "vehicleCount": null, "obstructsOthers": null, "hazardToOthers": null, "submittedAt": "2024-06-28 08:07:30.200"}, "geometry": {"type": "Point", "coordinates": [24.953168, 60.184535000000004]}}, {"type": "Feature", "properties": {"category": "on_street", "vehicleCount": null, "obstructsOthers": null, "hazardToOthers": null, "submittedAt": "2024-06-28 08:07:30.200"}, "geometry": {"type": "Point", "coordinates": [24.953095, 60.18487400000002]}}, {"type": "Feature", "properties": {"category": "on_street", "vehicleCount": null, "obstructsOthers": null, "hazardToOthers": null, "submittedAt": "2024-06-28 08:07:30.200"}, "geometry": {"type": "Point", "coordinates": [24.953361, 60.18557999999999]}}, {"type": "Feature", "properties": {"category": "on_street", "vehicleCount": null, "obstructsOthers": null, "hazardToOthers": null, "submittedAt": "2024-06-28 08:07:30.200"}, "geometry": {"type": "Point", "coordinates": [24.95487, 60.185421999999996]}}, {"type": "Feature", "properties": {"category": "on_street", "vehicleCount": null, "obstructsOthers": null, "hazardToOthers": null, "submittedAt": "2024-06-28 08:07:30.200"}, "geometry": {"type": "Point", "coordinates": [24.952963000000004, 60.188670999999985]}}, {"type": "Feature", "properties": {"category": "on_street", "vehicleCount": null, "obstructsOthers": null, "hazardToOthers": null, "submittedAt": "2024-07-01 12:31:27.027"}, "geometry": {"type": "Point", "coordinates": [24.956865, 60.184010000000015]}}, {"type": "Feature", "properties": {"category": "on_street", "vehicleCount": null, "obstructsOthers": null, "hazardToOthers": null, "submittedAt": "2024-07-01 12:31:27.027"}, "geometry": {"type": "Point", "coordinates": [24.954843, 60.18535199999999]}}, {"type": "Feature", "properties": {"category": "on_street", "vehicleCount": null, "obstructsOthers": null, "hazardToOthers": null, "submittedAt": "2024-07-01 12:31:27.027"}, "geometry": {"type": "Point", "coordinates": [24.95538, 60.186375]}}, {"type": "Feature", "properties": {"category": "on_cycleway", "vehicleCount": null, "obstructsOthers": null, "hazardToOthers": null, "submittedAt": "2024-06-06 10:37:11.149"}, "geometry": {"type": "Point", "coordinates": [24.957556, 60.182668]}}, {"type": "Feature", "properties": {"category": "on_cycleway", "vehicleCount": null, "obstructsOthers": null, "hazardToOthers": null, "submittedAt": "2024-06-18 15:07:01.688"}, "geometry": {"type": "Point", "coordinates": [24.957726000000005, 60.183035000000004]}}, {"type": "Feature", "properties": {"category": "on_cycleway", "vehicleCount": null, "obstructsOthers": null, "hazardToOthers": null, "submittedAt": "2024-06-24 14:24:40.071"}, "geometry": {"type": "Point", "coordinates": [24.957595000000005, 60.182950999999996]}}, {"type": "Feature", "properties": {"category": "on_cycleway", "vehicleCount": null, "obstructsOthers": null, "hazardToOthers": null, "submittedAt": "2024-07-01 12:31:27.027"}, "geometry": {"type": "Point", "coordinates": [24.944585, 60.180877999999986]}}, {"type": "Feature", "properties": {"category": "on_cycleway", "vehicleCount": null, "obstructsOthers": null, "hazardToOthers": null, "submittedAt": "2024-07-01 12:31:27.027"}, "geometry": {"type": "Point", "coordinates": [24.958217, 60.189384000000004]}}, {"type": "Feature", "properties": {"category": "outside_parking_zone", "vehicleCount": null, "obstructsOthers": null, "hazardToOthers": null, "submittedAt": "2024-06-07 10:57:47.134"}, "geometry": {"type": "Point", "coordinates": [24.949669000000004, 60.178510999999986]}}, {"type": "Feature", "properties": {"category": "outside_parking_zone", "vehicleCount": null, "obstructsOthers": null, "hazardToOthers": null, "submittedAt": "2024-06-07 10:57:47.134"}, "geometry": {"type": "Point", "coordinates": [24.949798, 60.178703]}}, {"type": "Feature", "properties": {"category": "outside_parking_zone", "vehicleCount": null, "obstructsOthers": null, "hazardToOthers": null, "submittedAt": "2024-06-07 10:57:47.134"}, "geometry": {"type": "Point", "coordinates": [24.949754000000002, 60.17878799999999]}}, {"type": "Feature", "properties": {"category": "outside_parking_zone", "vehicleCount": null, "obstructsOthers": null, "hazardToOthers": null, "submittedAt": "2024-06-10 07:34:15.248"}, "geometry": {"type": "Point", "coordinates": [24.960983, 60.18755500000001]}}, {"type": "Feature", "properties": {"category": "outside_parking_zone", "vehicleCount": null, "obstructsOthers": null, "hazardToOthers": null, "submittedAt": "2024-06-10 07:34:15.248"}, "geometry": {"type": "Point", "coordinates": [24.960576, 60.188385]}}, {"type": "Feature", "properties": {"category": "outside_parking_zone", "vehicleCount": null, "obstructsOthers": null, "hazardToOthers": null, "submittedAt": "2024-06-10 07:34:15.248"}, "geometry": {"type": "Point", "coordinates": [24.959357, 60.187443]}}, {"type": "Feature", "properties": {"category": "outside_parking_zone", "vehicleCount": null, "obstructsOthers": null, "hazardToOthers": null, "submittedAt": "2024-06-10 07:34:15.248"}, "geometry": {"type": "Point", "coordinates": [24.95976, 60.18769000000001]}}, {"type": "Feature", "properties": {"category": "outside_parking_zone", "vehicleCount": null, "obstructsOthers": null, "hazardToOthers": null, "submittedAt": "2024-06-10 07:34:15.248"}, "geometry": {"type": "Point", "coordinates": [24.960203, 60.18743399999999]}}, {"type": "Feature", "properties": {"category": "outside_parking_zone", "vehicleCount": null, "obstructsOthers": null, "hazardToOthers": null, "submittedAt": "2024-06-10 07:34:15.248"}, "geometry": {"type": "Point", "coordinates": [24.949485, 60.18052999999998]}}, {"type": "Feature", "properties": {"category": "outside_parking_zone", "vehicleCount": null, "obstructsOthers": null, "hazardToOthers": null, "submittedAt": "2024-06-10 07:34:15.248"}, "geometry": {"type": "Point", "coordinates": [24.949849, 60.17854799999999]}}, {"type": "Feature", "properties": {"category": "outside_parking_zone", "vehicleCount": null, "obstructsOthers": null, "hazardToOthers": null, "submittedAt": "2024-06-10 15:19:30.744"}, "geometry": {"type": "Point", "coordinates": [24.949517, 60.178396000000006]}}, {"type": "Feature", "properties": {"category": "outside_parking_zone", "vehicleCount": null, "obstructsOthers": null, "hazardToOthers": null, "submittedAt": "2024-06-10 15:19:30.744"}, "geometry": {"type": "Point", "coordinates": [24.949283, 60.18011799999999]}}, {"type": "Feature", "properties": {"category": "outside_parking_zone", "vehicleCount": null, "obstructsOthers": null, "hazardToOthers": null, "submittedAt": "2024-06-10 15:19:30.744"}, "geometry": {"type": "Point", "coordinates": [24.96057, 60.18757599999999]}}, {"type": "Feature", "properties": {"category": "outside_parking_zone", "vehicleCount": null, "obstructsOthers": null, "hazardToOthers": null, "submittedAt": "2024-06-10 15:19:30.744"}, "geometry": {"type": "Point", "coordinates": [24.959519, 60.187649]}}, {"type": "Feature", "properties": {"category": "outside_parking_zone", "vehicleCount": null, "obstructsOthers": null, "hazardToOthers": null, "submittedAt": "2024-06-10 15:19:30.744"}, "geometry": {"type": "Point", "coordinates": [24.960279, 60.18838700000002]}}, {"type": "Feature", "properties": {"category": "outside_parking_zone", "vehicleCount": null, "obstructsOthers": null, "hazardToOthers": null, "submittedAt": "2024-06-12 06:29:47.238"}, "geometry": {"type": "Point", "coordinates": [24.961232, 60.187517]}}, {"type": "Feature", "properties": {"category": "outside_parking_zone", "vehicleCount": null, "obstructsOthers": null, "hazardToOthers": null, "submittedAt": "2024-06-12 06:29:47.238"}, "geometry": {"type": "Point", "coordinates": [24.960585, 60.18821700000001]}}, {"type": "Feature", "properties": {"category": "outside_parking_zone", "vehicleCount": null, "obstructsOthers": null, "hazardToOthers": null, "submittedAt": "2024-06-17 06:27:29.085"}, "geometry": {"type": "Point", "coordinates": [24.963799, 60.18778499999999]}}, {"type": "Feature", "properties": {"category": "outside_parking_zone", "vehicleCount": null, "obstructsOthers": null, "hazardToOthers": null, "submittedAt": "2024-06-17 06:27:29.085"}, "geometry": {"type": "Point", "coordinates": [24.960027, 60.187692000000006]}}, {"type": "Feature", "properties": {"category": "outside_parking_zone", "vehicleCount": null, "obstructsOthers": null, "hazardToOthers": null, "submittedAt": "2024-06-17 06:27:29.085"}, "geometry": {"type": "Point", "coordinates": [24.958484, 60.18734800000001]}}, {"type": "Feature", "properties": {"category": "outside_parking_zone", "vehicleCount": null, "obstructsOthers": null, "hazardToOthers": null, "submittedAt": "2024-06-17 06:27:29.085"}, "geometry": {"type": "Point", "coordinates": [24.960431, 60.188345000000005]}}, {"type": "Feature", "properties": {"category": "outside_parking_zone", "vehicleCount": null, "obstructsOthers": null, "hazardToOthers": null, "submittedAt": "2024-06-17 06:27:29.085"}, "geometry": {"type": "Point", "coordinates": [24.961337, 60.18753499999998]}}, {"type": "Feature", "properties": {"category": "outside_parking_zone", "vehicleCount": null, "obstructsOthers": null, "hazardToOthers": null, "submittedAt": "2024-06-17 06:27:29.085"}, "geometry": {"type": "Point", "coordinates": [24.949456, 60.18009899999999]}}, {"type": "Feature", "properties": {"category": "outside_parking_zone", "vehicleCount": null, "obstructsOthers": null, "hazardToOthers": null, "submittedAt": "2024-06-18 15:07:01.688"}, "geometry": {"type": "Point", "coordinates": [24.959439, 60.187418]}}, {"type": "Feature", "properties": {"category": "outside_parking_zone", "vehicleCount": null, "obstructsOthers": null, "hazardToOthers": null, "submittedAt": "2024-06-18 15:07:01.688"}, "geometry": {"type": "Point", "coordinates": [24.958515, 60.187341]}}, {"type": "Feature", "properties": {"category": "outside_parking_zone", "vehicleCount": null, "obstructsOthers": null, "hazardToOthers": null, "submittedAt": "2024-06-18 15:07:01.688"}, "geometry": {"type": "Point", "coordinates": [24.949736, 60.180027]}}, {"type": "Feature", "properties": {"category": "outside_parking_zone", "vehicleCount": null, "obstructsOthers": null, "hazardToOthers": null, "submittedAt": "2024-06-24 14:24:40.071"}, "geometry": {"type": "Point", "coordinates": [24.949567, 60.178395]}}, {"type": "Feature", "properties": {"category": "outside_parking_zone", "vehicleCount": null, "obstructsOthers": null, "hazardToOthers": null, "submittedAt": "2024-06-24 14:24:40.071"}, "geometry": {"type": "Point", "coordinates": [24.961079, 60.18752500000001]}}, {"type": "Feature", "properties": {"category": "outside_parking_zone", "vehicleCount": null, "obstructsOthers": null, "hazardToOthers": null, "submittedAt": "2024-06-24 14:24:40.071"}, "geometry": {"type": "Point", "coordinates": [24.960182, 60.187778]}}, {"type": "Feature", "properties": {"category": "outside_parking_zone", "vehicleCount": null, "obstructsOthers": null, "hazardToOthers": null, "submittedAt": "2024-06-24 14:24:40.071"}, "geometry": {"type": "Point", "coordinates": [24.959558, 60.187667]}}, {"type": "Feature", "properties": {"category": "outside_parking_zone", "vehicleCount": null, "obstructsOthers": null, "hazardToOthers": null, "submittedAt": "2024-06-24 14:24:40.071"}, "geometry": {"type": "Point", "coordinates": [24.959678, 60.1875]}}, {"type": "Feature", "properties": {"category": "outside_parking_zone", "vehicleCount": null, "obstructsOthers": null, "hazardToOthers": null, "submittedAt": "2024-06-24 14:24:40.071"}, "geometry": {"type": "Point", "coordinates": [24.960579, 60.18818399999998]}}, {"type": "Feature", "properties": {"category": "outside_parking_zone", "vehicleCount": null, "obstructsOthers": null, "hazardToOthers": null, "submittedAt": "2024-06-25 12:36:12.022"}, "geometry": {"type": "Point", "coordinates": [24.949649, 60.17849]}}, {"type": "Feature", "properties": {"category": "outside_parking_zone", "vehicleCount": null, "obstructsOthers": null, "hazardToOthers": null, "submittedAt": "2024-06-25 12:36:12.022"}, "geometry": {"type": "Point", "coordinates": [24.949827, 60.17887799999999]}}, {"type": "Feature", "properties": {"category": "outside_parking_zone", "vehicleCount": null, "obstructsOthers": null, "hazardToOthers": null, "submittedAt": "2024-06-25 12:36:12.022"}, "geometry": {"type": "Point", "coordinates": [24.949773, 60.180308999999994]}}, {"type": "Feature", "properties": {"category": "outside_parking_zone", "vehicleCount": null, "obstructsOthers": null, "hazardToOthers": null, "submittedAt": "2024-06-25 12:36:12.022"}, "geometry": {"type": "Point", "coordinates": [24.960001000000002, 60.187706]}}, {"type": "Feature", "properties": {"category": "outside_parking_zone", "vehicleCount": null, "obstructsOthers": null, "hazardToOthers": null, "submittedAt": "2024-07-01 12:31:27.027"}, "geometry": {"type": "Point", "coordinates": [24.949694, 60.18010499999999]}}, {"type": "Feature", "properties": {"category": "bike_not_in_racks", "vehicleCount": null, "obstructsOthers": null, "hazardToOthers": null, "submittedAt": "2024-06-06 10:37:11.149"}, "geometry": {"type": "Point", "coordinates": [24.956962, 60.18231900000001]}}, {"type": "Feature", "properties": {"category": "bike_not_in_racks", "vehicleCount": null, "obstructsOthers": null, "hazardToOthers": null, "submittedAt": "2024-06-06 10:37:11.149"}, "geometry": {"type": "Point", "coordinates": [24.957861, 60.183118]}}, {"type": "Feature", "properties": {"category": "bike_not_in_racks", "vehicleCount": null, "obstructsOthers": null, "hazardToOthers": null, "submittedAt": "2024-06-06 10:37:11.149"}, "geometry": {"type": "Point", "coordinates": [24.958188, 60.18339299999999]}}, {"type": "Feature", "properties": {"category": "bike_not_in_racks", "vehicleCount": null, "obstructsOthers": null, "hazardToOthers": null, "submittedAt": "2024-06-06 10:37:11.149"}, "geometry": {"type": "Point", "coordinates": [24.958529000000002, 60.18317199999997]}}, {"type": "Feature", "properties": {"category": "bike_not_in_racks", "vehicleCount": null, "obstructsOthers": null, "hazardToOthers": null, "submittedAt": "2024-06-06 10:37:11.149"}, "geometry": {"type": "Point", "coordinates": [24.958762, 60.183758]}}, {"type": "Feature", "properties": {"category": "bike_not_in_racks", "vehicleCount": null, "obstructsOthers": null, "hazardToOthers": null, "submittedAt": "2024-06-06 10:37:11.149"}, "geometry": {"type": "Point", "coordinates": [24.960058, 60.18435499999999]}}, {"type": "Feature", "properties": {"category": "bike_not_in_racks", "vehicleCount": null, "obstructsOthers": null, "hazardToOthers": null, "submittedAt": "2024-06-06 10:37:11.149"}, "geometry": {"type": "Point", "coordinates": [24.960389, 60.18444199999999]}}, {"type": "Feature", "properties": {"category": "bike_not_in_racks", "vehicleCount": null, "obstructsOthers": null, "hazardToOthers": null, "submittedAt": "2024-06-06 10:37:11.149"}, "geometry": {"type": "Point", "coordinates": [24.960313, 60.184965]}}, {"type": "Feature", "properties": {"category": "bike_not_in_racks", "vehicleCount": null, "obstructsOthers": null, "hazardToOthers": null, "submittedAt": "2024-06-06 10:37:11.149"}, "geometry": {"type": "Point", "coordinates": [24.960906, 60.18587399999999]}}, {"type": "Feature", "properties": {"category": "bike_not_in_racks", "vehicleCount": null, "obstructsOthers": null, "hazardToOthers": null, "submittedAt": "2024-06-06 10:37:11.149"}, "geometry": {"type": "Point", "coordinates": [24.96153, 60.18586299999998]}}, {"type": "Feature", "properties": {"category": "bike_not_in_racks", "vehicleCount": null, "obstructsOthers": null, "hazardToOthers": null, "submittedAt": "2024-06-06 10:37:11.149"}, "geometry": {"type": "Point", "coordinates": [24.961624000000004, 60.186053000000015]}}, {"type": "Feature", "properties": {"category": "bike_not_in_racks", "vehicleCount": null, "obstructsOthers": null, "hazardToOthers": null, "submittedAt": "2024-06-06 10:37:11.149"}, "geometry": {"type": "Point", "coordinates": [24.958929, 60.18730000000001]}}, {"type": "Feature", "properties": {"category": "bike_not_in_racks", "vehicleCount": null, "obstructsOthers": null, "hazardToOthers": null, "submittedAt": "2024-06-06 10:37:11.149"}, "geometry": {"type": "Point", "coordinates": [24.957619, 60.18696800000001]}}, {"type": "Feature", "properties": {"category": "bike_not_in_racks", "vehicleCount": null, "obstructsOthers": null, "hazardToOthers": null, "submittedAt": "2024-06-06 10:37:11.149"}, "geometry": {"type": "Point", "coordinates": [24.952644, 60.18707799999999]}}, {"type": "Feature", "properties": {"category": "bike_not_in_racks", "vehicleCount": null, "obstructsOthers": null, "hazardToOthers": null, "submittedAt": "2024-06-06 10:37:11.149"}, "geometry": {"type": "Point", "coordinates": [24.952084000000003, 60.18711399999999]}}, {"type": "Feature", "properties": {"category": "bike_not_in_racks", "vehicleCount": null, "obstructsOthers": null, "hazardToOthers": null, "submittedAt": "2024-06-06 10:37:11.149"}, "geometry": {"type": "Point", "coordinates": [24.950951, 60.186401000000004]}}, {"type": "Feature", "properties": {"category": "bike_not_in_racks", "vehicleCount": null, "obstructsOthers": null, "hazardToOthers": null, "submittedAt": "2024-06-06 10:37:11.149"}, "geometry": {"type": "Point", "coordinates": [24.952628, 60.185568999999994]}}, {"type": "Feature", "properties": {"category": "bike_not_in_racks", "vehicleCount": null, "obstructsOthers": null, "hazardToOthers": null, "submittedAt": "2024-06-06 10:37:11.149"}, "geometry": {"type": "Point", "coordinates": [24.951688, 60.184608]}}, {"type": "Feature", "properties": {"category": "bike_not_in_racks", "vehicleCount": null, "obstructsOthers": null, "hazardToOthers": null, "submittedAt": "2024-06-07 10:57:47.134"}, "geometry": {"type": "Point", "coordinates": [24.97468, 60.189436999999984]}}, {"type": "Feature", "properties": {"category": "bike_not_in_racks", "vehicleCount": null, "obstructsOthers": null, "hazardToOthers": null, "submittedAt": "2024-06-07 10:57:47.134"}, "geometry": {"type": "Point", "coordinates": [24.972232, 60.18997799999998]}}, {"type": "Feature", "properties": {"category": "bike_not_in_racks", "vehicleCount": null, "obstructsOthers": null, "hazardToOthers": null, "submittedAt": "2024-06-07 10:57:47.134"}, "geometry": {"type": "Point", "coordinates": [24.957088, 60.18947200000001]}}, {"type": "Feature", "properties": {"category": "bike_not_in_racks", "vehicleCount": null, "obstructsOthers": null, "hazardToOthers": null, "submittedAt": "2024-06-07 10:57:47.134"}, "geometry": {"type": "Point", "coordinates": [24.956225, 60.189291000000004]}}, {"type": "Feature", "properties": {"category": "bike_not_in_racks", "vehicleCount": null, "obstructsOthers": null, "hazardToOthers": null, "submittedAt": "2024-06-07 10:57:47.134"}, "geometry": {"type": "Point", "coordinates": [24.953536, 60.18846799999999]}}, {"type": "Feature", "properties": {"category": "bike_not_in_racks", "vehicleCount": null, "obstructsOthers": null, "hazardToOthers": null, "submittedAt": "2024-06-07 10:57:47.134"}, "geometry": {"type": "Point", "coordinates": [24.954298, 60.18837799999999]}}, {"type": "Feature", "properties": {"category": "bike_not_in_racks", "vehicleCount": null, "obstructsOthers": null, "hazardToOthers": null, "submittedAt": "2024-06-07 10:57:47.134"}, "geometry": {"type": "Point", "coordinates": [24.954769, 60.188409]}}, {"type": "Feature", "properties": {"category": "bike_not_in_racks", "vehicleCount": null, "obstructsOthers": null, "hazardToOthers": null, "submittedAt": "2024-06-07 10:57:47.134"}, "geometry": {"type": "Point", "coordinates": [24.957683000000003, 60.187022]}}, {"type": "Feature", "properties": {"category": "bike_not_in_racks", "vehicleCount": null, "obstructsOthers": null, "hazardToOthers": null, "submittedAt": "2024-06-07 10:57:47.134"}, "geometry": {"type": "Point", "coordinates": [24.955303, 60.18445999999999]}}, {"type": "Feature", "properties": {"category": "bike_not_in_racks", "vehicleCount": null, "obstructsOthers": null, "hazardToOthers": null, "submittedAt": "2024-06-07 10:57:47.134"}, "geometry": {"type": "Point", "coordinates": [24.953959000000005, 60.18440799999998]}}, {"type": "Feature", "properties": {"category": "bike_not_in_racks", "vehicleCount": null, "obstructsOthers": null, "hazardToOthers": null, "submittedAt": "2024-06-07 10:57:47.134"}, "geometry": {"type": "Point", "coordinates": [24.953015, 60.184474]}}, {"type": "Feature", "properties": {"category": "bike_not_in_racks", "vehicleCount": null, "obstructsOthers": null, "hazardToOthers": null, "submittedAt": "2024-06-07 10:57:47.134"}, "geometry": {"type": "Point", "coordinates": [24.948086000000004, 60.184132]}}, {"type": "Feature", "properties": {"category": "bike_not_in_racks", "vehicleCount": null, "obstructsOthers": null, "hazardToOthers": null, "submittedAt": "2024-06-07 10:57:47.134"}, "geometry": {"type": "Point", "coordinates": [24.944722, 60.183927000000004]}}, {"type": "Feature", "properties": {"category": "bike_not_in_racks", "vehicleCount": null, "obstructsOthers": null, "hazardToOthers": null, "submittedAt": "2024-06-07 10:57:47.134"}, "geometry": {"type": "Point", "coordinates": [24.944514, 60.18378599999999]}}, {"type": "Feature", "properties": {"category": "bike_not_in_racks", "vehicleCount": null, "obstructsOthers": null, "hazardToOthers": null, "submittedAt": "2024-06-07 10:57:47.134"}, "geometry": {"type": "Point", "coordinates": [24.946982000000002, 60.179179]}}, {"type": "Feature", "properties": {"category": "bike_not_in_racks", "vehicleCount": null, "obstructsOthers": null, "hazardToOthers": null, "submittedAt": "2024-06-07 10:57:47.134"}, "geometry": {"type": "Point", "coordinates": [24.947117000000002, 60.17744899999999]}}, {"type": "Feature", "properties": {"category": "bike_not_in_racks", "vehicleCount": null, "obstructsOthers": null, "hazardToOthers": null, "submittedAt": "2024-06-07 10:57:47.134"}, "geometry": {"type": "Point", "coordinates": [24.949755000000003, 60.178664]}}, {"type": "Feature", "properties": {"category": "bike_not_in_racks", "vehicleCount": null, "obstructsOthers": null, "hazardToOthers": null, "submittedAt": "2024-06-07 10:57:47.134"}, "geometry": {"type": "Point", "coordinates": [24.949628, 60.17920800000001]}}, {"type": "Feature", "properties": {"category": "bike_not_in_racks", "vehicleCount": null, "obstructsOthers": null, "hazardToOthers": null, "submittedAt": "2024-06-07 10:57:47.134"}, "geometry": {"type": "Point", "coordinates": [24.949385, 60.17960600000001]}}, {"type": "Feature", "properties": {"category": "bike_not_in_racks", "vehicleCount": null, "obstructsOthers": null, "hazardToOthers": null, "submittedAt": "2024-06-07 10:57:47.134"}, "geometry": {"type": "Point", "coordinates": [24.949823, 60.180224]}}, {"type": "Feature", "properties": {"category": "bike_not_in_racks", "vehicleCount": null, "obstructsOthers": null, "hazardToOthers": null, "submittedAt": "2024-06-07 10:57:47.134"}, "geometry": {"type": "Point", "coordinates": [24.9493, 60.180967999999986]}}, {"type": "Feature", "properties": {"category": "bike_not_in_racks", "vehicleCount": null, "obstructsOthers": null, "hazardToOthers": null, "submittedAt": "2024-06-07 10:57:47.134"}, "geometry": {"type": "Point", "coordinates": [24.950092, 60.18100699999999]}}, {"type": "Feature", "properties": {"category": "bike_not_in_racks", "vehicleCount": null, "obstructsOthers": null, "hazardToOthers": null, "submittedAt": "2024-06-07 10:57:47.134"}, "geometry": {"type": "Point", "coordinates": [24.951784, 60.180302]}}, {"type": "Feature", "properties": {"category": "bike_not_in_racks", "vehicleCount": null, "obstructsOthers": null, "hazardToOthers": null, "submittedAt": "2024-06-07 10:57:47.134"}, "geometry": {"type": "Point", "coordinates": [24.952389, 60.180841]}}, {"type": "Feature", "properties": {"category": "bike_not_in_racks", "vehicleCount": null, "obstructsOthers": null, "hazardToOthers": null, "submittedAt": "2024-06-07 10:57:47.134"}, "geometry": {"type": "Point", "coordinates": [24.95355, 60.18115100000001]}}, {"type": "Feature", "properties": {"category": "bike_not_in_racks", "vehicleCount": null, "obstructsOthers": null, "hazardToOthers": null, "submittedAt": "2024-06-07 10:57:47.134"}, "geometry": {"type": "Point", "coordinates": [24.952744000000003, 60.181098]}}, {"type": "Feature", "properties": {"category": "bike_not_in_racks", "vehicleCount": null, "obstructsOthers": null, "hazardToOthers": null, "submittedAt": "2024-06-07 10:57:47.134"}, "geometry": {"type": "Point", "coordinates": [24.957013, 60.182775]}}, {"type": "Feature", "properties": {"category": "bike_not_in_racks", "vehicleCount": null, "obstructsOthers": null, "hazardToOthers": null, "submittedAt": "2024-06-07 10:57:47.134"}, "geometry": {"type": "Point", "coordinates": [24.958366, 60.18311400000002]}}, {"type": "Feature", "properties": {"category": "bike_not_in_racks", "vehicleCount": null, "obstructsOthers": null, "hazardToOthers": null, "submittedAt": "2024-06-07 10:57:47.134"}, "geometry": {"type": "Point", "coordinates": [24.959136, 60.18295599999999]}}, {"type": "Feature", "properties": {"category": "bike_not_in_racks", "vehicleCount": null, "obstructsOthers": null, "hazardToOthers": null, "submittedAt": "2024-06-07 10:57:47.134"}, "geometry": {"type": "Point", "coordinates": [24.959965, 60.18422100000001]}}, {"type": "Feature", "properties": {"category": "bike_not_in_racks", "vehicleCount": null, "obstructsOthers": null, "hazardToOthers": null, "submittedAt": "2024-06-07 10:57:47.134"}, "geometry": {"type": "Point", "coordinates": [24.960357, 60.18463200000001]}}, {"type": "Feature", "properties": {"category": "bike_not_in_racks", "vehicleCount": null, "obstructsOthers": null, "hazardToOthers": null, "submittedAt": "2024-06-07 10:57:47.134"}, "geometry": {"type": "Point", "coordinates": [24.96012, 60.184892000000005]}}, {"type": "Feature", "properties": {"category": "bike_not_in_racks", "vehicleCount": null, "obstructsOthers": null, "hazardToOthers": null, "submittedAt": "2024-06-07 10:57:47.134"}, "geometry": {"type": "Point", "coordinates": [24.961235, 60.18523499999997]}}, {"type": "Feature", "properties": {"category": "bike_not_in_racks", "vehicleCount": null, "obstructsOthers": null, "hazardToOthers": null, "submittedAt": "2024-06-07 10:57:47.134"}, "geometry": {"type": "Point", "coordinates": [24.9616, 60.185864]}}, {"type": "Feature", "properties": {"category": "bike_not_in_racks", "vehicleCount": null, "obstructsOthers": null, "hazardToOthers": null, "submittedAt": "2024-06-07 10:57:47.134"}, "geometry": {"type": "Point", "coordinates": [24.963545000000003, 60.18787099999999]}}, {"type": "Feature", "properties": {"category": "bike_not_in_racks", "vehicleCount": null, "obstructsOthers": null, "hazardToOthers": null, "submittedAt": "2024-06-07 10:57:47.134"}, "geometry": {"type": "Point", "coordinates": [24.964658000000004, 60.187477999999984]}}, {"type": "Feature", "properties": {"category": "bike_not_in_racks", "vehicleCount": null, "obstructsOthers": null, "hazardToOthers": null, "submittedAt": "2024-06-07 10:57:47.134"}, "geometry": {"type": "Point", "coordinates": [24.965598, 60.187173]}}, {"type": "Feature", "properties": {"category": "bike_not_in_racks", "vehicleCount": null, "obstructsOthers": null, "hazardToOthers": null, "submittedAt": "2024-06-07 10:57:47.134"}, "geometry": {"type": "Point", "coordinates": [24.967546, 60.186555]}}, {"type": "Feature", "properties": {"category": "bike_not_in_racks", "vehicleCount": null, "obstructsOthers": null, "hazardToOthers": null, "submittedAt": "2024-06-10 07:34:15.248"}, "geometry": {"type": "Point", "coordinates": [24.971599, 60.190126]}}, {"type": "Feature", "properties": {"category": "bike_not_in_racks", "vehicleCount": null, "obstructsOthers": null, "hazardToOthers": null, "submittedAt": "2024-06-10 07:34:15.248"}, "geometry": {"type": "Point", "coordinates": [24.964127, 60.188323]}}, {"type": "Feature", "properties": {"category": "bike_not_in_racks", "vehicleCount": null, "obstructsOthers": null, "hazardToOthers": null, "submittedAt": "2024-06-10 07:34:15.248"}, "geometry": {"type": "Point", "coordinates": [24.964345, 60.187649]}}, {"type": "Feature", "properties": {"category": "bike_not_in_racks", "vehicleCount": null, "obstructsOthers": null, "hazardToOthers": null, "submittedAt": "2024-06-10 07:34:15.248"}, "geometry": {"type": "Point", "coordinates": [24.963644, 60.18782599999999]}}, {"type": "Feature", "properties": {"category": "bike_not_in_racks", "vehicleCount": null, "obstructsOthers": null, "hazardToOthers": null, "submittedAt": "2024-06-10 07:34:15.248"}, "geometry": {"type": "Point", "coordinates": [24.954876, 60.188386]}}, {"type": "Feature", "properties": {"category": "bike_not_in_racks", "vehicleCount": null, "obstructsOthers": null, "hazardToOthers": null, "submittedAt": "2024-06-10 07:34:15.248"}, "geometry": {"type": "Point", "coordinates": [24.953007, 60.187405000000005]}}, {"type": "Feature", "properties": {"category": "bike_not_in_racks", "vehicleCount": null, "obstructsOthers": null, "hazardToOthers": null, "submittedAt": "2024-06-10 07:34:15.248"}, "geometry": {"type": "Point", "coordinates": [24.954733, 60.18702199999999]}}, {"type": "Feature", "properties": {"category": "bike_not_in_racks", "vehicleCount": null, "obstructsOthers": null, "hazardToOthers": null, "submittedAt": "2024-06-10 07:34:15.248"}, "geometry": {"type": "Point", "coordinates": [24.958302, 60.18692699999998]}}, {"type": "Feature", "properties": {"category": "bike_not_in_racks", "vehicleCount": null, "obstructsOthers": null, "hazardToOthers": null, "submittedAt": "2024-06-10 07:34:15.248"}, "geometry": {"type": "Point", "coordinates": [24.960033, 60.187323]}}, {"type": "Feature", "properties": {"category": "bike_not_in_racks", "vehicleCount": null, "obstructsOthers": null, "hazardToOthers": null, "submittedAt": "2024-06-10 07:34:15.248"}, "geometry": {"type": "Point", "coordinates": [24.95986, 60.18716]}}, {"type": "Feature", "properties": {"category": "bike_not_in_racks", "vehicleCount": null, "obstructsOthers": null, "hazardToOthers": null, "submittedAt": "2024-06-10 07:34:15.248"}, "geometry": {"type": "Point", "coordinates": [24.957111, 60.18428399999999]}}, {"type": "Feature", "properties": {"category": "bike_not_in_racks", "vehicleCount": null, "obstructsOthers": null, "hazardToOthers": null, "submittedAt": "2024-06-10 07:34:15.248"}, "geometry": {"type": "Point", "coordinates": [24.956324, 60.18321699999999]}}, {"type": "Feature", "properties": {"category": "bike_not_in_racks", "vehicleCount": null, "obstructsOthers": null, "hazardToOthers": null, "submittedAt": "2024-06-10 07:34:15.248"}, "geometry": {"type": "Point", "coordinates": [24.949578, 60.180629]}}, {"type": "Feature", "properties": {"category": "bike_not_in_racks", "vehicleCount": null, "obstructsOthers": null, "hazardToOthers": null, "submittedAt": "2024-06-10 07:34:15.248"}, "geometry": {"type": "Point", "coordinates": [24.949161, 60.179903999999986]}}, {"type": "Feature", "properties": {"category": "bike_not_in_racks", "vehicleCount": null, "obstructsOthers": null, "hazardToOthers": null, "submittedAt": "2024-06-10 07:34:15.248"}, "geometry": {"type": "Point", "coordinates": [24.949532, 60.17838500000001]}}, {"type": "Feature", "properties": {"category": "bike_not_in_racks", "vehicleCount": null, "obstructsOthers": null, "hazardToOthers": null, "submittedAt": "2024-06-10 07:34:15.248"}, "geometry": {"type": "Point", "coordinates": [24.948938000000002, 60.17836699999999]}}, {"type": "Feature", "properties": {"category": "bike_not_in_racks", "vehicleCount": null, "obstructsOthers": null, "hazardToOthers": null, "submittedAt": "2024-06-10 07:34:15.248"}, "geometry": {"type": "Point", "coordinates": [24.95147, 60.179976999999994]}}, {"type": "Feature", "properties": {"category": "bike_not_in_racks", "vehicleCount": null, "obstructsOthers": null, "hazardToOthers": null, "submittedAt": "2024-06-10 07:34:15.248"}, "geometry": {"type": "Point", "coordinates": [24.951939, 60.18016500000002]}}, {"type": "Feature", "properties": {"category": "bike_not_in_racks", "vehicleCount": null, "obstructsOthers": null, "hazardToOthers": null, "submittedAt": "2024-06-10 07:34:15.248"}, "geometry": {"type": "Point", "coordinates": [24.952272, 60.180695]}}, {"type": "Feature", "properties": {"category": "bike_not_in_racks", "vehicleCount": null, "obstructsOthers": null, "hazardToOthers": null, "submittedAt": "2024-06-10 07:34:15.248"}, "geometry": {"type": "Point", "coordinates": [24.952386, 60.181228999999995]}}, {"type": "Feature", "properties": {"category": "bike_not_in_racks", "vehicleCount": null, "obstructsOthers": null, "hazardToOthers": null, "submittedAt": "2024-06-10 07:34:15.248"}, "geometry": {"type": "Point", "coordinates": [24.955806, 60.18233]}}, {"type": "Feature", "properties": {"category": "bike_not_in_racks", "vehicleCount": null, "obstructsOthers": null, "hazardToOthers": null, "submittedAt": "2024-06-10 07:34:15.248"}, "geometry": {"type": "Point", "coordinates": [24.956481, 60.182481999999986]}}, {"type": "Feature", "properties": {"category": "bike_not_in_racks", "vehicleCount": null, "obstructsOthers": null, "hazardToOthers": null, "submittedAt": "2024-06-10 07:34:15.248"}, "geometry": {"type": "Point", "coordinates": [24.95709, 60.18276499999999]}}, {"type": "Feature", "properties": {"category": "bike_not_in_racks", "vehicleCount": null, "obstructsOthers": null, "hazardToOthers": null, "submittedAt": "2024-06-10 07:34:15.248"}, "geometry": {"type": "Point", "coordinates": [24.957688, 60.18311600000001]}}, {"type": "Feature", "properties": {"category": "bike_not_in_racks", "vehicleCount": null, "obstructsOthers": null, "hazardToOthers": null, "submittedAt": "2024-06-10 07:34:15.248"}, "geometry": {"type": "Point", "coordinates": [24.960589, 60.18439500000001]}}, {"type": "Feature", "properties": {"category": "bike_not_in_racks", "vehicleCount": null, "obstructsOthers": null, "hazardToOthers": null, "submittedAt": "2024-06-10 07:34:15.248"}, "geometry": {"type": "Point", "coordinates": [24.960232, 60.184834]}}, {"type": "Feature", "properties": {"category": "bike_not_in_racks", "vehicleCount": null, "obstructsOthers": null, "hazardToOthers": null, "submittedAt": "2024-06-10 15:19:30.744"}, "geometry": {"type": "Point", "coordinates": [24.949724, 60.17928500000001]}}, {"type": "Feature", "properties": {"category": "bike_not_in_racks", "vehicleCount": null, "obstructsOthers": null, "hazardToOthers": null, "submittedAt": "2024-06-10 15:19:30.744"}, "geometry": {"type": "Point", "coordinates": [24.949396, 60.17975199999999]}}, {"type": "Feature", "properties": {"category": "bike_not_in_racks", "vehicleCount": null, "obstructsOthers": null, "hazardToOthers": null, "submittedAt": "2024-06-10 15:19:30.744"}, "geometry": {"type": "Point", "coordinates": [24.949679, 60.18003399999999]}}, {"type": "Feature", "properties": {"category": "bike_not_in_racks", "vehicleCount": null, "obstructsOthers": null, "hazardToOthers": null, "submittedAt": "2024-06-10 15:19:30.744"}, "geometry": {"type": "Point", "coordinates": [24.949249, 60.180883]}}, {"type": "Feature", "properties": {"category": "bike_not_in_racks", "vehicleCount": null, "obstructsOthers": null, "hazardToOthers": null, "submittedAt": "2024-06-10 15:19:30.744"}, "geometry": {"type": "Point", "coordinates": [24.949829, 60.18102199999999]}}, {"type": "Feature", "properties": {"category": "bike_not_in_racks", "vehicleCount": null, "obstructsOthers": null, "hazardToOthers": null, "submittedAt": "2024-06-10 15:19:30.744"}, "geometry": {"type": "Point", "coordinates": [24.95016, 60.18009899999999]}}, {"type": "Feature", "properties": {"category": "bike_not_in_racks", "vehicleCount": null, "obstructsOthers": null, "hazardToOthers": null, "submittedAt": "2024-06-10 15:19:30.744"}, "geometry": {"type": "Point", "coordinates": [24.951761, 60.18021]}}, {"type": "Feature", "properties": {"category": "bike_not_in_racks", "vehicleCount": null, "obstructsOthers": null, "hazardToOthers": null, "submittedAt": "2024-06-10 15:19:30.744"}, "geometry": {"type": "Point", "coordinates": [24.951793000000002, 60.180697999999985]}}, {"type": "Feature", "properties": {"category": "bike_not_in_racks", "vehicleCount": null, "obstructsOthers": null, "hazardToOthers": null, "submittedAt": "2024-06-10 15:19:30.744"}, "geometry": {"type": "Point", "coordinates": [24.953886, 60.18111200000002]}}, {"type": "Feature", "properties": {"category": "bike_not_in_racks", "vehicleCount": null, "obstructsOthers": null, "hazardToOthers": null, "submittedAt": "2024-06-10 15:19:30.744"}, "geometry": {"type": "Point", "coordinates": [24.954802, 60.181691]}}, {"type": "Feature", "properties": {"category": "bike_not_in_racks", "vehicleCount": null, "obstructsOthers": null, "hazardToOthers": null, "submittedAt": "2024-06-10 15:19:30.744"}, "geometry": {"type": "Point", "coordinates": [24.955521, 60.18204299999999]}}, {"type": "Feature", "properties": {"category": "bike_not_in_racks", "vehicleCount": null, "obstructsOthers": null, "hazardToOthers": null, "submittedAt": "2024-06-10 15:19:30.744"}, "geometry": {"type": "Point", "coordinates": [24.955261, 60.182572]}}, {"type": "Feature", "properties": {"category": "bike_not_in_racks", "vehicleCount": null, "obstructsOthers": null, "hazardToOthers": null, "submittedAt": "2024-06-10 15:19:30.744"}, "geometry": {"type": "Point", "coordinates": [24.956799, 60.18231299999999]}}, {"type": "Feature", "properties": {"category": "bike_not_in_racks", "vehicleCount": null, "obstructsOthers": null, "hazardToOthers": null, "submittedAt": "2024-06-10 15:19:30.744"}, "geometry": {"type": "Point", "coordinates": [24.95741, 60.18297699999999]}}, {"type": "Feature", "properties": {"category": "bike_not_in_racks", "vehicleCount": null, "obstructsOthers": null, "hazardToOthers": null, "submittedAt": "2024-06-10 15:19:30.744"}, "geometry": {"type": "Point", "coordinates": [24.96047, 60.18437]}}, {"type": "Feature", "properties": {"category": "bike_not_in_racks", "vehicleCount": null, "obstructsOthers": null, "hazardToOthers": null, "submittedAt": "2024-06-10 15:19:30.744"}, "geometry": {"type": "Point", "coordinates": [24.961138, 60.18543300000002]}}, {"type": "Feature", "properties": {"category": "bike_not_in_racks", "vehicleCount": null, "obstructsOthers": null, "hazardToOthers": null, "submittedAt": "2024-06-10 15:19:30.744"}, "geometry": {"type": "Point", "coordinates": [24.960254, 60.187531000000014]}}, {"type": "Feature", "properties": {"category": "bike_not_in_racks", "vehicleCount": null, "obstructsOthers": null, "hazardToOthers": null, "submittedAt": "2024-06-10 15:19:30.744"}, "geometry": {"type": "Point", "coordinates": [24.95962, 60.187422000000005]}}, {"type": "Feature", "properties": {"category": "bike_not_in_racks", "vehicleCount": null, "obstructsOthers": null, "hazardToOthers": null, "submittedAt": "2024-06-10 15:19:30.744"}, "geometry": {"type": "Point", "coordinates": [24.957596000000002, 60.186977999999996]}}, {"type": "Feature", "properties": {"category": "bike_not_in_racks", "vehicleCount": null, "obstructsOthers": null, "hazardToOthers": null, "submittedAt": "2024-06-10 15:19:30.744"}, "geometry": {"type": "Point", "coordinates": [24.954846, 60.186619]}}, {"type": "Feature", "properties": {"category": "bike_not_in_racks", "vehicleCount": null, "obstructsOthers": null, "hazardToOthers": null, "submittedAt": "2024-06-10 15:19:30.744"}, "geometry": {"type": "Point", "coordinates": [24.953149, 60.18542500000001]}}, {"type": "Feature", "properties": {"category": "bike_not_in_racks", "vehicleCount": null, "obstructsOthers": null, "hazardToOthers": null, "submittedAt": "2024-06-10 15:19:30.744"}, "geometry": {"type": "Point", "coordinates": [24.952725, 60.185181]}}, {"type": "Feature", "properties": {"category": "bike_not_in_racks", "vehicleCount": null, "obstructsOthers": null, "hazardToOthers": null, "submittedAt": "2024-06-10 15:19:30.744"}, "geometry": {"type": "Point", "coordinates": [24.953053, 60.18474200000001]}}, {"type": "Feature", "properties": {"category": "bike_not_in_racks", "vehicleCount": null, "obstructsOthers": null, "hazardToOthers": null, "submittedAt": "2024-06-10 15:19:30.744"}, "geometry": {"type": "Point", "coordinates": [24.952097, 60.18423299999999]}}, {"type": "Feature", "properties": {"category": "bike_not_in_racks", "vehicleCount": null, "obstructsOthers": null, "hazardToOthers": null, "submittedAt": "2024-06-10 15:19:30.744"}, "geometry": {"type": "Point", "coordinates": [24.953092, 60.18791099999999]}}, {"type": "Feature", "properties": {"category": "bike_not_in_racks", "vehicleCount": null, "obstructsOthers": null, "hazardToOthers": null, "submittedAt": "2024-06-10 15:19:30.744"}, "geometry": {"type": "Point", "coordinates": [24.954174000000002, 60.18845799999999]}}, {"type": "Feature", "properties": {"category": "bike_not_in_racks", "vehicleCount": null, "obstructsOthers": null, "hazardToOthers": null, "submittedAt": "2024-06-10 15:19:30.744"}, "geometry": {"type": "Point", "coordinates": [24.954661, 60.188409000000014]}}, {"type": "Feature", "properties": {"category": "bike_not_in_racks", "vehicleCount": null, "obstructsOthers": null, "hazardToOthers": null, "submittedAt": "2024-06-10 15:19:30.744"}, "geometry": {"type": "Point", "coordinates": [24.957445000000003, 60.188528000000005]}}, {"type": "Feature", "properties": {"category": "bike_not_in_racks", "vehicleCount": null, "obstructsOthers": null, "hazardToOthers": null, "submittedAt": "2024-06-12 06:29:47.238"}, "geometry": {"type": "Point", "coordinates": [24.954513, 60.179661]}}, {"type": "Feature", "properties": {"category": "bike_not_in_racks", "vehicleCount": null, "obstructsOthers": null, "hazardToOthers": null, "submittedAt": "2024-06-12 06:29:47.238"}, "geometry": {"type": "Point", "coordinates": [24.952017, 60.18018899999999]}}, {"type": "Feature", "properties": {"category": "bike_not_in_racks", "vehicleCount": null, "obstructsOthers": null, "hazardToOthers": null, "submittedAt": "2024-06-12 06:29:47.238"}, "geometry": {"type": "Point", "coordinates": [24.951334, 60.180040000000005]}}, {"type": "Feature", "properties": {"category": "bike_not_in_racks", "vehicleCount": null, "obstructsOthers": null, "hazardToOthers": null, "submittedAt": "2024-06-12 06:29:47.238"}, "geometry": {"type": "Point", "coordinates": [24.949907000000003, 60.17856299999999]}}, {"type": "Feature", "properties": {"category": "bike_not_in_racks", "vehicleCount": null, "obstructsOthers": null, "hazardToOthers": null, "submittedAt": "2024-06-12 06:29:47.238"}, "geometry": {"type": "Point", "coordinates": [24.949785, 60.17898199999999]}}, {"type": "Feature", "properties": {"category": "bike_not_in_racks", "vehicleCount": null, "obstructsOthers": null, "hazardToOthers": null, "submittedAt": "2024-06-12 06:29:47.238"}, "geometry": {"type": "Point", "coordinates": [24.949261, 60.18084600000001]}}, {"type": "Feature", "properties": {"category": "bike_not_in_racks", "vehicleCount": null, "obstructsOthers": null, "hazardToOthers": null, "submittedAt": "2024-06-12 06:29:47.238"}, "geometry": {"type": "Point", "coordinates": [24.95687, 60.182331000000005]}}, {"type": "Feature", "properties": {"category": "bike_not_in_racks", "vehicleCount": null, "obstructsOthers": null, "hazardToOthers": null, "submittedAt": "2024-06-12 06:29:47.238"}, "geometry": {"type": "Point", "coordinates": [24.957196, 60.18281599999999]}}, {"type": "Feature", "properties": {"category": "bike_not_in_racks", "vehicleCount": null, "obstructsOthers": null, "hazardToOthers": null, "submittedAt": "2024-06-12 06:29:47.238"}, "geometry": {"type": "Point", "coordinates": [24.960489, 60.184419000000005]}}, {"type": "Feature", "properties": {"category": "bike_not_in_racks", "vehicleCount": null, "obstructsOthers": null, "hazardToOthers": null, "submittedAt": "2024-06-12 06:29:47.238"}, "geometry": {"type": "Point", "coordinates": [24.960307000000004, 60.18478799999998]}}, {"type": "Feature", "properties": {"category": "bike_not_in_racks", "vehicleCount": null, "obstructsOthers": null, "hazardToOthers": null, "submittedAt": "2024-06-12 06:29:47.238"}, "geometry": {"type": "Point", "coordinates": [24.961476, 60.18576699999999]}}, {"type": "Feature", "properties": {"category": "bike_not_in_racks", "vehicleCount": null, "obstructsOthers": null, "hazardToOthers": null, "submittedAt": "2024-06-12 06:29:47.238"}, "geometry": {"type": "Point", "coordinates": [24.963834, 60.18781499999999]}}, {"type": "Feature", "properties": {"category": "bike_not_in_racks", "vehicleCount": null, "obstructsOthers": null, "hazardToOthers": null, "submittedAt": "2024-06-12 06:29:47.238"}, "geometry": {"type": "Point", "coordinates": [24.961097, 60.187999]}}, {"type": "Feature", "properties": {"category": "bike_not_in_racks", "vehicleCount": null, "obstructsOthers": null, "hazardToOthers": null, "submittedAt": "2024-06-12 06:29:47.238"}, "geometry": {"type": "Point", "coordinates": [24.960219, 60.187546999999995]}}, {"type": "Feature", "properties": {"category": "bike_not_in_racks", "vehicleCount": null, "obstructsOthers": null, "hazardToOthers": null, "submittedAt": "2024-06-12 06:29:47.238"}, "geometry": {"type": "Point", "coordinates": [24.955049, 60.18709100000001]}}, {"type": "Feature", "properties": {"category": "bike_not_in_racks", "vehicleCount": null, "obstructsOthers": null, "hazardToOthers": null, "submittedAt": "2024-06-12 06:29:47.238"}, "geometry": {"type": "Point", "coordinates": [24.953033, 60.18697600000001]}}, {"type": "Feature", "properties": {"category": "bike_not_in_racks", "vehicleCount": null, "obstructsOthers": null, "hazardToOthers": null, "submittedAt": "2024-06-12 06:29:47.238"}, "geometry": {"type": "Point", "coordinates": [24.950229, 60.18673299999999]}}, {"type": "Feature", "properties": {"category": "bike_not_in_racks", "vehicleCount": null, "obstructsOthers": null, "hazardToOthers": null, "submittedAt": "2024-06-12 06:29:47.238"}, "geometry": {"type": "Point", "coordinates": [24.949849, 60.18647299999998]}}, {"type": "Feature", "properties": {"category": "bike_not_in_racks", "vehicleCount": null, "obstructsOthers": null, "hazardToOthers": null, "submittedAt": "2024-06-12 06:29:47.238"}, "geometry": {"type": "Point", "coordinates": [24.948172, 60.18660900000001]}}, {"type": "Feature", "properties": {"category": "bike_not_in_racks", "vehicleCount": null, "obstructsOthers": null, "hazardToOthers": null, "submittedAt": "2024-06-12 06:29:47.238"}, "geometry": {"type": "Point", "coordinates": [24.949231, 60.18723]}}, {"type": "Feature", "properties": {"category": "bike_not_in_racks", "vehicleCount": null, "obstructsOthers": null, "hazardToOthers": null, "submittedAt": "2024-06-12 06:29:47.238"}, "geometry": {"type": "Point", "coordinates": [24.948389, 60.186199999999985]}}, {"type": "Feature", "properties": {"category": "bike_not_in_racks", "vehicleCount": null, "obstructsOthers": null, "hazardToOthers": null, "submittedAt": "2024-06-12 06:29:47.238"}, "geometry": {"type": "Point", "coordinates": [24.949299000000003, 60.18948700000001]}}, {"type": "Feature", "properties": {"category": "bike_not_in_racks", "vehicleCount": null, "obstructsOthers": null, "hazardToOthers": null, "submittedAt": "2024-06-12 06:29:47.238"}, "geometry": {"type": "Point", "coordinates": [24.949781, 60.189409]}}, {"type": "Feature", "properties": {"category": "bike_not_in_racks", "vehicleCount": null, "obstructsOthers": null, "hazardToOthers": null, "submittedAt": "2024-06-12 06:29:47.238"}, "geometry": {"type": "Point", "coordinates": [24.952781, 60.18924599999999]}}, {"type": "Feature", "properties": {"category": "bike_not_in_racks", "vehicleCount": null, "obstructsOthers": null, "hazardToOthers": null, "submittedAt": "2024-06-12 06:29:47.238"}, "geometry": {"type": "Point", "coordinates": [24.961346, 60.188677999999996]}}, {"type": "Feature", "properties": {"category": "bike_not_in_racks", "vehicleCount": null, "obstructsOthers": null, "hazardToOthers": null, "submittedAt": "2024-06-12 06:29:47.238"}, "geometry": {"type": "Point", "coordinates": [24.956548, 60.18925000000002]}}, {"type": "Feature", "properties": {"category": "bike_not_in_racks", "vehicleCount": null, "obstructsOthers": null, "hazardToOthers": null, "submittedAt": "2024-06-17 06:27:29.085"}, "geometry": {"type": "Point", "coordinates": [24.971781, 60.189407999999986]}}, {"type": "Feature", "properties": {"category": "bike_not_in_racks", "vehicleCount": null, "obstructsOthers": null, "hazardToOthers": null, "submittedAt": "2024-06-17 06:27:29.085"}, "geometry": {"type": "Point", "coordinates": [24.964037, 60.188399000000004]}}, {"type": "Feature", "properties": {"category": "bike_not_in_racks", "vehicleCount": null, "obstructsOthers": null, "hazardToOthers": null, "submittedAt": "2024-06-17 06:27:29.085"}, "geometry": {"type": "Point", "coordinates": [24.963816, 60.18774099999998]}}, {"type": "Feature", "properties": {"category": "bike_not_in_racks", "vehicleCount": null, "obstructsOthers": null, "hazardToOthers": null, "submittedAt": "2024-06-17 06:27:29.085"}, "geometry": {"type": "Point", "coordinates": [24.963011000000005, 60.18759099999999]}}, {"type": "Feature", "properties": {"category": "bike_not_in_racks", "vehicleCount": null, "obstructsOthers": null, "hazardToOthers": null, "submittedAt": "2024-06-17 06:27:29.085"}, "geometry": {"type": "Point", "coordinates": [24.957154, 60.18742900000001]}}, {"type": "Feature", "properties": {"category": "bike_not_in_racks", "vehicleCount": null, "obstructsOthers": null, "hazardToOthers": null, "submittedAt": "2024-06-17 06:27:29.085"}, "geometry": {"type": "Point", "coordinates": [24.956516, 60.188348000000005]}}, {"type": "Feature", "properties": {"category": "bike_not_in_racks", "vehicleCount": null, "obstructsOthers": null, "hazardToOthers": null, "submittedAt": "2024-06-17 06:27:29.085"}, "geometry": {"type": "Point", "coordinates": [24.959801, 60.188417999999984]}}, {"type": "Feature", "properties": {"category": "bike_not_in_racks", "vehicleCount": null, "obstructsOthers": null, "hazardToOthers": null, "submittedAt": "2024-06-17 06:27:29.085"}, "geometry": {"type": "Point", "coordinates": [24.961499, 60.18578]}}, {"type": "Feature", "properties": {"category": "bike_not_in_racks", "vehicleCount": null, "obstructsOthers": null, "hazardToOthers": null, "submittedAt": "2024-06-17 06:27:29.085"}, "geometry": {"type": "Point", "coordinates": [24.959887, 60.184535999999994]}}, {"type": "Feature", "properties": {"category": "bike_not_in_racks", "vehicleCount": null, "obstructsOthers": null, "hazardToOthers": null, "submittedAt": "2024-06-17 06:27:29.085"}, "geometry": {"type": "Point", "coordinates": [24.958493, 60.18302899999999]}}, {"type": "Feature", "properties": {"category": "bike_not_in_racks", "vehicleCount": null, "obstructsOthers": null, "hazardToOthers": null, "submittedAt": "2024-06-17 06:27:29.085"}, "geometry": {"type": "Point", "coordinates": [24.957047, 60.18237900000001]}}, {"type": "Feature", "properties": {"category": "bike_not_in_racks", "vehicleCount": null, "obstructsOthers": null, "hazardToOthers": null, "submittedAt": "2024-06-17 06:27:29.085"}, "geometry": {"type": "Point", "coordinates": [24.956136, 60.18191399999999]}}, {"type": "Feature", "properties": {"category": "bike_not_in_racks", "vehicleCount": null, "obstructsOthers": null, "hazardToOthers": null, "submittedAt": "2024-06-17 06:27:29.085"}, "geometry": {"type": "Point", "coordinates": [24.955457, 60.181877]}}, {"type": "Feature", "properties": {"category": "bike_not_in_racks", "vehicleCount": null, "obstructsOthers": null, "hazardToOthers": null, "submittedAt": "2024-06-17 06:27:29.085"}, "geometry": {"type": "Point", "coordinates": [24.9538, 60.18179800000001]}}, {"type": "Feature", "properties": {"category": "bike_not_in_racks", "vehicleCount": null, "obstructsOthers": null, "hazardToOthers": null, "submittedAt": "2024-06-17 06:27:29.085"}, "geometry": {"type": "Point", "coordinates": [24.951912, 60.18008899999998]}}, {"type": "Feature", "properties": {"category": "bike_not_in_racks", "vehicleCount": null, "obstructsOthers": null, "hazardToOthers": null, "submittedAt": "2024-06-17 06:27:29.085"}, "geometry": {"type": "Point", "coordinates": [24.951451, 60.180043000000005]}}, {"type": "Feature", "properties": {"category": "bike_not_in_racks", "vehicleCount": null, "obstructsOthers": null, "hazardToOthers": null, "submittedAt": "2024-06-17 06:27:29.085"}, "geometry": {"type": "Point", "coordinates": [24.949376, 60.179699]}}, {"type": "Feature", "properties": {"category": "bike_not_in_racks", "vehicleCount": null, "obstructsOthers": null, "hazardToOthers": null, "submittedAt": "2024-06-17 06:27:29.085"}, "geometry": {"type": "Point", "coordinates": [24.949244, 60.180089]}}, {"type": "Feature", "properties": {"category": "bike_not_in_racks", "vehicleCount": null, "obstructsOthers": null, "hazardToOthers": null, "submittedAt": "2024-06-17 06:27:29.085"}, "geometry": {"type": "Point", "coordinates": [24.94894, 60.179946]}}, {"type": "Feature", "properties": {"category": "bike_not_in_racks", "vehicleCount": null, "obstructsOthers": null, "hazardToOthers": null, "submittedAt": "2024-06-17 06:27:29.085"}, "geometry": {"type": "Point", "coordinates": [24.949926000000005, 60.180529]}}, {"type": "Feature", "properties": {"category": "bike_not_in_racks", "vehicleCount": null, "obstructsOthers": null, "hazardToOthers": null, "submittedAt": "2024-06-17 06:27:29.085"}, "geometry": {"type": "Point", "coordinates": [24.949252, 60.18256999999999]}}, {"type": "Feature", "properties": {"category": "bike_not_in_racks", "vehicleCount": null, "obstructsOthers": null, "hazardToOthers": null, "submittedAt": "2024-06-17 06:27:29.085"}, "geometry": {"type": "Point", "coordinates": [24.943377, 60.18465100000002]}}, {"type": "Feature", "properties": {"category": "bike_not_in_racks", "vehicleCount": null, "obstructsOthers": null, "hazardToOthers": null, "submittedAt": "2024-06-17 06:27:29.085"}, "geometry": {"type": "Point", "coordinates": [24.942798, 60.184467]}}, {"type": "Feature", "properties": {"category": "bike_not_in_racks", "vehicleCount": null, "obstructsOthers": null, "hazardToOthers": null, "submittedAt": "2024-06-17 06:27:29.085"}, "geometry": {"type": "Point", "coordinates": [24.941772, 60.183804]}}, {"type": "Feature", "properties": {"category": "bike_not_in_racks", "vehicleCount": null, "obstructsOthers": null, "hazardToOthers": null, "submittedAt": "2024-06-18 15:07:01.688"}, "geometry": {"type": "Point", "coordinates": [24.966651000000002, 60.186854]}}, {"type": "Feature", "properties": {"category": "bike_not_in_racks", "vehicleCount": null, "obstructsOthers": null, "hazardToOthers": null, "submittedAt": "2024-06-18 15:07:01.688"}, "geometry": {"type": "Point", "coordinates": [24.965832, 60.187245000000004]}}, {"type": "Feature", "properties": {"category": "bike_not_in_racks", "vehicleCount": null, "obstructsOthers": null, "hazardToOthers": null, "submittedAt": "2024-06-18 15:07:01.688"}, "geometry": {"type": "Point", "coordinates": [24.964305000000003, 60.18771799999998]}}, {"type": "Feature", "properties": {"category": "bike_not_in_racks", "vehicleCount": null, "obstructsOthers": null, "hazardToOthers": null, "submittedAt": "2024-06-18 15:07:01.688"}, "geometry": {"type": "Point", "coordinates": [24.963865, 60.187836999999995]}}, {"type": "Feature", "properties": {"category": "bike_not_in_racks", "vehicleCount": null, "obstructsOthers": null, "hazardToOthers": null, "submittedAt": "2024-06-18 15:07:01.688"}, "geometry": {"type": "Point", "coordinates": [24.961797, 60.18781499999999]}}, {"type": "Feature", "properties": {"category": "bike_not_in_racks", "vehicleCount": null, "obstructsOthers": null, "hazardToOthers": null, "submittedAt": "2024-06-18 15:07:01.688"}, "geometry": {"type": "Point", "coordinates": [24.960254, 60.187492000000006]}}, {"type": "Feature", "properties": {"category": "bike_not_in_racks", "vehicleCount": null, "obstructsOthers": null, "hazardToOthers": null, "submittedAt": "2024-06-18 15:07:01.688"}, "geometry": {"type": "Point", "coordinates": [24.95774, 60.18772200000001]}}, {"type": "Feature", "properties": {"category": "bike_not_in_racks", "vehicleCount": null, "obstructsOthers": null, "hazardToOthers": null, "submittedAt": "2024-06-18 15:07:01.688"}, "geometry": {"type": "Point", "coordinates": [24.957103, 60.187419999999996]}}, {"type": "Feature", "properties": {"category": "bike_not_in_racks", "vehicleCount": null, "obstructsOthers": null, "hazardToOthers": null, "submittedAt": "2024-06-18 15:07:01.688"}, "geometry": {"type": "Point", "coordinates": [24.957494, 60.187102]}}, {"type": "Feature", "properties": {"category": "bike_not_in_racks", "vehicleCount": null, "obstructsOthers": null, "hazardToOthers": null, "submittedAt": "2024-06-18 15:07:01.688"}, "geometry": {"type": "Point", "coordinates": [24.953764, 60.18727400000001]}}, {"type": "Feature", "properties": {"category": "bike_not_in_racks", "vehicleCount": null, "obstructsOthers": null, "hazardToOthers": null, "submittedAt": "2024-06-18 15:07:01.688"}, "geometry": {"type": "Point", "coordinates": [24.950392, 60.18682400000001]}}, {"type": "Feature", "properties": {"category": "bike_not_in_racks", "vehicleCount": null, "obstructsOthers": null, "hazardToOthers": null, "submittedAt": "2024-06-18 15:07:01.688"}, "geometry": {"type": "Point", "coordinates": [24.948392, 60.186803000000005]}}, {"type": "Feature", "properties": {"category": "bike_not_in_racks", "vehicleCount": null, "obstructsOthers": null, "hazardToOthers": null, "submittedAt": "2024-06-18 15:07:01.688"}, "geometry": {"type": "Point", "coordinates": [24.943623, 60.186311]}}, {"type": "Feature", "properties": {"category": "bike_not_in_racks", "vehicleCount": null, "obstructsOthers": null, "hazardToOthers": null, "submittedAt": "2024-06-18 15:07:01.688"}, "geometry": {"type": "Point", "coordinates": [24.939852, 60.185743999999985]}}, {"type": "Feature", "properties": {"category": "bike_not_in_racks", "vehicleCount": null, "obstructsOthers": null, "hazardToOthers": null, "submittedAt": "2024-06-18 15:07:01.688"}, "geometry": {"type": "Point", "coordinates": [24.939967, 60.18313400000001]}}, {"type": "Feature", "properties": {"category": "bike_not_in_racks", "vehicleCount": null, "obstructsOthers": null, "hazardToOthers": null, "submittedAt": "2024-06-18 15:07:01.688"}, "geometry": {"type": "Point", "coordinates": [24.941457000000003, 60.18371999999999]}}, {"type": "Feature", "properties": {"category": "bike_not_in_racks", "vehicleCount": null, "obstructsOthers": null, "hazardToOthers": null, "submittedAt": "2024-06-18 15:07:01.688"}, "geometry": {"type": "Point", "coordinates": [24.94521, 60.180492999999984]}}, {"type": "Feature", "properties": {"category": "bike_not_in_racks", "vehicleCount": null, "obstructsOthers": null, "hazardToOthers": null, "submittedAt": "2024-06-18 15:07:01.688"}, "geometry": {"type": "Point", "coordinates": [24.949205, 60.18088500000001]}}, {"type": "Feature", "properties": {"category": "bike_not_in_racks", "vehicleCount": null, "obstructsOthers": null, "hazardToOthers": null, "submittedAt": "2024-06-18 15:07:01.688"}, "geometry": {"type": "Point", "coordinates": [24.949583, 60.18055900000001]}}, {"type": "Feature", "properties": {"category": "bike_not_in_racks", "vehicleCount": null, "obstructsOthers": null, "hazardToOthers": null, "submittedAt": "2024-06-18 15:07:01.688"}, "geometry": {"type": "Point", "coordinates": [24.94975, 60.17956100000001]}}, {"type": "Feature", "properties": {"category": "bike_not_in_racks", "vehicleCount": null, "obstructsOthers": null, "hazardToOthers": null, "submittedAt": "2024-06-18 15:07:01.688"}, "geometry": {"type": "Point", "coordinates": [24.950652, 60.17972300000001]}}, {"type": "Feature", "properties": {"category": "bike_not_in_racks", "vehicleCount": null, "obstructsOthers": null, "hazardToOthers": null, "submittedAt": "2024-06-18 15:07:01.688"}, "geometry": {"type": "Point", "coordinates": [24.949563, 60.179233999999994]}}, {"type": "Feature", "properties": {"category": "bike_not_in_racks", "vehicleCount": null, "obstructsOthers": null, "hazardToOthers": null, "submittedAt": "2024-06-18 15:07:01.688"}, "geometry": {"type": "Point", "coordinates": [24.949646, 60.17841299999999]}}, {"type": "Feature", "properties": {"category": "bike_not_in_racks", "vehicleCount": null, "obstructsOthers": null, "hazardToOthers": null, "submittedAt": "2024-06-18 15:07:01.688"}, "geometry": {"type": "Point", "coordinates": [24.951075, 60.17951599999999]}}, {"type": "Feature", "properties": {"category": "bike_not_in_racks", "vehicleCount": null, "obstructsOthers": null, "hazardToOthers": null, "submittedAt": "2024-06-18 15:07:01.688"}, "geometry": {"type": "Point", "coordinates": [24.95134, 60.180033]}}, {"type": "Feature", "properties": {"category": "bike_not_in_racks", "vehicleCount": null, "obstructsOthers": null, "hazardToOthers": null, "submittedAt": "2024-06-18 15:07:01.688"}, "geometry": {"type": "Point", "coordinates": [24.95219, 60.18010300000001]}}, {"type": "Feature", "properties": {"category": "bike_not_in_racks", "vehicleCount": null, "obstructsOthers": null, "hazardToOthers": null, "submittedAt": "2024-06-18 15:07:01.688"}, "geometry": {"type": "Point", "coordinates": [24.951585, 60.180715]}}, {"type": "Feature", "properties": {"category": "bike_not_in_racks", "vehicleCount": null, "obstructsOthers": null, "hazardToOthers": null, "submittedAt": "2024-06-18 15:07:01.688"}, "geometry": {"type": "Point", "coordinates": [24.952683, 60.18077999999999]}}, {"type": "Feature", "properties": {"category": "bike_not_in_racks", "vehicleCount": null, "obstructsOthers": null, "hazardToOthers": null, "submittedAt": "2024-06-18 15:07:01.688"}, "geometry": {"type": "Point", "coordinates": [24.952421, 60.18119600000001]}}, {"type": "Feature", "properties": {"category": "bike_not_in_racks", "vehicleCount": null, "obstructsOthers": null, "hazardToOthers": null, "submittedAt": "2024-06-18 15:07:01.688"}, "geometry": {"type": "Point", "coordinates": [24.95396, 60.181701999999994]}}, {"type": "Feature", "properties": {"category": "bike_not_in_racks", "vehicleCount": null, "obstructsOthers": null, "hazardToOthers": null, "submittedAt": "2024-06-18 15:07:01.688"}, "geometry": {"type": "Point", "coordinates": [24.955327, 60.181085]}}, {"type": "Feature", "properties": {"category": "bike_not_in_racks", "vehicleCount": null, "obstructsOthers": null, "hazardToOthers": null, "submittedAt": "2024-06-18 15:07:01.688"}, "geometry": {"type": "Point", "coordinates": [24.955276000000005, 60.181968999999995]}}, {"type": "Feature", "properties": {"category": "bike_not_in_racks", "vehicleCount": null, "obstructsOthers": null, "hazardToOthers": null, "submittedAt": "2024-06-18 15:07:01.688"}, "geometry": {"type": "Point", "coordinates": [24.955951000000002, 60.18189400000001]}}, {"type": "Feature", "properties": {"category": "bike_not_in_racks", "vehicleCount": null, "obstructsOthers": null, "hazardToOthers": null, "submittedAt": "2024-06-18 15:07:01.688"}, "geometry": {"type": "Point", "coordinates": [24.957012000000002, 60.182310999999984]}}, {"type": "Feature", "properties": {"category": "bike_not_in_racks", "vehicleCount": null, "obstructsOthers": null, "hazardToOthers": null, "submittedAt": "2024-06-18 15:07:01.688"}, "geometry": {"type": "Point", "coordinates": [24.957069, 60.18271200000001]}}, {"type": "Feature", "properties": {"category": "bike_not_in_racks", "vehicleCount": null, "obstructsOthers": null, "hazardToOthers": null, "submittedAt": "2024-06-18 15:07:01.688"}, "geometry": {"type": "Point", "coordinates": [24.957406000000002, 60.182892999999986]}}, {"type": "Feature", "properties": {"category": "bike_not_in_racks", "vehicleCount": null, "obstructsOthers": null, "hazardToOthers": null, "submittedAt": "2024-06-18 15:07:01.688"}, "geometry": {"type": "Point", "coordinates": [24.958182, 60.18307999999999]}}, {"type": "Feature", "properties": {"category": "bike_not_in_racks", "vehicleCount": null, "obstructsOthers": null, "hazardToOthers": null, "submittedAt": "2024-06-18 15:07:01.688"}, "geometry": {"type": "Point", "coordinates": [24.958743, 60.18373]}}, {"type": "Feature", "properties": {"category": "bike_not_in_racks", "vehicleCount": null, "obstructsOthers": null, "hazardToOthers": null, "submittedAt": "2024-06-18 15:07:01.688"}, "geometry": {"type": "Point", "coordinates": [24.960683, 60.184321]}}, {"type": "Feature", "properties": {"category": "bike_not_in_racks", "vehicleCount": null, "obstructsOthers": null, "hazardToOthers": null, "submittedAt": "2024-06-18 15:07:01.688"}, "geometry": {"type": "Point", "coordinates": [24.961403, 60.18585299999999]}}, {"type": "Feature", "properties": {"category": "bike_not_in_racks", "vehicleCount": null, "obstructsOthers": null, "hazardToOthers": null, "submittedAt": "2024-06-18 15:07:01.688"}, "geometry": {"type": "Point", "coordinates": [24.961653, 60.18666300000001]}}, {"type": "Feature", "properties": {"category": "bike_not_in_racks", "vehicleCount": null, "obstructsOthers": null, "hazardToOthers": null, "submittedAt": "2024-06-18 15:07:01.688"}, "geometry": {"type": "Point", "coordinates": [24.961205, 60.187180000000005]}}, {"type": "Feature", "properties": {"category": "bike_not_in_racks", "vehicleCount": null, "obstructsOthers": null, "hazardToOthers": null, "submittedAt": "2024-06-18 15:07:01.688"}, "geometry": {"type": "Point", "coordinates": [24.9624, 60.18754299999999]}}, {"type": "Feature", "properties": {"category": "bike_not_in_racks", "vehicleCount": null, "obstructsOthers": null, "hazardToOthers": null, "submittedAt": "2024-06-18 15:07:01.688"}, "geometry": {"type": "Point", "coordinates": [24.967063000000003, 60.186579999999985]}}, {"type": "Feature", "properties": {"category": "bike_not_in_racks", "vehicleCount": null, "obstructsOthers": null, "hazardToOthers": null, "submittedAt": "2024-06-24 14:24:40.071"}, "geometry": {"type": "Point", "coordinates": [24.949678, 60.179126000000004]}}, {"type": "Feature", "properties": {"category": "bike_not_in_racks", "vehicleCount": null, "obstructsOthers": null, "hazardToOthers": null, "submittedAt": "2024-06-24 14:24:40.071"}, "geometry": {"type": "Point", "coordinates": [24.949779, 60.178731000000006]}}, {"type": "Feature", "properties": {"category": "bike_not_in_racks", "vehicleCount": null, "obstructsOthers": null, "hazardToOthers": null, "submittedAt": "2024-06-24 14:24:40.071"}, "geometry": {"type": "Point", "coordinates": [24.951425, 60.179922000000005]}}, {"type": "Feature", "properties": {"category": "bike_not_in_racks", "vehicleCount": null, "obstructsOthers": null, "hazardToOthers": null, "submittedAt": "2024-06-24 14:24:40.071"}, "geometry": {"type": "Point", "coordinates": [24.951826, 60.180261]}}, {"type": "Feature", "properties": {"category": "bike_not_in_racks", "vehicleCount": null, "obstructsOthers": null, "hazardToOthers": null, "submittedAt": "2024-06-24 14:24:40.071"}, "geometry": {"type": "Point", "coordinates": [24.951947, 60.180704999999996]}}, {"type": "Feature", "properties": {"category": "bike_not_in_racks", "vehicleCount": null, "obstructsOthers": null, "hazardToOthers": null, "submittedAt": "2024-06-24 14:24:40.071"}, "geometry": {"type": "Point", "coordinates": [24.950842, 60.181893]}}, {"type": "Feature", "properties": {"category": "bike_not_in_racks", "vehicleCount": null, "obstructsOthers": null, "hazardToOthers": null, "submittedAt": "2024-06-24 14:24:40.071"}, "geometry": {"type": "Point", "coordinates": [24.948831, 60.18272]}}, {"type": "Feature", "properties": {"category": "bike_not_in_racks", "vehicleCount": null, "obstructsOthers": null, "hazardToOthers": null, "submittedAt": "2024-06-24 14:24:40.071"}, "geometry": {"type": "Point", "coordinates": [24.944906, 60.18405899999999]}}, {"type": "Feature", "properties": {"category": "bike_not_in_racks", "vehicleCount": null, "obstructsOthers": null, "hazardToOthers": null, "submittedAt": "2024-06-24 14:24:40.071"}, "geometry": {"type": "Point", "coordinates": [24.945621, 60.18440899999999]}}, {"type": "Feature", "properties": {"category": "bike_not_in_racks", "vehicleCount": null, "obstructsOthers": null, "hazardToOthers": null, "submittedAt": "2024-06-24 14:24:40.071"}, "geometry": {"type": "Point", "coordinates": [24.95568, 60.18187900000001]}}, {"type": "Feature", "properties": {"category": "bike_not_in_racks", "vehicleCount": null, "obstructsOthers": null, "hazardToOthers": null, "submittedAt": "2024-06-24 14:24:40.071"}, "geometry": {"type": "Point", "coordinates": [24.95629, 60.182007999999996]}}, {"type": "Feature", "properties": {"category": "bike_not_in_racks", "vehicleCount": null, "obstructsOthers": null, "hazardToOthers": null, "submittedAt": "2024-06-24 14:24:40.071"}, "geometry": {"type": "Point", "coordinates": [24.956882, 60.182348999999995]}}, {"type": "Feature", "properties": {"category": "bike_not_in_racks", "vehicleCount": null, "obstructsOthers": null, "hazardToOthers": null, "submittedAt": "2024-06-24 14:24:40.071"}, "geometry": {"type": "Point", "coordinates": [24.958557, 60.18306900000001]}}, {"type": "Feature", "properties": {"category": "bike_not_in_racks", "vehicleCount": null, "obstructsOthers": null, "hazardToOthers": null, "submittedAt": "2024-06-24 14:24:40.071"}, "geometry": {"type": "Point", "coordinates": [24.958454, 60.18362200000001]}}, {"type": "Feature", "properties": {"category": "bike_not_in_racks", "vehicleCount": null, "obstructsOthers": null, "hazardToOthers": null, "submittedAt": "2024-06-24 14:24:40.071"}, "geometry": {"type": "Point", "coordinates": [24.959176, 60.18486499999999]}}, {"type": "Feature", "properties": {"category": "bike_not_in_racks", "vehicleCount": null, "obstructsOthers": null, "hazardToOthers": null, "submittedAt": "2024-06-24 14:24:40.071"}, "geometry": {"type": "Point", "coordinates": [24.960531, 60.18436300000001]}}, {"type": "Feature", "properties": {"category": "bike_not_in_racks", "vehicleCount": null, "obstructsOthers": null, "hazardToOthers": null, "submittedAt": "2024-06-24 14:24:40.071"}, "geometry": {"type": "Point", "coordinates": [24.960275, 60.184927000000016]}}, {"type": "Feature", "properties": {"category": "bike_not_in_racks", "vehicleCount": null, "obstructsOthers": null, "hazardToOthers": null, "submittedAt": "2024-06-24 14:24:40.071"}, "geometry": {"type": "Point", "coordinates": [24.960956, 60.18591999999998]}}, {"type": "Feature", "properties": {"category": "bike_not_in_racks", "vehicleCount": null, "obstructsOthers": null, "hazardToOthers": null, "submittedAt": "2024-06-24 14:24:40.071"}, "geometry": {"type": "Point", "coordinates": [24.961505, 60.18670699999999]}}, {"type": "Feature", "properties": {"category": "bike_not_in_racks", "vehicleCount": null, "obstructsOthers": null, "hazardToOthers": null, "submittedAt": "2024-06-24 14:24:40.071"}, "geometry": {"type": "Point", "coordinates": [24.958942, 60.18753599999999]}}, {"type": "Feature", "properties": {"category": "bike_not_in_racks", "vehicleCount": null, "obstructsOthers": null, "hazardToOthers": null, "submittedAt": "2024-06-24 14:24:40.071"}, "geometry": {"type": "Point", "coordinates": [24.957535, 60.18709700000001]}}, {"type": "Feature", "properties": {"category": "bike_not_in_racks", "vehicleCount": null, "obstructsOthers": null, "hazardToOthers": null, "submittedAt": "2024-06-24 14:24:40.071"}, "geometry": {"type": "Point", "coordinates": [24.956919, 60.187244]}}, {"type": "Feature", "properties": {"category": "bike_not_in_racks", "vehicleCount": null, "obstructsOthers": null, "hazardToOthers": null, "submittedAt": "2024-06-24 14:24:40.071"}, "geometry": {"type": "Point", "coordinates": [24.957608, 60.188258000000005]}}, {"type": "Feature", "properties": {"category": "bike_not_in_racks", "vehicleCount": null, "obstructsOthers": null, "hazardToOthers": null, "submittedAt": "2024-06-24 14:24:40.071"}, "geometry": {"type": "Point", "coordinates": [24.960777, 60.188296]}}, {"type": "Feature", "properties": {"category": "bike_not_in_racks", "vehicleCount": null, "obstructsOthers": null, "hazardToOthers": null, "submittedAt": "2024-06-24 14:24:40.071"}, "geometry": {"type": "Point", "coordinates": [24.963779, 60.187801]}}, {"type": "Feature", "properties": {"category": "bike_not_in_racks", "vehicleCount": null, "obstructsOthers": null, "hazardToOthers": null, "submittedAt": "2024-06-24 14:24:40.071"}, "geometry": {"type": "Point", "coordinates": [24.965757, 60.187135000000005]}}, {"type": "Feature", "properties": {"category": "bike_not_in_racks", "vehicleCount": null, "obstructsOthers": null, "hazardToOthers": null, "submittedAt": "2024-06-24 14:24:40.071"}, "geometry": {"type": "Point", "coordinates": [24.966337, 60.186703]}}, {"type": "Feature", "properties": {"category": "bike_not_in_racks", "vehicleCount": null, "obstructsOthers": null, "hazardToOthers": null, "submittedAt": "2024-06-24 14:24:40.071"}, "geometry": {"type": "Point", "coordinates": [24.967022, 60.186553999999994]}}, {"type": "Feature", "properties": {"category": "bike_not_in_racks", "vehicleCount": null, "obstructsOthers": null, "hazardToOthers": null, "submittedAt": "2024-06-25 12:36:12.022"}, "geometry": {"type": "Point", "coordinates": [24.949818, 60.178854999999984]}}, {"type": "Feature", "properties": {"category": "bike_not_in_racks", "vehicleCount": null, "obstructsOthers": null, "hazardToOthers": null, "submittedAt": "2024-06-25 12:36:12.022"}, "geometry": {"type": "Point", "coordinates": [24.951909, 60.180245]}}, {"type": "Feature", "properties": {"category": "bike_not_in_racks", "vehicleCount": null, "obstructsOthers": null, "hazardToOthers": null, "submittedAt": "2024-06-25 12:36:12.022"}, "geometry": {"type": "Point", "coordinates": [24.951525, 60.18064600000001]}}, {"type": "Feature", "properties": {"category": "bike_not_in_racks", "vehicleCount": null, "obstructsOthers": null, "hazardToOthers": null, "submittedAt": "2024-06-25 12:36:12.022"}, "geometry": {"type": "Point", "coordinates": [24.95237, 60.18079]}}, {"type": "Feature", "properties": {"category": "bike_not_in_racks", "vehicleCount": null, "obstructsOthers": null, "hazardToOthers": null, "submittedAt": "2024-06-25 12:36:12.022"}, "geometry": {"type": "Point", "coordinates": [24.954930000000004, 60.181413]}}, {"type": "Feature", "properties": {"category": "bike_not_in_racks", "vehicleCount": null, "obstructsOthers": null, "hazardToOthers": null, "submittedAt": "2024-06-25 12:36:12.022"}, "geometry": {"type": "Point", "coordinates": [24.957465000000003, 60.181465]}}, {"type": "Feature", "properties": {"category": "bike_not_in_racks", "vehicleCount": null, "obstructsOthers": null, "hazardToOthers": null, "submittedAt": "2024-06-25 12:36:12.022"}, "geometry": {"type": "Point", "coordinates": [24.956134, 60.18197600000001]}}, {"type": "Feature", "properties": {"category": "bike_not_in_racks", "vehicleCount": null, "obstructsOthers": null, "hazardToOthers": null, "submittedAt": "2024-06-25 12:36:12.022"}, "geometry": {"type": "Point", "coordinates": [24.955899, 60.182324000000015]}}, {"type": "Feature", "properties": {"category": "bike_not_in_racks", "vehicleCount": null, "obstructsOthers": null, "hazardToOthers": null, "submittedAt": "2024-06-25 12:36:12.022"}, "geometry": {"type": "Point", "coordinates": [24.956709, 60.182242999999985]}}, {"type": "Feature", "properties": {"category": "bike_not_in_racks", "vehicleCount": null, "obstructsOthers": null, "hazardToOthers": null, "submittedAt": "2024-06-25 12:36:12.022"}, "geometry": {"type": "Point", "coordinates": [24.956945000000005, 60.18271]}}, {"type": "Feature", "properties": {"category": "bike_not_in_racks", "vehicleCount": null, "obstructsOthers": null, "hazardToOthers": null, "submittedAt": "2024-06-25 12:36:12.022"}, "geometry": {"type": "Point", "coordinates": [24.958827, 60.183415000000004]}}, {"type": "Feature", "properties": {"category": "bike_not_in_racks", "vehicleCount": null, "obstructsOthers": null, "hazardToOthers": null, "submittedAt": "2024-06-25 12:36:12.022"}, "geometry": {"type": "Point", "coordinates": [24.958810000000003, 60.18386999999999]}}, {"type": "Feature", "properties": {"category": "bike_not_in_racks", "vehicleCount": null, "obstructsOthers": null, "hazardToOthers": null, "submittedAt": "2024-06-25 12:36:12.022"}, "geometry": {"type": "Point", "coordinates": [24.95958, 60.184647]}}, {"type": "Feature", "properties": {"category": "bike_not_in_racks", "vehicleCount": null, "obstructsOthers": null, "hazardToOthers": null, "submittedAt": "2024-06-25 12:36:12.022"}, "geometry": {"type": "Point", "coordinates": [24.960659, 60.184397000000004]}}, {"type": "Feature", "properties": {"category": "bike_not_in_racks", "vehicleCount": null, "obstructsOthers": null, "hazardToOthers": null, "submittedAt": "2024-06-25 12:36:12.022"}, "geometry": {"type": "Point", "coordinates": [24.960464, 60.185072]}}, {"type": "Feature", "properties": {"category": "bike_not_in_racks", "vehicleCount": null, "obstructsOthers": null, "hazardToOthers": null, "submittedAt": "2024-06-25 12:36:12.022"}, "geometry": {"type": "Point", "coordinates": [24.961274, 60.18585399999999]}}, {"type": "Feature", "properties": {"category": "bike_not_in_racks", "vehicleCount": null, "obstructsOthers": null, "hazardToOthers": null, "submittedAt": "2024-06-25 12:36:12.022"}, "geometry": {"type": "Point", "coordinates": [24.959203, 60.187543]}}, {"type": "Feature", "properties": {"category": "bike_not_in_racks", "vehicleCount": null, "obstructsOthers": null, "hazardToOthers": null, "submittedAt": "2024-06-25 12:36:12.022"}, "geometry": {"type": "Point", "coordinates": [24.957416, 60.187203999999994]}}, {"type": "Feature", "properties": {"category": "bike_not_in_racks", "vehicleCount": null, "obstructsOthers": null, "hazardToOthers": null, "submittedAt": "2024-06-25 12:36:12.022"}, "geometry": {"type": "Point", "coordinates": [24.955904, 60.187218]}}, {"type": "Feature", "properties": {"category": "bike_not_in_racks", "vehicleCount": null, "obstructsOthers": null, "hazardToOthers": null, "submittedAt": "2024-06-25 12:36:12.022"}, "geometry": {"type": "Point", "coordinates": [24.95233, 60.187065]}}, {"type": "Feature", "properties": {"category": "bike_not_in_racks", "vehicleCount": null, "obstructsOthers": null, "hazardToOthers": null, "submittedAt": "2024-06-25 12:36:12.022"}, "geometry": {"type": "Point", "coordinates": [24.950646, 60.186701000000006]}}, {"type": "Feature", "properties": {"category": "bike_not_in_racks", "vehicleCount": null, "obstructsOthers": null, "hazardToOthers": null, "submittedAt": "2024-06-25 12:36:12.022"}, "geometry": {"type": "Point", "coordinates": [24.951374, 60.186391]}}, {"type": "Feature", "properties": {"category": "bike_not_in_racks", "vehicleCount": null, "obstructsOthers": null, "hazardToOthers": null, "submittedAt": "2024-06-25 12:36:12.022"}, "geometry": {"type": "Point", "coordinates": [24.951803, 60.184339000000016]}}, {"type": "Feature", "properties": {"category": "bike_not_in_racks", "vehicleCount": null, "obstructsOthers": null, "hazardToOthers": null, "submittedAt": "2024-06-25 12:36:12.022"}, "geometry": {"type": "Point", "coordinates": [24.95426, 60.184228]}}, {"type": "Feature", "properties": {"category": "bike_not_in_racks", "vehicleCount": null, "obstructsOthers": null, "hazardToOthers": null, "submittedAt": "2024-06-25 12:36:12.022"}, "geometry": {"type": "Point", "coordinates": [24.955277, 60.184622999999995]}}, {"type": "Feature", "properties": {"category": "bike_not_in_racks", "vehicleCount": null, "obstructsOthers": null, "hazardToOthers": null, "submittedAt": "2024-06-25 12:36:12.022"}, "geometry": {"type": "Point", "coordinates": [24.951974, 60.182530999999976]}}, {"type": "Feature", "properties": {"category": "bike_not_in_racks", "vehicleCount": null, "obstructsOthers": null, "hazardToOthers": null, "submittedAt": "2024-06-25 12:36:12.022"}, "geometry": {"type": "Point", "coordinates": [24.950274000000004, 60.181588000000005]}}, {"type": "Feature", "properties": {"category": "bike_not_in_racks", "vehicleCount": null, "obstructsOthers": null, "hazardToOthers": null, "submittedAt": "2024-06-25 12:36:12.022"}, "geometry": {"type": "Point", "coordinates": [24.949782, 60.181153]}}, {"type": "Feature", "properties": {"category": "bike_not_in_racks", "vehicleCount": null, "obstructsOthers": null, "hazardToOthers": null, "submittedAt": "2024-06-25 12:36:12.022"}, "geometry": {"type": "Point", "coordinates": [24.949731, 60.180707999999996]}}, {"type": "Feature", "properties": {"category": "bike_not_in_racks", "vehicleCount": null, "obstructsOthers": null, "hazardToOthers": null, "submittedAt": "2024-06-25 12:36:12.022"}, "geometry": {"type": "Point", "coordinates": [24.950247000000005, 60.187022999999996]}}, {"type": "Feature", "properties": {"category": "bike_not_in_racks", "vehicleCount": null, "obstructsOthers": null, "hazardToOthers": null, "submittedAt": "2024-06-25 12:36:12.022"}, "geometry": {"type": "Point", "coordinates": [24.948404, 60.18623100000001]}}, {"type": "Feature", "properties": {"category": "bike_not_in_racks", "vehicleCount": null, "obstructsOthers": null, "hazardToOthers": null, "submittedAt": "2024-06-28 08:07:30.200"}, "geometry": {"type": "Point", "coordinates": [24.948319, 60.18151400000001]}}, {"type": "Feature", "properties": {"category": "bike_not_in_racks", "vehicleCount": null, "obstructsOthers": null, "hazardToOthers": null, "submittedAt": "2024-06-28 08:07:30.200"}, "geometry": {"type": "Point", "coordinates": [24.941504, 60.18365900000001]}}, {"type": "Feature", "properties": {"category": "bike_not_in_racks", "vehicleCount": null, "obstructsOthers": null, "hazardToOthers": null, "submittedAt": "2024-06-28 08:07:30.200"}, "geometry": {"type": "Point", "coordinates": [24.942762, 60.184507]}}, {"type": "Feature", "properties": {"category": "bike_not_in_racks", "vehicleCount": null, "obstructsOthers": null, "hazardToOthers": null, "submittedAt": "2024-06-28 08:07:30.200"}, "geometry": {"type": "Point", "coordinates": [24.945472, 60.18575699999999]}}, {"type": "Feature", "properties": {"category": "bike_not_in_racks", "vehicleCount": null, "obstructsOthers": null, "hazardToOthers": null, "submittedAt": "2024-06-28 08:07:30.200"}, "geometry": {"type": "Point", "coordinates": [24.951599000000005, 60.184734]}}, {"type": "Feature", "properties": {"category": "bike_not_in_racks", "vehicleCount": null, "obstructsOthers": null, "hazardToOthers": null, "submittedAt": "2024-06-28 08:07:30.200"}, "geometry": {"type": "Point", "coordinates": [24.953468, 60.183467]}}, {"type": "Feature", "properties": {"category": "bike_not_in_racks", "vehicleCount": null, "obstructsOthers": null, "hazardToOthers": null, "submittedAt": "2024-06-28 08:07:30.200"}, "geometry": {"type": "Point", "coordinates": [24.952118, 60.184283]}}, {"type": "Feature", "properties": {"category": "bike_not_in_racks", "vehicleCount": null, "obstructsOthers": null, "hazardToOthers": null, "submittedAt": "2024-06-28 08:07:30.200"}, "geometry": {"type": "Point", "coordinates": [24.954191, 60.18435900000001]}}, {"type": "Feature", "properties": {"category": "bike_not_in_racks", "vehicleCount": null, "obstructsOthers": null, "hazardToOthers": null, "submittedAt": "2024-06-28 08:07:30.200"}, "geometry": {"type": "Point", "coordinates": [24.953016, 60.18479000000001]}}, {"type": "Feature", "properties": {"category": "bike_not_in_racks", "vehicleCount": null, "obstructsOthers": null, "hazardToOthers": null, "submittedAt": "2024-06-28 08:07:30.200"}, "geometry": {"type": "Point", "coordinates": [24.952906, 60.185539999999996]}}, {"type": "Feature", "properties": {"category": "bike_not_in_racks", "vehicleCount": null, "obstructsOthers": null, "hazardToOthers": null, "submittedAt": "2024-06-28 08:07:30.200"}, "geometry": {"type": "Point", "coordinates": [24.953698000000003, 60.18554000000001]}}, {"type": "Feature", "properties": {"category": "bike_not_in_racks", "vehicleCount": null, "obstructsOthers": null, "hazardToOthers": null, "submittedAt": "2024-06-28 08:07:30.200"}, "geometry": {"type": "Point", "coordinates": [24.954025, 60.185851]}}, {"type": "Feature", "properties": {"category": "bike_not_in_racks", "vehicleCount": null, "obstructsOthers": null, "hazardToOthers": null, "submittedAt": "2024-06-28 08:07:30.200"}, "geometry": {"type": "Point", "coordinates": [24.955405, 60.18650199999998]}}, {"type": "Feature", "properties": {"category": "bike_not_in_racks", "vehicleCount": null, "obstructsOthers": null, "hazardToOthers": null, "submittedAt": "2024-06-28 08:07:30.200"}, "geometry": {"type": "Point", "coordinates": [24.954969, 60.186418]}}, {"type": "Feature", "properties": {"category": "bike_not_in_racks", "vehicleCount": null, "obstructsOthers": null, "hazardToOthers": null, "submittedAt": "2024-06-28 08:07:30.200"}, "geometry": {"type": "Point", "coordinates": [24.955221, 60.186826999999994]}}, {"type": "Feature", "properties": {"category": "bike_not_in_racks", "vehicleCount": null, "obstructsOthers": null, "hazardToOthers": null, "submittedAt": "2024-06-28 08:07:30.200"}, "geometry": {"type": "Point", "coordinates": [24.955885000000002, 60.186855000000016]}}, {"type": "Feature", "properties": {"category": "bike_not_in_racks", "vehicleCount": null, "obstructsOthers": null, "hazardToOthers": null, "submittedAt": "2024-06-28 08:07:30.200"}, "geometry": {"type": "Point", "coordinates": [24.955486, 60.186961000000004]}}, {"type": "Feature", "properties": {"category": "bike_not_in_racks", "vehicleCount": null, "obstructsOthers": null, "hazardToOthers": null, "submittedAt": "2024-06-28 08:07:30.200"}, "geometry": {"type": "Point", "coordinates": [24.954479, 60.187688]}}, {"type": "Feature", "properties": {"category": "bike_not_in_racks", "vehicleCount": null, "obstructsOthers": null, "hazardToOthers": null, "submittedAt": "2024-06-28 08:07:30.200"}, "geometry": {"type": "Point", "coordinates": [24.953249, 60.18775000000001]}}, {"type": "Feature", "properties": {"category": "bike_not_in_racks", "vehicleCount": null, "obstructsOthers": null, "hazardToOthers": null, "submittedAt": "2024-07-01 12:31:27.027"}, "geometry": {"type": "Point", "coordinates": [24.949298, 60.18083799999999]}}, {"type": "Feature", "properties": {"category": "bike_not_in_racks", "vehicleCount": null, "obstructsOthers": null, "hazardToOthers": null, "submittedAt": "2024-07-01 12:31:27.027"}, "geometry": {"type": "Point", "coordinates": [24.946248, 60.180469999999985]}}, {"type": "Feature", "properties": {"category": "bike_not_in_racks", "vehicleCount": null, "obstructsOthers": null, "hazardToOthers": null, "submittedAt": "2024-07-01 12:31:27.027"}, "geometry": {"type": "Point", "coordinates": [24.947273, 60.183129]}}, {"type": "Feature", "properties": {"category": "bike_not_in_racks", "vehicleCount": null, "obstructsOthers": null, "hazardToOthers": null, "submittedAt": "2024-07-01 12:31:27.027"}, "geometry": {"type": "Point", "coordinates": [24.947992, 60.183302]}}, {"type": "Feature", "properties": {"category": "bike_not_in_racks", "vehicleCount": null, "obstructsOthers": null, "hazardToOthers": null, "submittedAt": "2024-07-01 12:31:27.027"}, "geometry": {"type": "Point", "coordinates": [24.948338, 60.183922999999986]}}, {"type": "Feature", "properties": {"category": "bike_not_in_racks", "vehicleCount": null, "obstructsOthers": null, "hazardToOthers": null, "submittedAt": "2024-07-01 12:31:27.027"}, "geometry": {"type": "Point", "coordinates": [24.946579, 60.18456900000001]}}, {"type": "Feature", "properties": {"category": "bike_not_in_racks", "vehicleCount": null, "obstructsOthers": null, "hazardToOthers": null, "submittedAt": "2024-07-01 12:31:27.027"}, "geometry": {"type": "Point", "coordinates": [24.953469, 60.184249999999984]}}, {"type": "Feature", "properties": {"category": "bike_not_in_racks", "vehicleCount": null, "obstructsOthers": null, "hazardToOthers": null, "submittedAt": "2024-07-01 12:31:27.027"}, "geometry": {"type": "Point", "coordinates": [24.954315, 60.184316]}}, {"type": "Feature", "properties": {"category": "bike_not_in_racks", "vehicleCount": null, "obstructsOthers": null, "hazardToOthers": null, "submittedAt": "2024-07-01 12:31:27.027"}, "geometry": {"type": "Point", "coordinates": [24.954952, 60.18417199999999]}}, {"type": "Feature", "properties": {"category": "bike_not_in_racks", "vehicleCount": null, "obstructsOthers": null, "hazardToOthers": null, "submittedAt": "2024-07-01 12:31:27.027"}, "geometry": {"type": "Point", "coordinates": [24.955498, 60.184490000000004]}}, {"type": "Feature", "properties": {"category": "bike_not_in_racks", "vehicleCount": null, "obstructsOthers": null, "hazardToOthers": null, "submittedAt": "2024-07-01 12:31:27.027"}, "geometry": {"type": "Point", "coordinates": [24.958723000000003, 60.184714]}}, {"type": "Feature", "properties": {"category": "bike_not_in_racks", "vehicleCount": null, "obstructsOthers": null, "hazardToOthers": null, "submittedAt": "2024-07-01 12:31:27.027"}, "geometry": {"type": "Point", "coordinates": [24.95515, 60.18684300000002]}}, {"type": "Feature", "properties": {"category": "bike_not_in_racks", "vehicleCount": null, "obstructsOthers": null, "hazardToOthers": null, "submittedAt": "2024-07-01 12:31:27.027"}, "geometry": {"type": "Point", "coordinates": [24.955813, 60.18686299999998]}}, {"type": "Feature", "properties": {"category": "bike_not_in_racks", "vehicleCount": null, "obstructsOthers": null, "hazardToOthers": null, "submittedAt": "2024-07-01 12:31:27.027"}, "geometry": {"type": "Point", "coordinates": [24.955373, 60.18702]}}, {"type": "Feature", "properties": {"category": "bike_not_in_racks", "vehicleCount": null, "obstructsOthers": null, "hazardToOthers": null, "submittedAt": "2024-07-01 12:31:27.027"}, "geometry": {"type": "Point", "coordinates": [24.953847, 60.18720699999999]}}, {"type": "Feature", "properties": {"category": "bike_not_in_racks", "vehicleCount": null, "obstructsOthers": null, "hazardToOthers": null, "submittedAt": "2024-07-01 12:31:27.027"}, "geometry": {"type": "Point", "coordinates": [24.953197, 60.187841]}}, {"type": "Feature", "properties": {"category": "bike_not_in_racks", "vehicleCount": null, "obstructsOthers": null, "hazardToOthers": null, "submittedAt": "2024-07-01 12:31:27.027"}, "geometry": {"type": "Point", "coordinates": [24.955912, 60.18923999999999]}}]}