{
  "type": "FeatureCollection",
  "features": [
    {
      "type": "Feature",
      "properties": {
        "layer": "HelsinkiArea",
        "source": "fvh_registry"
      },
      "geometry": {
        "type": "MultiPolygon",
        "coordinates": [
          [
            [
              [
                25.0842805508828,
                60.24876126993882
              ],
              [
                25.084677048785313,
                60.24856024836419
              ],
              [
                25.084928454126302,
                60.248435025450696
              ],
              [
                25.08506797526837,
                60.24836421945424
              ],
              [
                25.085451570475705,
                60.248169863516736
              ],
              [
                25.085900204740977,
                60.24794265056667
              ],
              [
                25.085938078507166,
                60.24792593421432
              ],
              [
                25.085945844276342,
                60.247919249252334
              ],
              [
                25.086048922787977,
                60.24786892059705
              ],
              [
                25.086092579943532,
                60.24784705529933
              ],
              [
                25.08641821248571,
                60.24768395034574
              ],
              [
                25.086475663254877,
                60.2476548956721
              ],
              [
                25.086848062844883,
                60.24746652053833
              ],
              [
                25.087082132169108,
                60.24734676186327
              ],
              [
                25.087225302418133,
                60.24727332141642
              ],
              [
                25.08746502490938,
                60.24715520980967
              ],
              [
                25.08760529760516,
                60.247085944391436
              ],
              [
                25.087886809960434,
                60.24694506990387
              ],
              [
                25.088267132391348,
                60.246754630164716
              ],
              [
                25.08851165627183,
                60.24663208862096
              ],
              [
                25.0886616415241,
                60.246557268843844
              ],
              [
                25.088942478381007,
                60.24641699390136
              ],
              [
                25.089005677062516,
                60.24638522372204
              ],
              [
                25.089077838080872,
                60.24634269504242
              ],
              [
                25.089246398920782,
                60.246260897271966
              ],
              [
                25.0896914056946,
                60.246040225858614
              ],
              [
                25.089718143771602,
                60.24602630499038
              ],
              [
                25.090056761229093,
                60.24585118224544
              ],
              [
                25.09010973267427,
                60.245823879218115
              ],
              [
                25.090479079291846,
                60.24563690502907
              ],
              [
                25.090707984280456,
                60.245519916816235
              ],
              [
                25.090810091626697,
                60.24546980051114
              ],
              [
                25.091124039326573,
                60.245309447357386
              ],
              [
                25.091377540654594,
                60.2451831246929
              ],
              [
                25.091668234470042,
                60.2451283990927
              ],
              [
                25.091824798819168,
                60.2450998570133
              ],
              [
                25.091954261529647,
                60.245077391878944
              ],
              [
                25.09238552137907,
                60.24500094567223
              ],
              [
                25.092556519752915,
                60.244969359018036
              ],
              [
                25.092716553114926,
                60.24494224054635
              ],
              [
                25.093015243423167,
                60.24488843086811
              ],
              [
                25.09334475701678,
                60.24482997654695
              ],
              [
                25.093519726038217,
                60.24479853843932
              ],
              [
                25.093845682245686,
                60.244740498244916
              ],
              [
                25.094035356261603,
                60.24470606027217
              ],
              [
                25.09434277910299,
                60.244651693921526
              ],
              [
                25.094545646303455,
                60.24461597134398
              ],
              [
                25.094835598180335,
                60.24456421914102
              ],
              [
                25.095436623056248,
                60.244454531590414
              ],
              [
                25.09545795421122,
                60.24445133898273
              ],
              [
                25.095465154606625,
                60.244450184961295
              ],
              [
                25.095642021226233,
                60.24442078009121
              ],
              [
                25.09569575959397,
                60.24441120057622
              ],
              [
                25.09683865751112,
                60.24420733160454
              ],
              [
                25.097280068214822,
                60.24412784635678
              ],
              [
                25.097722145053435,
                60.244048448902376
              ],
              [
                25.09821377241752,
                60.24396092654049
              ],
              [
                25.098341895417544,
                60.24393951640261
              ],
              [
                25.09869476933043,
                60.24387542971147
              ],
              [
                25.098818859578543,
                60.243852683632454
              ],
              [
                25.099113692065213,
                60.243801394133506
              ],
              [
                25.09933218725762,
                60.24376087768006
              ],
              [
                25.09953652217548,
                60.24372456297004
              ],
              [
                25.099841481557565,
                60.24366760979222
              ],
              [
                25.099958679597982,
                60.2436468424054
              ],
              [
                25.100353347169335,
                60.24357778453664
              ],
              [
                25.100390358920684,
                60.24357220081486
              ],
              [
                25.100866796461478,
                60.24348722012326
              ],
              [
                25.10137661552591,
                60.243397123211444
              ],
              [
                25.101529453918104,
                60.243365924789686
              ],
              [
                25.101605927909354,
                60.243353480304755
              ],
              [
                25.102052734865552,
                60.24327498924996
              ],
              [
                25.10256368473175,
                60.24318487792857
              ],
              [
                25.10307151744085,
                60.2430918680214
              ],
              [
                25.10358030351904,
                60.242998666942725
              ],
              [
                25.104090608961336,
                60.24290727573984
              ],
              [
                25.104595587842425,
                60.24281654196971
              ],
              [
                25.1051030044021,
                60.24272118204252
              ],
              [
                25.105726059083768,
                60.242605982364466
              ],
              [
                25.105997652290743,
                60.242554525530316
              ],
              [
                25.106402317129472,
                60.24248095399714
              ],
              [
                25.106947387570663,
                60.24238157177018
              ],
              [
                25.10836608889909,
                60.24212290058142
              ],
              [
                25.108400583446464,
                60.24211586267198
              ],
              [
                25.10904550811335,
                60.24199901396866
              ],
              [
                25.109070965736933,
                60.24199437972565
              ],
              [
                25.109147841185727,
                60.241979614920474
              ],
              [
                25.10962935063261,
                60.24189180723251
              ],
              [
                25.110241662111253,
                60.24178014943903
              ],
              [
                25.110831181893737,
                60.241672457001
              ],
              [
                25.11089703494614,
                60.24166050966755
              ],
              [
                25.11113515120795,
                60.241617085255186
              ],
              [
                25.11190093437369,
                60.24147782665721
              ],
              [
                25.112665231355983,
                60.241338753378656
              ],
              [
                25.112689966307407,
                60.24133425368421
              ],
              [
                25.11271609045107,
                60.24132950149575
              ],
              [
                25.113461470313542,
                60.24119304253837
              ],
              [
                25.116091779941694,
                60.240710694773995
              ],
              [
                25.119865540612274,
                60.24001403081222
              ],
              [
                25.12197187315148,
                60.23962472692138
              ],
              [
                25.127319798256842,
                60.23863464209877
              ],
              [
                25.129605867426303,
                60.238212786930674
              ],
              [
                25.12959702291375,
                60.23795694403644
              ],
              [
                25.134437232377277,
                60.23730663138674
              ],
              [
                25.13466394926426,
                60.2372761635903
              ],
              [
                25.135099611550867,
                60.23721755159046
              ],
              [
                25.135468427435608,
                60.237245483985
              ],
              [
                25.135844636951177,
                60.237227938617956
              ],
              [
                25.13590697712305,
                60.23735278488041
              ],
              [
                25.136302805503178,
                60.2376604402656
              ],
              [
                25.13672889459765,
                60.23821502028137
              ],
              [
                25.136868581810056,
                60.238485232060405
              ],
              [
                25.137108516681145,
                60.23880439050504
              ],
              [
                25.137338816588926,
                60.23929174768762
              ],
              [
                25.13762107513829,
                60.23962803123602
              ],
              [
                25.13804678897616,
                60.240133521057054
              ],
              [
                25.13857824186448,
                60.24061165893875
              ],
              [
                25.138986727403186,
                60.24090890851403
              ],
              [
                25.13970428731929,
                60.241529330619734
              ],
              [
                25.14012595306658,
                60.242020538139435
              ],
              [
                25.140734731791703,
                60.24268296632871
              ],
              [
                25.141713659427438,
                60.243462610080634
              ],
              [
                25.141866724678426,
                60.2435845113858
              ],
              [
                25.141710860959073,
                60.24362978797321
              ],
              [
                25.141673029507213,
                60.24387876870465
              ],
              [
                25.142251228083392,
                60.24415224866998
              ],
              [
                25.143166522304863,
                60.24471720552417
              ],
              [
                25.14468049641133,
                60.24509358805032
              ],
              [
                25.145184200547085,
                60.245283261739466
              ],
              [
                25.14705107168148,
                60.24546917780692
              ],
              [
                25.147582328841825,
                60.24546203629775
              ],
              [
                25.148350265392075,
                60.245529752087
              ],
              [
                25.150116232887452,
                60.245422145079736
              ],
              [
                25.150741996587275,
                60.24552277672717
              ],
              [
                25.150757107349865,
                60.24553033476537
              ],
              [
                25.151964851599658,
                60.24613457859484
              ],
              [
                25.151982823799948,
                60.246120502623114
              ],
              [
                25.152062574461944,
                60.24605811339454
              ],
              [
                25.152268417133953,
                60.24589706610852
              ],
              [
                25.152279501883957,
                60.245896802084836
              ],
              [
                25.15247214452665,
                60.24594951760168
              ],
              [
                25.153787449371958,
                60.246309366089584
              ],
              [
                25.154100280868573,
                60.24642485717614
              ],
              [
                25.154639948899693,
                60.24657497069319
              ],
              [
                25.155287003274058,
                60.24675636120767
              ],
              [
                25.156325410515585,
                60.247396637783346
              ],
              [
                25.15742246469336,
                60.248062192043776
              ],
              [
                25.158323400950138,
                60.248456215613395
              ],
              [
                25.158627249659563,
                60.24853998785376
              ],
              [
                25.158820511281185,
                60.24859215489787
              ],
              [
                25.159883078209983,
                60.24881716608243
              ],
              [
                25.159585612336496,
                60.249211469945045
              ],
              [
                25.159730982488817,
                60.249513890011855
              ],
              [
                25.15985215023223,
                60.249736844397894
              ],
              [
                25.159677756016663,
                60.24999004235453
              ],
              [
                25.159401003116425,
                60.25037231179793
              ],
              [
                25.15937874032781,
                60.25040321671607
              ],
              [
                25.159129634190244,
                60.25074901844546
              ],
              [
                25.15899573350665,
                60.25072282724111
              ],
              [
                25.158632457487183,
                60.2509536319535
              ],
              [
                25.158326485325002,
                60.25098077958766
              ],
              [
                25.15739515378526,
                60.251070832540215
              ],
              [
                25.15730170424098,
                60.25177529241506
              ],
              [
                25.157257630726022,
                60.25210415342556
              ],
              [
                25.157237259580953,
                60.25225125941688
              ],
              [
                25.15721432262561,
                60.25251252104632
              ],
              [
                25.157196414496184,
                60.252749457264336
              ],
              [
                25.157193441983097,
                60.25277308691761
              ],
              [
                25.157156385223935,
                60.2530676625854
              ],
              [
                25.15712809117158,
                60.253325001174794
              ],
              [
                25.157103640964724,
                60.25360822906
              ],
              [
                25.1576941689759,
                60.253878189453424
              ],
              [
                25.15760539788039,
                60.25394051191302
              ],
              [
                25.15749699279887,
                60.253991001176445
              ],
              [
                25.157402835919058,
                60.25401877482437
              ],
              [
                25.15730303856313,
                60.254052900653406
              ],
              [
                25.157143348736923,
                60.25414234949783
              ],
              [
                25.157046388958783,
                60.25421477852852
              ],
              [
                25.15698744903111,
                60.254269193911384
              ],
              [
                25.156954336498142,
                60.254316443345935
              ],
              [
                25.156884625439314,
                60.25437693874339
              ],
              [
                25.156843214996737,
                60.25441116575881
              ],
              [
                25.15660735215227,
                60.25448324686668
              ],
              [
                25.156038426128703,
                60.25466967924845
              ],
              [
                25.155965267262975,
                60.25471965013604
              ],
              [
                25.155886459741737,
                60.25481994336785
              ],
              [
                25.155789237065974,
                60.254902666492214
              ],
              [
                25.155688458232287,
                60.25494781396796
              ],
              [
                25.155559995412872,
                60.25495547688335
              ],
              [
                25.1553924210148,
                60.25493034468365
              ],
              [
                25.155316194787467,
                60.25490498877786
              ],
              [
                25.155232571995416,
                60.25487751431996
              ],
              [
                25.155105398633022,
                60.25486756567264
              ],
              [
                25.15500156010764,
                60.25488837508053
              ],
              [
                25.154956366479706,
                60.25491369340712
              ],
              [
                25.15485624400979,
                60.25504072150248
              ],
              [
                25.154819011149126,
                60.25505763855542
              ],
              [
                25.154694789762452,
                60.25506867939071
              ],
              [
                25.154626675224872,
                60.25509362041414
              ],
              [
                25.15456595052181,
                60.25513840625032
              ],
              [
                25.15452199490799,
                60.2552004680233
              ],
              [
                25.154506637318864,
                60.255222152361256
              ],
              [
                25.154499866572422,
                60.25523022906866
              ],
              [
                25.154457555939143,
                60.25527731804054
              ],
              [
                25.154395571993682,
                60.25534630277443
              ],
              [
                25.154404442197887,
                60.25540820434513
              ],
              [
                25.154502035472444,
                60.25552575751474
              ],
              [
                25.154577749520282,
                60.255568724095966
              ],
              [
                25.154676109647127,
                60.25563802482523
              ],
              [
                25.15470708770793,
                60.25566949217442
              ],
              [
                25.154715769916596,
                60.255725856157255
              ],
              [
                25.154676786797655,
                60.25575861667869
              ],
              [
                25.154642080685687,
                60.25580599303326
              ],
              [
                25.15461801592523,
                60.255838816940646
              ],
              [
                25.154598006819384,
                60.255866116289155
              ],
              [
                25.15459230019181,
                60.255873904550775
              ],
              [
                25.15458314815464,
                60.255886417850725
              ],
              [
                25.154578233950563,
                60.25589372949631
              ],
              [
                25.15444047307992,
                60.25610235098132
              ],
              [
                25.154304913438,
                60.25623410496982
              ],
              [
                25.154289358465125,
                60.2562984223598
              ],
              [
                25.154253727993538,
                60.25636070771693
              ],
              [
                25.154224762573982,
                60.25638472346148
              ],
              [
                25.154146016159327,
                60.256450047644115
              ],
              [
                25.154029164282374,
                60.256546973268634
              ],
              [
                25.153981353563577,
                60.25664255322569
              ],
              [
                25.153911514729035,
                60.25668189231272
              ],
              [
                25.153848970853243,
                60.25667468579116
              ],
              [
                25.15357792248068,
                60.25662392987909
              ],
              [
                25.153463306423625,
                60.25664335038516
              ],
              [
                25.153423798799388,
                60.25666487401731
              ],
              [
                25.1533064825692,
                60.25672877029919
              ],
              [
                25.153199308612272,
                60.25678714391956
              ],
              [
                25.153091897262275,
                60.2568334369237
              ],
              [
                25.15300278871788,
                60.25683089190015
              ],
              [
                25.152806171193223,
                60.25680728877929
              ],
              [
                25.152783552322965,
                60.25698043108672
              ],
              [
                25.152746043307562,
                60.25698917133764
              ],
              [
                25.152579233966957,
                60.25700989867543
              ],
              [
                25.15247264094012,
                60.25701500241981
              ],
              [
                25.15240660856974,
                60.25702284188728
              ],
              [
                25.152347330064458,
                60.25703822183099
              ],
              [
                25.152290296703033,
                60.25706646980473
              ],
              [
                25.152279628714368,
                60.257091173187106
              ],
              [
                25.152274624685617,
                60.2571181857103
              ],
              [
                25.15227059530886,
                60.25719562055067
              ],
              [
                25.152261479118447,
                60.25724335286246
              ],
              [
                25.152244633199782,
                60.25729122866542
              ],
              [
                25.15222337575843,
                60.25733814916201
              ],
              [
                25.152196718456185,
                60.25738131517836
              ],
              [
                25.152159312649715,
                60.257424107566024
              ],
              [
                25.15210988987134,
                60.25746953450613
              ],
              [
                25.152062202323034,
                60.257499692395506
              ],
              [
                25.15198255342468,
                60.25753937378022
              ],
              [
                25.151926226971078,
                60.257560620024286
              ],
              [
                25.151864708389525,
                60.25758006813984
              ],
              [
                25.15181161617485,
                60.257593798281
              ],
              [
                25.151777064949805,
                60.25760180787323
              ],
              [
                25.151758805965944,
                60.25760602919771
              ],
              [
                25.151711040740388,
                60.257611702335424
              ],
              [
                25.151685948610677,
                60.25761467490941
              ],
              [
                25.151627125544575,
                60.257615576793896
              ],
              [
                25.15160341216272,
                60.25761595390621
              ],
              [
                25.15149281602428,
                60.25762294625233
              ],
              [
                25.151428095891045,
                60.25762974259547
              ],
              [
                25.151362758074704,
                60.257647507470175
              ],
              [
                25.151299959376285,
                60.257675384621876
              ],
              [
                25.15125090398168,
                60.25770290502829
              ],
              [
                25.151215866263335,
                60.25772689112371
              ],
              [
                25.15117163625493,
                60.257751147959176
              ],
              [
                25.15112509566527,
                60.257771790349565
              ],
              [
                25.151089349939397,
                60.25777935235494
              ],
              [
                25.151049099985226,
                60.25778151632276
              ],
              [
                25.151012248904433,
                60.25777654102245
              ],
              [
                25.150949078043674,
                60.25775900323821
              ],
              [
                25.15089172389514,
                60.257749473788245
              ],
              [
                25.15083259778763,
                60.25774737790321
              ],
              [
                25.150820151044176,
                60.257746916347315
              ],
              [
                25.15073265392702,
                60.25774965444079
              ],
              [
                25.150671715883625,
                60.25775809758334
              ],
              [
                25.150619281395805,
                60.25776969934634
              ],
              [
                25.150605429119693,
                60.25777388858771
              ],
              [
                25.15054505686134,
                60.25779149484678
              ],
              [
                25.150508696472354,
                60.25780683900744
              ],
              [
                25.15050170911449,
                60.25781527476554
              ],
              [
                25.150498951368306,
                60.257828328027045
              ],
              [
                25.1505021698379,
                60.25784482104383
              ],
              [
                25.150514403905554,
                60.257865836386024
              ],
              [
                25.150572695941516,
                60.25789865592764
              ],
              [
                25.150649314828836,
                60.25792227288709
              ],
              [
                25.150767937997532,
                60.25795987056713
              ],
              [
                25.150795376710395,
                60.25798792323253
              ],
              [
                25.15073731934959,
                60.258025883007264
              ],
              [
                25.150642630910266,
                60.25809111547865
              ],
              [
                25.150543237240875,
                60.258178055572984
              ],
              [
                25.150473538830877,
                60.25819843677297
              ],
              [
                25.15033407268953,
                60.258200497502195
              ],
              [
                25.150085265688112,
                60.25821201605336
              ],
              [
                25.149856038376928,
                60.25823155394357
              ],
              [
                25.14938362609845,
                60.25820437037551
              ],
              [
                25.149102331901705,
                60.258193575045645
              ],
              [
                25.1490047836409,
                60.25831793007643
              ],
              [
                25.148894024323575,
                60.25837713892706
              ],
              [
                25.148769601767913,
                60.258362971692726
              ],
              [
                25.148614053782907,
                60.25829602831777
              ],
              [
                25.148541677358576,
                60.2582000373279
              ],
              [
                25.14842434782358,
                60.25811666201546
              ],
              [
                25.148316631546614,
                60.25801413147576
              ],
              [
                25.148213011035935,
                60.257998414678724
              ],
              [
                25.148098241419536,
                60.258021591380015
              ],
              [
                25.14803306494194,
                60.25803565659612
              ],
              [
                25.147850062055557,
                60.258056010095125
              ],
              [
                25.147739103252814,
                60.258067200172555
              ],
              [
                25.147658339361836,
                60.25809338129436
              ],
              [
                25.147526459541965,
                60.258151643151805
              ],
              [
                25.147397518927555,
                60.258196860456
              ],
              [
                25.147055179355807,
                60.25824732235459
              ],
              [
                25.14680530799262,
                60.25829980833264
              ],
              [
                25.146727757143417,
                60.25833794047777
              ],
              [
                25.146647734661826,
                60.258409068629895
              ],
              [
                25.14659710309226,
                60.25844068180256
              ],
              [
                25.14655664814781,
                60.25846592918946
              ],
              [
                25.146424789546728,
                60.25852567085343
              ],
              [
                25.14620964758046,
                60.25860621917377
              ],
              [
                25.146014287630074,
                60.25867972668465
              ],
              [
                25.145438367208047,
                60.25890330592152
              ],
              [
                25.145002607890078,
                60.25907039152415
              ],
              [
                25.144703687707725,
                60.25918852777782
              ],
              [
                25.144627508759097,
                60.2592397791273
              ],
              [
                25.14457337334028,
                60.25930906480246
              ],
              [
                25.14449075242601,
                60.25945616166849
              ],
              [
                25.14429774623089,
                60.25979974972291
              ],
              [
                25.144161237863315,
                60.26004068813651
              ],
              [
                25.14407730829954,
                60.26019089161107
              ],
              [
                25.144020449134842,
                60.26029867519254
              ],
              [
                25.144271090526782,
                60.26067123832397
              ],
              [
                25.14432376507997,
                60.26074954468859
              ],
              [
                25.14413994238637,
                60.26131465151433
              ],
              [
                25.144073167536973,
                60.26142725663615
              ],
              [
                25.143924415931757,
                60.261613449547546
              ],
              [
                25.143608444231244,
                60.26196479870528
              ],
              [
                25.143441872487,
                60.26213363409262
              ],
              [
                25.143338443086524,
                60.26223844295253
              ],
              [
                25.14325950828238,
                60.26231843545731
              ],
              [
                25.14315654531253,
                60.26242276797626
              ],
              [
                25.142995661047348,
                60.26257545004614
              ],
              [
                25.142891389920763,
                60.26267843746387
              ],
              [
                25.142813190637128,
                60.26277018658221
              ],
              [
                25.142777841169053,
                60.26281235476991
              ],
              [
                25.14275029095707,
                60.26284517125083
              ],
              [
                25.14272503951722,
                60.26287489774337
              ],
              [
                25.142699338838444,
                60.262905181183775
              ],
              [
                25.14267020229773,
                60.26293880713129
              ],
              [
                25.1426343112539,
                60.26301020849691
              ],
              [
                25.142530876570948,
                60.26307763448509
              ],
              [
                25.142512206946932,
                60.263096412950226
              ],
              [
                25.14246941903001,
                60.26316051575488
              ],
              [
                25.142450376563293,
                60.2631890419786
              ],
              [
                25.142444650767686,
                60.26319761939146
              ],
              [
                25.142413853915848,
                60.26324838095755
              ],
              [
                25.142390638576494,
                60.26328952181452
              ],
              [
                25.142387107210254,
                60.2632958352542
              ],
              [
                25.1423775954167,
                60.26331857097492
              ],
              [
                25.14216325553211,
                60.26383107621923
              ],
              [
                25.141775537095857,
                60.26476609113019
              ],
              [
                25.141767065895053,
                60.26478735373765
              ],
              [
                25.141756646872533,
                60.26481355485123
              ],
              [
                25.141743445989217,
                60.264848177785666
              ],
              [
                25.141911114652522,
                60.26557855408787
              ],
              [
                25.141969120061397,
                60.26558989973198
              ],
              [
                25.143129670173966,
                60.26581678886982
              ],
              [
                25.142773862764948,
                60.266088334245644
              ],
              [
                25.142419341793268,
                60.26685692155788
              ],
              [
                25.14238213605217,
                60.266930397518095
              ],
              [
                25.142349761778224,
                60.26716791021311
              ],
              [
                25.142440443247917,
                60.26742636503099
              ],
              [
                25.14226472118761,
                60.26777589971631
              ],
              [
                25.142099973285298,
                60.268027923521494
              ],
              [
                25.141914972799082,
                60.268293341975614
              ],
              [
                25.142012281281744,
                60.26874696722232
              ],
              [
                25.142024624473684,
                60.26909787098688
              ],
              [
                25.14254093905314,
                60.269775133841655
              ],
              [
                25.169327602697333,
                60.275752420560664
              ],
              [
                25.171504893754317,
                60.27623957192288
              ],
              [
                25.172385107022688,
                60.2764310787815
              ],
              [
                25.172913051744718,
                60.27709250153517
              ],
              [
                25.17380075198401,
                60.27825006497179
              ],
              [
                25.174830294848952,
                60.27832884567954
              ],
              [
                25.175655876557872,
                60.27820023542467
              ],
              [
                25.1768431398659,
                60.277993062827015
              ],
              [
                25.177749076827876,
                60.27789797202766
              ],
              [
                25.17825155841381,
                60.27782462566045
              ],
              [
                25.17876504904429,
                60.277818424847936
              ],
              [
                25.18159478401515,
                60.27848711620474
              ],
              [
                25.182469876822676,
                60.27869181982342
              ],
              [
                25.184079143348317,
                60.27906019047132
              ],
              [
                25.18765706923638,
                60.27988044690573
              ],
              [
                25.187748959141857,
                60.28005098265524
              ],
              [
                25.187814273221477,
                60.280245412290334
              ],
              [
                25.187829275179453,
                60.28028014349192
              ],
              [
                25.18942498355827,
                60.283765683614675
              ],
              [
                25.189584705934163,
                60.28410001938583
              ],
              [
                25.190249955562518,
                60.28568134328986
              ],
              [
                25.190273671918202,
                60.28566688994854
              ],
              [
                25.19220305561662,
                60.28448112448974
              ],
              [
                25.19551532317602,
                60.28243879982325
              ],
              [
                25.195928161278005,
                60.282180948100105
              ],
              [
                25.196279590303767,
                60.28196136635813
              ],
              [
                25.19631341524977,
                60.282171797948955
              ],
              [
                25.196484270037953,
                60.28256540358376
              ],
              [
                25.1966765047379,
                60.28287807430542
              ],
              [
                25.196732476755283,
                60.28315230693556
              ],
              [
                25.19937742490592,
                60.284205850304836
              ],
              [
                25.202069866109074,
                60.28527883889292
              ],
              [
                25.20485164981889,
                60.28638955264564
              ],
              [
                25.202003608271603,
                60.287771647648114
              ],
              [
                25.201543514717354,
                60.28800295212725
              ],
              [
                25.20539491136109,
                60.28869341341432
              ],
              [
                25.207268375951344,
                60.28903431747786
              ],
              [
                25.212877082638933,
                60.290035082858616
              ],
              [
                25.21404504496636,
                60.29023271227183
              ],
              [
                25.22064960864854,
                60.291430499503335
              ],
              [
                25.222552873655733,
                60.29203715053356
              ],
              [
                25.224728326029027,
                60.2937010895807
              ],
              [
                25.225502612535077,
                60.29390095362145
              ],
              [
                25.22520447513484,
                60.29418200386572
              ],
              [
                25.228484931313467,
                60.295772838059534
              ],
              [
                25.229072798780493,
                60.29604882719758
              ],
              [
                25.227047075650617,
                60.29661627853707
              ],
              [
                25.22952129897226,
                60.297839410188715
              ],
              [
                25.23161586067215,
                60.29728560098507
              ],
              [
                25.232836717581065,
                60.296962775502756
              ],
              [
                25.23279526549878,
                60.296822079166326
              ],
              [
                25.23461600064732,
                60.29632804879775
              ],
              [
                25.23752388473383,
                60.29551370571704
              ],
              [
                25.238178704260644,
                60.29533164274601
              ],
              [
                25.240419562074866,
                60.29568871962183
              ],
              [
                25.24345061297493,
                60.29618780501012
              ],
              [
                25.244707433133943,
                60.29636832913791
              ],
              [
                25.246729624095078,
                60.29664239616868
              ],
              [
                25.249472131530435,
                60.297004237109
              ],
              [
                25.251151170165617,
                60.2972267157692
              ],
              [
                25.25289357642233,
                60.29745838862537
              ],
              [
                25.2544966693688,
                60.295225449893216
              ],
              [
                25.25280680931117,
                60.29489912425629
              ],
              [
                25.250702757281452,
                60.294496454958036
              ],
              [
                25.245556992082523,
                60.2935107043913
              ],
              [
                25.247932900198045,
                60.29216655621746
              ],
              [
                25.251287828419823,
                60.29027369508519
              ],
              [
                25.251568463921842,
                60.290115347976915
              ],
              [
                25.25129260301016,
                60.28964346479564
              ],
              [
                25.253890369013103,
                60.28963075185948
              ],
              [
                25.245829039322516,
                60.2858129752946
              ],
              [
                25.244776883935305,
                60.28531961420259
              ],
              [
                25.24386571305423,
                60.28488263457755
              ],
              [
                25.245971867950008,
                60.28372628549495
              ],
              [
                25.247326960563484,
                60.28298423198294
              ],
              [
                25.247113821077885,
                60.281825715930246
              ],
              [
                25.24712034750963,
                60.28133574272709
              ],
              [
                25.247084602525124,
                60.278511360690324
              ],
              [
                25.244784328206716,
                60.278960991874044
              ],
              [
                25.244128485989627,
                60.27834030785087
              ],
              [
                25.24612395134921,
                60.277603351169205
              ],
              [
                25.24669436206312,
                60.27771786911544
              ],
              [
                25.252292030573166,
                60.275749925881094
              ],
              [
                25.25211337051457,
                60.275467157742106
              ],
              [
                25.251761331785627,
                60.274893824199154
              ],
              [
                25.251744339906292,
                60.27486919171073
              ],
              [
                25.251334133538098,
                60.27419831232711
              ],
              [
                25.250903470334435,
                60.27351848567547
              ],
              [
                25.245672098178858,
                60.27271749963837
              ],
              [
                25.24298582887651,
                60.272297384343474
              ],
              [
                25.243277254869444,
                60.27183626035944
              ],
              [
                25.241613400254614,
                60.271835551038855
              ],
              [
                25.240599759399036,
                60.27186953718864
              ],
              [
                25.24030613933511,
                60.27187930818218
              ],
              [
                25.239650456579323,
                60.271889756390934
              ],
              [
                25.237609565273416,
                60.271921921973366
              ],
              [
                25.23484702639347,
                60.27196222090188
              ],
              [
                25.234473580158646,
                60.271398373973526
              ],
              [
                25.23187821467507,
                60.26723334931827
              ],
              [
                25.232077715760425,
                60.26569523213841
              ],
              [
                25.231886805110502,
                60.26530531050897
              ],
              [
                25.232560333810216,
                60.26254937013651
              ],
              [
                25.23157661901933,
                60.262515024362614
              ],
              [
                25.230699642073777,
                60.26215580673111
              ],
              [
                25.230655502712917,
                60.26169084633763
              ],
              [
                25.230611140268355,
                60.261418645068105
              ],
              [
                25.23023433943548,
                60.26143117565636
              ],
              [
                25.229941028734927,
                60.261413588059405
              ],
              [
                25.229784499736876,
                60.26141196806051
              ],
              [
                25.228573620585113,
                60.26139195689049
              ],
              [
                25.22820952087157,
                60.26138186059286
              ],
              [
                25.227628966406463,
                60.26123164260698
              ],
              [
                25.227340767971302,
                60.26110346732155
              ],
              [
                25.228856597196593,
                60.2599232576722
              ],
              [
                25.229098284535183,
                60.25999731082081
              ],
              [
                25.229285233209826,
                60.2598491764538
              ],
              [
                25.230365574328346,
                60.25901052699945
              ],
              [
                25.233530707672355,
                60.25655017172452
              ],
              [
                25.237452477926,
                60.256268686979055
              ],
              [
                25.238590422385474,
                60.254338783042954
              ],
              [
                25.2392897007287,
                60.2531527251953
              ],
              [
                25.24082451952072,
                60.250549187197784
              ],
              [
                25.24075564086784,
                60.24922979010043
              ],
              [
                25.240862942338683,
                60.247267248608985
              ],
              [
                25.240914850912674,
                60.2463176440158
              ],
              [
                25.237086946582185,
                60.24598949661366
              ],
              [
                25.227067564121835,
                60.24513007266239
              ],
              [
                25.225892747522707,
                60.24445086030642
              ],
              [
                25.224819051692922,
                60.243830060455345
              ],
              [
                25.22310101711937,
                60.242836649484566
              ],
              [
                25.226630550499152,
                60.23936469099191
              ],
              [
                25.208325712150536,
                60.23157133012641
              ],
              [
                25.204389204915966,
                60.229894535303494
              ],
              [
                25.203986819034267,
                60.22783533944412
              ],
              [
                25.20368777113193,
                60.22655484926631
              ],
              [
                25.203127146062574,
                60.2245599849763
              ],
              [
                25.202189987777828,
                60.22106409799576
              ],
              [
                25.201423577745068,
                60.218204592445815
              ],
              [
                25.20464190617999,
                60.21507489667965
              ],
              [
                25.209225679364238,
                60.21061619746559
              ],
              [
                25.210982167926204,
                60.20890727436052
              ],
              [
                25.211965690036667,
                60.20795029783898
              ],
              [
                25.212610200155115,
                60.207323148001926
              ],
              [
                25.214288011466422,
                60.20569040506144
              ],
              [
                25.214925956197224,
                60.20506954897103
              ],
              [
                25.22040449097183,
                60.19973666621525
              ],
              [
                25.219538051726893,
                60.19797471269105
              ],
              [
                25.218871429040583,
                60.196627601685
              ],
              [
                25.216304938531184,
                60.191440170846555
              ],
              [
                25.214434928094054,
                60.18765940908041
              ],
              [
                25.210000851256815,
                60.178691054623826
              ],
              [
                25.20556919626966,
                60.169722538473586
              ],
              [
                25.2045624992298,
                60.167684541946635
              ],
              [
                25.198054997980574,
                60.15450418640938
              ],
              [
                25.196725153861887,
                60.15178500389266
              ],
              [
                25.19421759415286,
                60.146656437917464
              ],
              [
                25.192956051739714,
                60.14281505119305
              ],
              [
                25.190010988091846,
                60.133843801505456
              ],
              [
                25.176785337915756,
                60.09349422762291
              ],
              [
                25.176238790196393,
                60.088985142170344
              ],
              [
                25.17606974507848,
                60.08759071429946
              ],
              [
                25.168744744800858,
                60.02703335184857
              ],
              [
                25.166024139139758,
                60.00449720578922
              ],
              [
                25.15855748543327,
                59.942450837265405
              ],
              [
                24.94229983689187,
                59.92249323694449
              ],
              [
                24.90260004981942,
                59.966858663110564
              ],
              [
                24.86862507237734,
                60.004715267206045
              ],
              [
                24.857388088491767,
                60.01722075912269
              ],
              [
                24.851135064163266,
                60.02417515187683
              ],
              [
                24.849324611283578,
                60.02618746723208
              ],
              [
                24.848091227198072,
                60.02755821678243
              ],
              [
                24.841255078797055,
                60.0351536671874
              ],
              [
                24.838523441251358,
                60.03818763503063
              ],
              [
                24.833181203711572,
                60.044119360318
              ],
              [
                24.825102947294692,
                60.05308454605429
              ],
              [
                24.820472856459045,
                60.05822056331129
              ],
              [
                24.8170203056736,
                60.06204922386581
              ],
              [
                24.808933283359316,
                60.07101339323359
              ],
              [
                24.804371765537617,
                60.07606728408587
              ],
              [
                24.8024003527184,
                60.07825299126513
              ],
              [
                24.792756781623005,
                60.088940221275166
              ],
              [
                24.78466405099002,
                60.09790287491322
              ],
              [
                24.782805557591,
                60.09996038628269
              ],
              [
                24.78428933934901,
                60.100816117957734
              ],
              [
                24.79483204753855,
                60.10689458626735
              ],
              [
                24.802203366797848,
                60.1111427386564
              ],
              [
                24.81044974878633,
                60.11589341236357
              ],
              [
                24.820128610942287,
                60.12146692326503
              ],
              [
                24.82607597301706,
                60.12489038704582
              ],
              [
                24.835674684814542,
                60.13041360227079
              ],
              [
                24.836830934370475,
                60.13651755043826
              ],
              [
                24.83802516937971,
                60.1428405642407
              ],
              [
                24.83827479528197,
                60.14416192971562
              ],
              [
                24.839110825702008,
                60.14855382835894
              ],
              [
                24.83914609626556,
                60.148670812781255
              ],
              [
                24.839378162185156,
                60.149962406213845
              ],
              [
                24.839435641516605,
                60.15026220316633
              ],
              [
                24.840859497479407,
                60.15106904861381
              ],
              [
                24.840918508886826,
                60.15518811926575
              ],
              [
                24.8409422439111,
                60.15702872142746
              ],
              [
                24.841175423834557,
                60.15760275175969
              ],
              [
                24.841341281757156,
                60.158011039823286
              ],
              [
                24.841749489525334,
                60.1590158700525
              ],
              [
                24.84428039303377,
                60.16524481659188
              ],
              [
                24.844348700167053,
                60.16542189292482
              ],
              [
                24.84441246662827,
                60.165584271057355
              ],
              [
                24.84440543367783,
                60.16571943324309
              ],
              [
                24.84439115340154,
                60.16601982514616
              ],
              [
                24.844235667472304,
                60.170505306862445
              ],
              [
                24.84417393523707,
                60.172319559329615
              ],
              [
                24.84416590559201,
                60.17254293093347
              ],
              [
                24.84414584347834,
                60.17313485630474
              ],
              [
                24.84414063353115,
                60.17325349666221
              ],
              [
                24.8441400743087,
                60.17327647315826
              ],
              [
                24.84412003432078,
                60.17356547148248
              ],
              [
                24.843722893224367,
                60.17942804024739
              ],
              [
                24.84365025242149,
                60.180786692822544
              ],
              [
                24.843636903201123,
                60.181021025826254
              ],
              [
                24.84338655982418,
                60.185425261043136
              ],
              [
                24.843254950628992,
                60.18774015140251
              ],
              [
                24.842834538975964,
                60.19513260457716
              ],
              [
                24.84279701345079,
                60.195760588237135
              ],
              [
                24.842931069327566,
                60.19602332378464
              ],
              [
                24.843107486515958,
                60.196369076473665
              ],
              [
                24.843966706090555,
                60.19805184111477
              ],
              [
                24.844561813860906,
                60.199217459125855
              ],
              [
                24.845943171767484,
                60.20192269854511
              ],
              [
                24.846225674069345,
                60.20247593858357
              ],
              [
                24.84643183522001,
                60.20287955928051
              ],
              [
                24.846476312607678,
                60.20296593625688
              ],
              [
                24.84686895654332,
                60.20373545702153
              ],
              [
                24.846843795411967,
                60.20399990632957
              ],
              [
                24.846838567703113,
                60.204053716840505
              ],
              [
                24.846800531409258,
                60.20444570077889
              ],
              [
                24.8467512082897,
                60.20495313127971
              ],
              [
                24.846737902846144,
                60.205045329236974
              ],
              [
                24.846732472091155,
                60.20514646682006
              ],
              [
                24.846723379556636,
                60.20524009673046
              ],
              [
                24.846698488741435,
                60.205496351718836
              ],
              [
                24.846687974520723,
                60.20560477144814
              ],
              [
                24.846664418136484,
                60.20579135188421
              ],
              [
                24.846655561281143,
                60.20593873575756
              ],
              [
                24.846582378278306,
                60.20665020330238
              ],
              [
                24.84655585657808,
                60.206965595263014
              ],
              [
                24.846361339128244,
                60.208964192333355
              ],
              [
                24.84632126297468,
                60.20938111612781
              ],
              [
                24.84629496819871,
                60.20965084133415
              ],
              [
                24.84597055680706,
                60.21299181739434
              ],
              [
                24.845939330970925,
                60.213311762976225
              ],
              [
                24.846085327745993,
                60.2153748190834
              ],
              [
                24.84682620055583,
                60.21652901432388
              ],
              [
                24.847351719393327,
                60.217390467608055
              ],
              [
                24.847692869343692,
                60.21795025079089
              ],
              [
                24.848083450788394,
                60.21859030268754
              ],
              [
                24.848053599374367,
                60.21875292946158
              ],
              [
                24.848019264725878,
                60.21938920022627
              ],
              [
                24.847813721904785,
                60.21981452362548
              ],
              [
                24.84772782137031,
                60.22009950287774
              ],
              [
                24.84761684082941,
                60.22046767884568
              ],
              [
                24.84762342051637,
                60.22050383925446
              ],
              [
                24.84781466065053,
                60.22100961524298
              ],
              [
                24.84782397504904,
                60.22111757287682
              ],
              [
                24.84783781537432,
                60.22128060865718
              ],
              [
                24.847865008191647,
                60.22159523602728
              ],
              [
                24.847939387962196,
                60.22167473547917
              ],
              [
                24.84836606483095,
                60.22208473458268
              ],
              [
                24.848712323181584,
                60.22241159140517
              ],
              [
                24.84914409912418,
                60.22282729312708
              ],
              [
                24.849211988646914,
                60.22289517032368
              ],
              [
                24.849612013653893,
                60.22329293749024
              ],
              [
                24.84971651170972,
                60.22339684718386
              ],
              [
                24.850052369599958,
                60.22372738650174
              ],
              [
                24.850230018717347,
                60.223902248023066
              ],
              [
                24.850642576238368,
                60.22430710772167
              ],
              [
                24.851165838095344,
                60.22478844386065
              ],
              [
                24.85119184074242,
                60.22481197056328
              ],
              [
                24.85120366363717,
                60.22482297865947
              ],
              [
                24.851235620818343,
                60.224850479147214
              ],
              [
                24.851375539635775,
                60.224972395912786
              ],
              [
                24.851218228870973,
                60.224973431313536
              ],
              [
                24.850997354212385,
                60.224969494615856
              ],
              [
                24.85078624965165,
                60.22495975249102
              ],
              [
                24.85056273682574,
                60.22494478136293
              ],
              [
                24.850349928578748,
                60.224924885471616
              ],
              [
                24.85014759949241,
                60.224902030222125
              ],
              [
                24.849938582475573,
                60.22487390752921
              ],
              [
                24.84972778400183,
                60.22484085500615
              ],
              [
                24.84939501481333,
                60.224771412223554
              ],
              [
                24.84914881023819,
                60.224688514212154
              ],
              [
                24.84898079325676,
                60.22462058592314
              ],
              [
                24.8483489146335,
                60.22435288367934
              ],
              [
                24.847810790871346,
                60.224141543648756
              ],
              [
                24.847725039095998,
                60.22410861333506
              ],
              [
                24.84721096471628,
                60.22391111156377
              ],
              [
                24.847077597198847,
                60.22384349897767
              ],
              [
                24.84689337839121,
                60.223730496985624
              ],
              [
                24.846665580192283,
                60.22357968465142
              ],
              [
                24.846428923702664,
                60.2234002904941
              ],
              [
                24.846313698602405,
                60.22331991718279
              ],
              [
                24.846040970392426,
                60.22315261405935
              ],
              [
                24.84588410556103,
                60.223071985619626
              ],
              [
                24.8454585862928,
                60.22289142661859
              ],
              [
                24.845208411984196,
                60.22277159190574
              ],
              [
                24.844907890493086,
                60.22260427195887
              ],
              [
                24.84484776853677,
                60.22257080427622
              ],
              [
                24.844631413435902,
                60.222450334849825
              ],
              [
                24.84458934109052,
                60.222426904708975
              ],
              [
                24.844359331362522,
                60.222264234538606
              ],
              [
                24.8435363200168,
                60.221808133915516
              ],
              [
                24.843402506681755,
                60.221735230574296
              ],
              [
                24.843231918268092,
                60.221656036787714
              ],
              [
                24.843064507970674,
                60.22158776958249
              ],
              [
                24.842721618839274,
                60.22145623323644
              ],
              [
                24.84235444736973,
                60.2213323770097
              ],
              [
                24.841910194782287,
                60.221199246132294
              ],
              [
                24.841905345614787,
                60.22121855080663
              ],
              [
                24.84188436667111,
                60.22129882418923
              ],
              [
                24.84187845272466,
                60.2213167768889
              ],
              [
                24.841844940925697,
                60.221445838897004
              ],
              [
                24.841835087716454,
                60.22148378405785
              ],
              [
                24.841795237489663,
                60.221692602743474
              ],
              [
                24.841695576168743,
                60.222152364654505
              ],
              [
                24.841674609370518,
                60.2222350388325
              ],
              [
                24.841630581052936,
                60.22241191804442
              ],
              [
                24.84152283565172,
                60.22284103714677
              ],
              [
                24.841485653046334,
                60.22298985844711
              ],
              [
                24.84120798787312,
                60.22414390429724
              ],
              [
                24.841172586364102,
                60.22428946955047
              ],
              [
                24.841157398757627,
                60.224351848225666
              ],
              [
                24.84113862097792,
                60.22442903198022
              ],
              [
                24.84113363302571,
                60.22444931934666
              ],
              [
                24.841006106758503,
                60.22496614857364
              ],
              [
                24.840870141936772,
                60.22549205958248
              ],
              [
                24.84083601789336,
                60.22562660448366
              ],
              [
                24.84081369514408,
                60.225716358434
              ],
              [
                24.840753129941536,
                60.22595998528015
              ],
              [
                24.840717604970646,
                60.22610414109234
              ],
              [
                24.840618409137964,
                60.226503013498565
              ],
              [
                24.84052991980709,
                60.22685931050398
              ],
              [
                24.840518384703067,
                60.226904801810576
              ],
              [
                24.8404460834158,
                60.227264035190515
              ],
              [
                24.840383110180444,
                60.227489600460345
              ],
              [
                24.840342348310198,
                60.22763756437802
              ],
              [
                24.840250218778035,
                60.22800642228878
              ],
              [
                24.84019395678929,
                60.2282317711396
              ],
              [
                24.840185913918425,
                60.22826400998254
              ],
              [
                24.840165396957406,
                60.22833424452159
              ],
              [
                24.84007764738027,
                60.22868483368622
              ],
              [
                24.83997139591871,
                60.22913595159884
              ],
              [
                24.838117267642282,
                60.22902571122469
              ],
              [
                24.838021315955313,
                60.229373336108814
              ],
              [
                24.837963379401497,
                60.22958337892317
              ],
              [
                24.83788240001402,
                60.22987681069518
              ],
              [
                24.837849857060714,
                60.22999475224087
              ],
              [
                24.837837012775914,
                60.23004125591453
              ],
              [
                24.83767901705307,
                60.23061378140564
              ],
              [
                24.837661136989354,
                60.23067857071118
              ],
              [
                24.837572654347802,
                60.230999206404185
              ],
              [
                24.837551693630605,
                60.23107375712749
              ],
              [
                24.83745385515781,
                60.23142823637866
              ],
              [
                24.83740324462684,
                60.231611559201376
              ],
              [
                24.837364810271392,
                60.23175225492685
              ],
              [
                24.837275127461155,
                60.232077179131295
              ],
              [
                24.837249736499306,
                60.23216773642754
              ],
              [
                24.837250622004102,
                60.232182062206824
              ],
              [
                24.837179948007705,
                60.232431286509645
              ],
              [
                24.837080478124367,
                60.23278204992245
              ],
              [
                24.837069789548842,
                60.232824342309236
              ],
              [
                24.837007164479097,
                60.23303838186599
              ],
              [
                24.836991120502265,
                60.23309392904333
              ],
              [
                24.836930126957736,
                60.23330509808027
              ],
              [
                24.83688870585423,
                60.2334503763797
              ],
              [
                24.836773056879494,
                60.233852079470594
              ],
              [
                24.836704092552065,
                60.234091556230425
              ],
              [
                24.83662149884383,
                60.23437845099626
              ],
              [
                24.83654689349573,
                60.23463754984485
              ],
              [
                24.836482921665716,
                60.23485968322485
              ],
              [
                24.836419095643105,
                60.23508135900329
              ],
              [
                24.836355287118433,
                60.23530297193819
              ],
              [
                24.83629109170578,
                60.23552598451581
              ],
              [
                24.83628056715421,
                60.23556249230517
              ],
              [
                24.836163719348054,
                60.23596994648026
              ],
              [
                24.835989964550052,
                60.236578091220345
              ],
              [
                24.83595930230114,
                60.23668541665945
              ],
              [
                24.836938390429744,
                60.236760642879965
              ],
              [
                24.83676797389303,
                60.23729120960319
              ],
              [
                24.83674648595819,
                60.23735807657231
              ],
              [
                24.836686554149573,
                60.23754743689901
              ],
              [
                24.836531410966913,
                60.238036062225426
              ],
              [
                24.836234245650843,
                60.238974842069325
              ],
              [
                24.836195575497573,
                60.23909855563335
              ],
              [
                24.836043060043124,
                60.239571359965396
              ],
              [
                24.83586958203391,
                60.240109056964044
              ],
              [
                24.835867030396702,
                60.2401319679067
              ],
              [
                24.835863930105116,
                60.24015990437318
              ],
              [
                24.835828255640887,
                60.240250780667644
              ],
              [
                24.835821307101217,
                60.240268507387704
              ],
              [
                24.835742139237997,
                60.24051910025922
              ],
              [
                24.835667956458597,
                60.24077614355513
              ],
              [
                24.835640559510285,
                60.24087210111699
              ],
              [
                24.835575624598206,
                60.24106660651402
              ],
              [
                24.83550820219981,
                60.241263801399874
              ],
              [
                24.835490977049606,
                60.24131476907412
              ],
              [
                24.83541766900106,
                60.24153703376823
              ],
              [
                24.8353906307592,
                60.241618792694645
              ],
              [
                24.83534435326906,
                60.24174983837694
              ],
              [
                24.835271649261756,
                60.24196286808216
              ],
              [
                24.83519825206607,
                60.2421771354804
              ],
              [
                24.835179572118726,
                60.242226413934524
              ],
              [
                24.835114868947315,
                60.24239168661618
              ],
              [
                24.835055357449047,
                60.24257991570426
              ],
              [
                24.83494367100863,
                60.24293309185458
              ],
              [
                24.83491440199948,
                60.243023580918084
              ],
              [
                24.83490367031183,
                60.24305741364585
              ],
              [
                24.834865322498064,
                60.24322273691163
              ],
              [
                24.83481430410771,
                60.243380155058325
              ],
              [
                24.83435946333391,
                60.24478347765906
              ],
              [
                24.834330147434088,
                60.244868303063456
              ],
              [
                24.833829918209833,
                60.246476689646315
              ],
              [
                24.833684048920855,
                60.24694277657544
              ],
              [
                24.833552857832437,
                60.24736562949618
              ],
              [
                24.833423435447916,
                60.24778086440878
              ],
              [
                24.833111815030243,
                60.248757583619266
              ],
              [
                24.832747886970797,
                60.24989616035744
              ],
              [
                24.832662610421487,
                60.25016336571604
              ],
              [
                24.832508045122076,
                60.25064971547122
              ],
              [
                24.832203674601683,
                60.25160350930616
              ],
              [
                24.83212009927796,
                60.25185766625127
              ],
              [
                24.832069654191855,
                60.252014294053964
              ],
              [
                24.831867709247398,
                60.25263322066483
              ],
              [
                24.831760272401528,
                60.252963353538426
              ],
              [
                24.831681095304145,
                60.25320518939898
              ],
              [
                24.831539283355326,
                60.25362715414662
              ],
              [
                24.831402420658105,
                60.25405546510178
              ],
              [
                24.83234006900451,
                60.2543063104731
              ],
              [
                24.833684428940465,
                60.2546672212361
              ],
              [
                24.834707084951702,
                60.25839753624624
              ],
              [
                24.834733398365863,
                60.25849852358307
              ],
              [
                24.83546467904318,
                60.25877344867032
              ],
              [
                24.83598509148408,
                60.258882236260746
              ],
              [
                24.83684409953367,
                60.25902900899202
              ],
              [
                24.837712983638358,
                60.25910154425499
              ],
              [
                24.83864106638835,
                60.25909628474256
              ],
              [
                24.84253952896782,
                60.25798074390329
              ],
              [
                24.845031516509952,
                60.25726755129726
              ],
              [
                24.848181261718704,
                60.25636601805896
              ],
              [
                24.855228323312776,
                60.25434886352727
              ],
              [
                24.856615097651986,
                60.253951773488396
              ],
              [
                24.8568412538367,
                60.25388700913282
              ],
              [
                24.856925662092426,
                60.25386283977019
              ],
              [
                24.857338787052832,
                60.253744531568955
              ],
              [
                24.857482720962686,
                60.253703318797825
              ],
              [
                24.857649329471766,
                60.253655605109984
              ],
              [
                24.857814852564747,
                60.25360820418765
              ],
              [
                24.858828228995925,
                60.25350763076929
              ],
              [
                24.85904969704518,
                60.253485652081885
              ],
              [
                24.861935800931537,
                60.253199166865535
              ],
              [
                24.86205403066045,
                60.253187433324115
              ],
              [
                24.86249294702181,
                60.2531438555756
              ],
              [
                24.86264390701127,
                60.25320802393214
              ],
              [
                24.862982154075674,
                60.2533517813468
              ],
              [
                24.863017201031703,
                60.25336628575127
              ],
              [
                24.863341352180633,
                60.25350443606746
              ],
              [
                24.863892207550165,
                60.25373845935264
              ],
              [
                24.864308704134633,
                60.25391620237608
              ],
              [
                24.864434542313585,
                60.253824961982005
              ],
              [
                24.86451427317482,
                60.25375129301658
              ],
              [
                24.864629818030714,
                60.25369460595521
              ],
              [
                24.864866743975334,
                60.25360651201899
              ],
              [
                24.865079376056613,
                60.253545372840236
              ],
              [
                24.86520469604471,
                60.253495857529174
              ],
              [
                24.865426275675734,
                60.25337079555106
              ],
              [
                24.8655301648361,
                60.25332400466388
              ],
              [
                24.86561960762595,
                60.253303308332
              ],
              [
                24.865753349060622,
                60.25328725210713
              ],
              [
                24.865920691302556,
                60.25327746754015
              ],
              [
                24.866086557498633,
                60.25328416896819
              ],
              [
                24.86648732024052,
                60.253286951003965
              ],
              [
                24.866622988952173,
                60.253280903342116
              ],
              [
                24.866828377418752,
                60.25323667259731
              ],
              [
                24.867061636940043,
                60.25318204010004
              ],
              [
                24.867137070612475,
                60.25314642068506
              ],
              [
                24.86728372232192,
                60.253014513208086
              ],
              [
                24.867451149015338,
                60.25284484911192
              ],
              [
                24.867474070056204,
                60.252821518162534
              ],
              [
                24.867590094470717,
                60.252670803364
              ],
              [
                24.86759418794565,
                60.25265885229601
              ],
              [
                24.867608625105227,
                60.25261661080133
              ],
              [
                24.86760712314156,
                60.25254131519432
              ],
              [
                24.86763060185083,
                60.252505015409746
              ],
              [
                24.867698612186604,
                60.25245570088249
              ],
              [
                24.867875246123575,
                60.25237962229
              ],
              [
                24.86876483488798,
                60.25326683702067
              ],
              [
                24.868906321695963,
                60.25330058044385
              ],
              [
                24.869077867330905,
                60.25334145284821
              ],
              [
                24.869131019616393,
                60.25335417842036
              ],
              [
                24.870067437315527,
                60.253577524822326
              ],
              [
                24.87029612262486,
                60.25363303647072
              ],
              [
                24.870700541205498,
                60.253731199226905
              ],
              [
                24.871271573041113,
                60.25386817914723
              ],
              [
                24.872416209899026,
                60.25414357910429
              ],
              [
                24.872890681512256,
                60.254748603692114
              ],
              [
                24.873258750557802,
                60.25521534974897
              ],
              [
                24.87356332266178,
                60.25560400275982
              ],
              [
                24.87363068160459,
                60.25569027494922
              ],
              [
                24.87405887235385,
                60.25623860782302
              ],
              [
                24.87413767361797,
                60.25634186294887
              ],
              [
                24.874150935924195,
                60.25635926073579
              ],
              [
                24.874405508362877,
                60.25668898616747
              ],
              [
                24.874621217428064,
                60.256966814943354
              ],
              [
                24.87471259190566,
                60.25708398957094
              ],
              [
                24.87487831003019,
                60.25729649693501
              ],
              [
                24.87506951238056,
                60.25754716943702
              ],
              [
                24.87535596370701,
                60.25791511298856
              ],
              [
                24.875510826756408,
                60.2581244552253
              ],
              [
                24.87554483687287,
                60.25816747892902
              ],
              [
                24.87559223692967,
                60.25822800808424
              ],
              [
                24.87563070524177,
                60.258276681423425
              ],
              [
                24.875832324261495,
                60.258531769423975
              ],
              [
                24.8760509161603,
                60.258808332958694
              ],
              [
                24.876082878281647,
                60.25884878766389
              ],
              [
                24.87671967836108,
                60.25964409172203
              ],
              [
                24.876834866979287,
                60.259787938457734
              ],
              [
                24.876914728299955,
                60.25988767452444
              ],
              [
                24.87702398549508,
                60.260024137874105
              ],
              [
                24.877223552770253,
                60.26027334294306
              ],
              [
                24.877252481212533,
                60.26030948639498
              ],
              [
                24.877385322291186,
                60.26036641394805
              ],
              [
                24.87741334086068,
                60.26037543309051
              ],
              [
                24.87752158404884,
                60.260426503836705
              ],
              [
                24.877629971838168,
                60.260472799754176
              ],
              [
                24.87763894145389,
                60.26047490824508
              ],
              [
                24.87808811273456,
                60.26066685512859
              ],
              [
                24.878829549367936,
                60.260983689155275
              ],
              [
                24.87889815514575,
                60.26101300231593
              ],
              [
                24.878941868867543,
                60.261032653254446
              ],
              [
                24.879569140829894,
                60.26130000609976
              ],
              [
                24.88017975455446,
                60.261561165914394
              ],
              [
                24.880480862444074,
                60.261690017721854
              ],
              [
                24.88457385751975,
                60.26345114968901
              ],
              [
                24.884641986128454,
                60.26348037867281
              ],
              [
                24.884970310656367,
                60.26362136056235
              ],
              [
                24.885014629908966,
                60.26364036379138
              ],
              [
                24.885126303367468,
                60.26368817322925
              ],
              [
                24.885672138223665,
                60.26391168988726
              ],
              [
                24.885781289720263,
                60.263957979771384
              ],
              [
                24.88583944382714,
                60.26398334017165
              ],
              [
                24.886435835317783,
                60.26424339974387
              ],
              [
                24.88779157294788,
                60.26483457154106
              ],
              [
                24.888205910150962,
                60.2650152331051
              ],
              [
                24.88870680199271,
                60.26523363030357
              ],
              [
                24.889156620109112,
                60.26541719268654
              ],
              [
                24.889665123448665,
                60.26563795113735
              ],
              [
                24.889852305880094,
                60.265719010004915
              ],
              [
                24.88990882431671,
                60.26574374795974
              ],
              [
                24.891406440221676,
                60.266393896195645
              ],
              [
                24.89197257128006,
                60.266795347998766
              ],
              [
                24.892470564039595,
                60.26714822166383
              ],
              [
                24.89252605618313,
                60.267360586599864
              ],
              [
                24.892591149089874,
                60.26760961444904
              ],
              [
                24.89268472123334,
                60.26796778712299
              ],
              [
                24.892772000680946,
                60.268322633764946
              ],
              [
                24.892792256036923,
                60.268405034506124
              ],
              [
                24.892798146206793,
                60.268428991141114
              ],
              [
                24.892823406063574,
                60.26853172822392
              ],
              [
                24.89321324514108,
                60.26852356054483
              ],
              [
                24.894319013782056,
                60.26850040008571
              ],
              [
                24.894966849178996,
                60.26850681073228
              ],
              [
                24.895346250606433,
                60.26851362628487
              ],
              [
                24.896117706468075,
                60.26855415406817
              ],
              [
                24.89700840957993,
                60.26861264870686
              ],
              [
                24.897523312052098,
                60.268651344614256
              ],
              [
                24.897785268782567,
                60.26867741330667
              ],
              [
                24.898146569723863,
                60.268730429779865
              ],
              [
                24.89854853717987,
                60.26879691237668
              ],
              [
                24.899275176956685,
                60.268937417412104
              ],
              [
                24.89944729917393,
                60.268976563499436
              ],
              [
                24.899632453640354,
                60.26902595106522
              ],
              [
                24.89979502901907,
                60.26907355320429
              ],
              [
                24.900011813299017,
                60.26914942331232
              ],
              [
                24.900160830260592,
                60.26919387343651
              ],
              [
                24.900296315291246,
                60.26922620554318
              ],
              [
                24.90131706289985,
                60.26939869242673
              ],
              [
                24.901651281281488,
                60.26944361042718
              ],
              [
                24.902563641817817,
                60.26960080324815
              ],
              [
                24.90337661832577,
                60.269751248881725
              ],
              [
                24.904026997045246,
                60.26987922363108
              ],
              [
                24.90540909101187,
                60.27018725136865
              ],
              [
                24.905598797839605,
                60.27023618507722
              ],
              [
                24.90581559544465,
                60.27029589912001
              ],
              [
                24.906086568178516,
                60.27037939978621
              ],
              [
                24.906953537982105,
                60.27067475901491
              ],
              [
                24.90725116079766,
                60.27076737692423
              ],
              [
                24.907356068897865,
                60.27079315541368
              ],
              [
                24.907491174399976,
                60.27081756368171
              ],
              [
                24.90770549529115,
                60.27084181146943
              ],
              [
                24.90791143327637,
                60.27085290427537
              ],
              [
                24.90813297148641,
                60.270855238677434
              ],
              [
                24.908367673189044,
                60.270847825633034
              ],
              [
                24.908584100805307,
                60.27083614530341
              ],
              [
                24.90880386140675,
                60.27082143325598
              ],
              [
                24.909241018384986,
                60.270803826933836
              ],
              [
                24.90947480020428,
                60.27080213755059
              ],
              [
                24.90969286630579,
                60.27081197931647
              ],
              [
                24.909872370758816,
                60.27083584989515
              ],
              [
                24.91002579731203,
                60.27086794190088
              ],
              [
                24.910172181369056,
                60.27091170584037
              ],
              [
                24.910294454265475,
                60.27095815490432
              ],
              [
                24.91044541652326,
                60.27103280566189
              ],
              [
                24.910571107281545,
                60.27111827242967
              ],
              [
                24.910658249977427,
                60.27120630701887
              ],
              [
                24.91072200297345,
                60.27130409096373
              ],
              [
                24.9108125242812,
                60.27139922718636
              ],
              [
                24.910892855990888,
                60.27145411124068
              ],
              [
                24.911104343255605,
                60.27155955122628
              ],
              [
                24.91125976629675,
                60.27163011129554
              ],
              [
                24.911426757418873,
                60.27169959288416
              ],
              [
                24.911590465550546,
                60.27176053656169
              ],
              [
                24.91176731035502,
                60.27182167724442
              ],
              [
                24.91194228238673,
                60.27187393089771
              ],
              [
                24.912118396708134,
                60.27192493750817
              ],
              [
                24.91232525176895,
                60.27197457300575
              ],
              [
                24.912522548162283,
                60.272017596061964
              ],
              [
                24.91271102663604,
                60.27205398925559
              ],
              [
                24.912929662539575,
                60.272090904569595
              ],
              [
                24.913515151218,
                60.2721757626198
              ],
              [
                24.913919703977953,
                60.27224214646232
              ],
              [
                24.914416883272047,
                60.27233667250721
              ],
              [
                24.915017917065477,
                60.27243672015534
              ],
              [
                24.91523565598846,
                60.27246611876654
              ],
              [
                24.916251726692845,
                60.27257315649835
              ],
              [
                24.91690637156264,
                60.27262833491658
              ],
              [
                24.91733966163946,
                60.272661490759326
              ],
              [
                24.91774989282801,
                60.27269558229468
              ],
              [
                24.917965790862596,
                60.27271852204504
              ],
              [
                24.91809701921414,
                60.27273886028043
              ],
              [
                24.918369646766678,
                60.272788042224036
              ],
              [
                24.918653725071167,
                60.27284713935426
              ],
              [
                24.91879727992577,
                60.27287408129235
              ],
              [
                24.9194594833885,
                60.27297542069783
              ],
              [
                24.91964661677497,
                60.27300567309266
              ],
              [
                24.919979519476932,
                60.273052294313
              ],
              [
                24.92026932551064,
                60.273084043688186
              ],
              [
                24.92053039920366,
                60.27310880143494
              ],
              [
                24.92061555047004,
                60.273142894425405
              ],
              [
                24.920696271945204,
                60.27319615845127
              ],
              [
                24.920809989109962,
                60.27330813933121
              ],
              [
                24.920923783822673,
                60.27340328249187
              ],
              [
                24.920986466193366,
                60.27344993750764
              ],
              [
                24.921204351133987,
                60.2735739350657
              ],
              [
                24.921296791955708,
                60.273622474444664
              ],
              [
                24.92146256990398,
                60.27369100025732
              ],
              [
                24.921636771072144,
                60.27375130048009
              ],
              [
                24.9218085717146,
                60.2738030904753
              ],
              [
                24.921982221687358,
                60.27385253878022
              ],
              [
                24.92277332497432,
                60.274050340985205
              ],
              [
                24.92287651373597,
                60.274079193698455
              ],
              [
                24.92312611812621,
                60.27416736812524
              ],
              [
                24.923298070043526,
                60.27423366933716
              ],
              [
                24.923502615663864,
                60.27431845129149
              ],
              [
                24.923625594501882,
                60.27437794751511
              ],
              [
                24.923903291985575,
                60.274542759034986
              ],
              [
                24.92413733248996,
                60.27466529775905
              ],
              [
                24.924276562541337,
                60.27472359996555
              ],
              [
                24.92442722499483,
                60.274777178546884
              ],
              [
                24.92458083678145,
                60.27481365171068
              ],
              [
                24.924710145413382,
                60.274833371991306
              ],
              [
                24.924882112098068,
                60.2748488530074
              ],
              [
                24.925010328546282,
                60.274856374946296
              ],
              [
                24.925446404970266,
                60.27486486869704
              ],
              [
                24.92575338916084,
                60.274877489368016
              ],
              [
                24.926846637225438,
                60.27492239797192
              ],
              [
                24.927129677712514,
                60.2749432775002
              ],
              [
                24.927407226353804,
                60.27497164779883
              ],
              [
                24.927934913674694,
                60.27503530969472
              ],
              [
                24.92814666135525,
                60.275057512606146
              ],
              [
                24.928365616324456,
                60.27507304144433
              ],
              [
                24.92857728338849,
                60.27507443888337
              ],
              [
                24.929073976496042,
                60.27505722111999
              ],
              [
                24.929220148106875,
                60.275044069492004
              ],
              [
                24.92941609163049,
                60.27502090079899
              ],
              [
                24.9296347881155,
                60.27499707072351
              ],
              [
                24.92985496043492,
                60.27498434351177
              ],
              [
                24.930545510645256,
                60.27496332718867
              ],
              [
                24.930799245705455,
                60.27496539827232
              ],
              [
                24.931035129478637,
                60.27497455906604
              ],
              [
                24.931274961270002,
                60.274988361712815
              ],
              [
                24.931502150395055,
                60.27500742590833
              ],
              [
                24.931720912070645,
                60.27502959083699
              ],
              [
                24.931957400577843,
                60.27506117059885
              ],
              [
                24.932178890185735,
                60.27510152909972
              ],
              [
                24.93240104013091,
                60.27514617775947
              ],
              [
                24.93297382156679,
                60.27528377210184
              ],
              [
                24.933778042730804,
                60.2754699012741
              ],
              [
                24.934016721815308,
                60.275511073051135
              ],
              [
                24.934251573295477,
                60.27554175038177
              ],
              [
                24.934925733629857,
                60.27561566182111
              ],
              [
                24.935134329201897,
                60.27565512949254
              ],
              [
                24.935884072620357,
                60.2758477084256
              ],
              [
                24.936266785145662,
                60.275956206467555
              ],
              [
                24.936463122519864,
                60.27600975738345
              ],
              [
                24.936840952892414,
                60.27612164409435
              ],
              [
                24.938633134765237,
                60.276457397239156
              ],
              [
                24.938893056313276,
                60.276511270099
              ],
              [
                24.939056210190056,
                60.27654134048474
              ],
              [
                24.939294016282272,
                60.27658352555213
              ],
              [
                24.93995841512598,
                60.276706259501346
              ],
              [
                24.94011166102484,
                60.276739779599765
              ],
              [
                24.940250087048078,
                60.276773786497785
              ],
              [
                24.9403735503412,
                60.276807310845605
              ],
              [
                24.941446337171236,
                60.27719450654671
              ],
              [
                24.941988989779098,
                60.27738494905457
              ],
              [
                24.94231706070648,
                60.27747847086863
              ],
              [
                24.942664542881538,
                60.27757243106384
              ],
              [
                24.942977613131994,
                60.27764750951448
              ],
              [
                24.943283269391824,
                60.277715358949706
              ],
              [
                24.943514002155464,
                60.277769605201314
              ],
              [
                24.943759383658037,
                60.27783970762204
              ],
              [
                24.944310706833015,
                60.27801507477376
              ],
              [
                24.944612979894618,
                60.27812075058625
              ],
              [
                24.944775902896108,
                60.27817771279314
              ],
              [
                24.945097398976877,
                60.27827845907829
              ],
              [
                24.94535591951218,
                60.278352979816
              ],
              [
                24.945544033298233,
                60.278391641840265
              ],
              [
                24.94565129558437,
                60.27840387421123
              ],
              [
                24.94574993063628,
                60.278409048392795
              ],
              [
                24.945969417415412,
                60.27840565542562
              ],
              [
                24.946183807477215,
                60.2783912742731
              ],
              [
                24.946302116882904,
                60.278389948925955
              ],
              [
                24.946406516686206,
                60.27839552883826
              ],
              [
                24.946624609128698,
                60.27841588285007
              ],
              [
                24.947256832883905,
                60.27849178809191
              ],
              [
                24.947470684631615,
                60.278508800221786
              ],
              [
                24.947653384024825,
                60.27851089177577
              ],
              [
                24.947782045614765,
                60.27850084520511
              ],
              [
                24.947935346858348,
                60.2784757296773
              ],
              [
                24.948102424599078,
                60.27843609733196
              ],
              [
                24.948269970317146,
                60.27838598181695
              ],
              [
                24.948481526952968,
                60.278322312522455
              ],
              [
                24.948670330955935,
                60.278268731305815
              ],
              [
                24.948939078718848,
                60.278199060945234
              ],
              [
                24.94906005839362,
                60.278176893538955
              ],
              [
                24.94912060239593,
                60.278165805327625
              ],
              [
                24.94929825958802,
                60.27814324653533
              ],
              [
                24.949422996088714,
                60.278134031579576
              ],
              [
                24.949576265006467,
                60.278127986642325
              ],
              [
                24.949737617734574,
                60.27813032751033
              ],
              [
                24.949961990815915,
                60.2781447996035
              ],
              [
                24.95018131721899,
                60.27816222229655
              ],
              [
                24.950601972517898,
                60.27820732763993
              ],
              [
                24.95109139424671,
                60.27826654819373
              ],
              [
                24.95124185085788,
                60.27828022799222
              ],
              [
                24.951536525590484,
                60.278297819684255
              ],
              [
                24.95166403301426,
                60.27829694168199
              ],
              [
                24.951877777435254,
                60.27828927360043
              ],
              [
                24.952072724568115,
                60.27827001129268
              ],
              [
                24.952269408371215,
                60.27823705302662
              ],
              [
                24.952513464846927,
                60.278189239351235
              ],
              [
                24.95263639095122,
                60.278156649070084
              ],
              [
                24.95274116492816,
                60.27811605523338
              ],
              [
                24.95282746136329,
                60.27806752059558
              ],
              [
                24.952889258073043,
                60.278013753595474
              ],
              [
                24.95294536792308,
                60.2779304109626
              ],
              [
                24.952974056866402,
                60.27784986786808
              ],
              [
                24.952983645131702,
                60.27776759475171
              ],
              [
                24.95298977911437,
                60.27754838436379
              ],
              [
                24.953012056388097,
                60.27743944115921
              ],
              [
                24.953054457494705,
                60.277336724940476
              ],
              [
                24.953123528878063,
                60.27723720434932
              ],
              [
                24.95318052598832,
                60.2771766142905
              ],
              [
                24.953286669896748,
                60.27709783062613
              ],
              [
                24.953552566941195,
                60.27694737227683
              ],
              [
                24.95363036470815,
                60.2769118662653
              ],
              [
                24.953673766474633,
                60.27689204600741
              ],
              [
                24.9538002600494,
                60.276850067730535
              ],
              [
                24.95399153021663,
                60.27680405494976
              ],
              [
                24.95411006097089,
                60.27678230393276
              ],
              [
                24.954299111363323,
                60.27675937439889
              ],
              [
                24.95451611897149,
                60.27673670547901
              ],
              [
                24.954728764437537,
                60.27671868392059
              ],
              [
                24.955096747492174,
                60.27669584103313
              ],
              [
                24.955307610186544,
                60.27667271100315
              ],
              [
                24.95544421761828,
                60.276646710586384
              ],
              [
                24.95558633250024,
                60.27661059671357
              ],
              [
                24.955735559943324,
                60.27656671245392
              ],
              [
                24.95591964414009,
                60.27649899223944
              ],
              [
                24.956099474076105,
                60.27642267203134
              ],
              [
                24.956261668724853,
                60.276343428803244
              ],
              [
                24.956367597890466,
                60.276282602163725
              ],
              [
                24.95644986833374,
                60.27622332938668
              ],
              [
                24.956523041292495,
                60.276155697581586
              ],
              [
                24.956609686295764,
                60.27605416147196
              ],
              [
                24.95667925707069,
                60.27594943350771
              ],
              [
                24.95673342768356,
                60.275832942853796
              ],
              [
                24.956758309951557,
                60.27573905141473
              ],
              [
                24.95676986587663,
                60.275637041966554
              ],
              [
                24.95676103616463,
                60.27554930557764
              ],
              [
                24.956735925933216,
                60.27547378823874
              ],
              [
                24.956680334712278,
                60.27536668586671
              ],
              [
                24.956579034985754,
                60.27520962998933
              ],
              [
                24.95651380136767,
                60.275083810898145
              ],
              [
                24.95645883249072,
                60.27495819259377
              ],
              [
                24.956314281207177,
                60.27457777205648
              ],
              [
                24.956253951702674,
                60.274394368930324
              ],
              [
                24.95621908742644,
                60.27423603319752
              ],
              [
                24.956182262431675,
                60.27412527485821
              ],
              [
                24.956069519917044,
                60.27389495840425
              ],
              [
                24.95600909951707,
                60.27378122138216
              ],
              [
                24.955888922552248,
                60.27357165319032
              ],
              [
                24.955850029872813,
                60.273481366716865
              ],
              [
                24.95582497934248,
                60.27339110278531
              ],
              [
                24.955802368924907,
                60.27323349799194
              ],
              [
                24.955804014343556,
                60.27313895273965
              ],
              [
                24.955812293677145,
                60.27304282106487
              ],
              [
                24.955823597455403,
                60.27298188254262
              ],
              [
                24.955850735643565,
                60.27289043326459
              ],
              [
                24.955896227869573,
                60.2727893147019
              ],
              [
                24.95595583624337,
                60.272685436411116
              ],
              [
                24.956054172260455,
                60.27253814840924
              ],
              [
                24.956156822950195,
                60.27240672111078
              ],
              [
                24.956599980520064,
                60.27189345253143
              ],
              [
                24.956700195573347,
                60.27179702767867
              ],
              [
                24.956806869049675,
                60.271694384965826
              ],
              [
                24.957248141312245,
                60.2712952704206
              ],
              [
                24.957356981197808,
                60.27120539981026
              ],
              [
                24.95746344121442,
                60.27112493446382
              ],
              [
                24.95757499333872,
                60.27104668755725
              ],
              [
                24.95771136895159,
                60.27095671774168
              ],
              [
                24.957851294346266,
                60.27087380349896
              ],
              [
                24.95814845191012,
                60.27070889550333
              ],
              [
                24.958323615422138,
                60.270621360602334
              ],
              [
                24.958493688022227,
                60.27052952470881
              ],
              [
                24.959395350801387,
                60.26995431595631
              ],
              [
                24.959540480771746,
                60.26984916071255
              ],
              [
                24.959699473505438,
                60.26972508060043
              ],
              [
                24.95982200726869,
                60.26961232508127
              ],
              [
                24.95990216060243,
                60.269522030820845
              ],
              [
                24.95995939690868,
                60.26943666602182
              ],
              [
                24.959997103540797,
                60.26934935665109
              ],
              [
                24.960013759256036,
                60.26929272749778
              ],
              [
                24.96002686134461,
                60.26918684977848
              ],
              [
                24.960022213007953,
                60.269057487318534
              ],
              [
                24.95999195886084,
                60.26887178813413
              ],
              [
                24.959990472579225,
                60.26878683642746
              ],
              [
                24.960003880391145,
                60.268726445639494
              ],
              [
                24.96005760697691,
                60.268613812754694
              ],
              [
                24.960127183958182,
                60.268496786705896
              ],
              [
                24.960167992015126,
                60.26844307277311
              ],
              [
                24.960222447500463,
                60.26838404055904
              ],
              [
                24.960295096000998,
                60.268325767687514
              ],
              [
                24.960469297358713,
                60.26822670534921
              ],
              [
                24.960659998599507,
                60.26813831033224
              ],
              [
                24.960775642353664,
                60.268098583929586
              ],
              [
                24.961022375916407,
                60.26803500369601
              ],
              [
                24.961231579643936,
                60.26798903057993
              ],
              [
                24.96143840389086,
                60.26793794949434
              ],
              [
                24.961563463033933,
                60.26789488632432
              ],
              [
                24.961786258680952,
                60.26779650945488
              ],
              [
                24.962276021197358,
                60.2675676714489
              ],
              [
                24.962601487627406,
                60.26740654006027
              ],
              [
                24.962765732176173,
                60.26733046663018
              ],
              [
                24.962937090771884,
                60.26725759019084
              ],
              [
                24.96310473806705,
                60.26719075288025
              ],
              [
                24.9632801695903,
                60.26712566769467
              ],
              [
                24.963469856284558,
                60.26705965276642
              ],
              [
                24.963675459756168,
                60.266993112377506
              ],
              [
                24.964519917903893,
                60.26675003801501
              ],
              [
                24.96514975197018,
                60.26655583551214
              ],
              [
                24.96542351722486,
                60.26645228713686
              ],
              [
                24.965874898855535,
                60.266308574570665
              ],
              [
                24.966192179495327,
                60.2662248981377
              ],
              [
                24.966337758356993,
                60.26619067636335
              ],
              [
                24.966547910718642,
                60.26615227026476
              ],
              [
                24.967106478119312,
                60.2660735975934
              ],
              [
                24.967306873014934,
                60.26603515197529
              ],
              [
                24.96831806900368,
                60.26577157682085
              ],
              [
                24.968401899390216,
                60.265749732939746
              ],
              [
                24.968633060358005,
                60.26568947366026
              ],
              [
                24.968841769827012,
                60.26562332091045
              ],
              [
                24.968993837740992,
                60.265560753719924
              ],
              [
                24.969242128599756,
                60.265436709857156
              ],
              [
                24.96935943891155,
                60.26537085820502
              ],
              [
                24.96996449237908,
                60.265031173257
              ],
              [
                24.970203685363707,
                60.264910545123094
              ],
              [
                24.970433906703622,
                60.26482025110621
              ],
              [
                24.970677635482215,
                60.264734896092385
              ],
              [
                24.970844674566898,
                60.26468996656379
              ],
              [
                24.9710343093489,
                60.26464950248375
              ],
              [
                24.971413565760923,
                60.264582045448236
              ],
              [
                24.97162245842668,
                60.26456093543985
              ],
              [
                24.971756769660164,
                60.26454735749948
              ],
              [
                24.972334091934467,
                60.26450369745195
              ],
              [
                24.97259793791485,
                60.26448373720943
              ],
              [
                24.973200027307428,
                60.264438193690175
              ],
              [
                24.973380906511117,
                60.26449597721072
              ],
              [
                24.973567755656095,
                60.264544256819406
              ],
              [
                24.973769459357868,
                60.2645874321481
              ],
              [
                24.974318428754703,
                60.2646898130889
              ],
              [
                24.974922228437745,
                60.26477193587403
              ],
              [
                24.975297674063555,
                60.2648381632406
              ],
              [
                24.975423332867035,
                60.264870856678954
              ],
              [
                24.975503268891288,
                60.26490162983189
              ],
              [
                24.975625627658378,
                60.26497544733677
              ],
              [
                24.97573082867871,
                60.265067912286376
              ],
              [
                24.975802629049394,
                60.26515681684788
              ],
              [
                24.97581442933281,
                60.26527485328483
              ],
              [
                24.975783405316808,
                60.26537908686777
              ],
              [
                24.97571815834914,
                60.265490853448675
              ],
              [
                24.975635732706635,
                60.26559900877153
              ],
              [
                24.975573229992502,
                60.26571194257111
              ],
              [
                24.975537891591546,
                60.265809964383195
              ],
              [
                24.975510909630444,
                60.26601550293892
              ],
              [
                24.975511574418125,
                60.26611714842202
              ],
              [
                24.975553941588917,
                60.266236438065
              ],
              [
                24.975615363122092,
                60.26633974616936
              ],
              [
                24.975695769588878,
                60.266447733854164
              ],
              [
                24.975797670280265,
                60.26656338134385
              ],
              [
                24.975913723565586,
                60.266671393334256
              ],
              [
                24.97605039622999,
                60.26677339548545
              ],
              [
                24.976192732427645,
                60.26686471789476
              ],
              [
                24.97636490027018,
                60.26695271562318
              ],
              [
                24.97659316077685,
                60.26704930341716
              ],
              [
                24.977177221907674,
                60.26724145866456
              ],
              [
                24.97737781862368,
                60.267322656674494
              ],
              [
                24.977574140925583,
                60.267447159509395
              ],
              [
                24.977869111154344,
                60.26759945709595
              ],
              [
                24.977994181503693,
                60.26766707987779
              ],
              [
                24.978078862645653,
                60.26774851785171
              ],
              [
                24.978100800289607,
                60.26779677271217
              ],
              [
                24.978104452210925,
                60.26784740301132
              ],
              [
                24.97808014437669,
                60.267939207398946
              ],
              [
                24.97806029231291,
                60.267987132250504
              ],
              [
                24.978007145280944,
                60.26805678977865
              ],
              [
                24.9779584919316,
                60.268106881865954
              ],
              [
                24.97786363196735,
                60.26819513821368
              ],
              [
                24.97781702572532,
                60.26823652454367
              ],
              [
                24.97757749683393,
                60.268404672557274
              ],
              [
                24.977338265304912,
                60.26855729290934
              ],
              [
                24.97722183829833,
                60.26860670897023
              ],
              [
                24.977129456970115,
                60.26863347540348
              ],
              [
                24.976955536466118,
                60.2686843173671
              ],
              [
                24.97680546449067,
                60.26873591719495
              ],
              [
                24.976620381225263,
                60.26880612547541
              ],
              [
                24.976404546487665,
                60.26890005874154
              ],
              [
                24.976257021785607,
                60.268974473623004
              ],
              [
                24.976085712131447,
                60.26908286455935
              ],
              [
                24.975916669810374,
                60.26920230428286
              ],
              [
                24.975760596883834,
                60.269324914438656
              ],
              [
                24.975655107624178,
                60.269431728180734
              ],
              [
                24.97559870097704,
                60.269501204627296
              ],
              [
                24.975549078272145,
                60.26958343620367
              ],
              [
                24.975525132241103,
                60.269639150474205
              ],
              [
                24.975513551643022,
                60.26971005323235
              ],
              [
                24.975508740703777,
                60.269813115746736
              ],
              [
                24.97551179526012,
                60.26986016484641
              ],
              [
                24.975527034727506,
                60.26992242035364
              ],
              [
                24.9755663681214,
                60.26999755985163
              ],
              [
                24.975636854493487,
                60.27006933931654
              ],
              [
                24.975646965869437,
                60.270077149651236
              ],
              [
                24.975731928960172,
                60.270142777556025
              ],
              [
                24.975748382532018,
                60.270155486726345
              ],
              [
                24.97579449740986,
                60.27019948309371
              ],
              [
                24.9758661545034,
                60.27030215563747
              ],
              [
                24.975867521793347,
                60.270310215707084
              ],
              [
                24.976036953056244,
                60.270556537638114
              ],
              [
                24.976135115948136,
                60.27068798065132
              ],
              [
                24.97624390638281,
                60.27081643671503
              ],
              [
                24.976372774010464,
                60.27094271526155
              ],
              [
                24.976813142236363,
                60.27131703598044
              ],
              [
                24.976952328935912,
                60.27144715718407
              ],
              [
                24.977070357587912,
                60.27157703225541
              ],
              [
                24.97711903129718,
                60.2716882715432
              ],
              [
                24.9772036000736,
                60.27196903346329
              ],
              [
                24.977197328553437,
                60.272412457052425
              ],
              [
                24.977164032374038,
                60.272791873114734
              ],
              [
                24.977158382550712,
                60.27301641615881
              ],
              [
                24.977196130700644,
                60.27325097410937
              ],
              [
                24.977244220158045,
                60.273378609455285
              ],
              [
                24.9773681552173,
                60.273651310779556
              ],
              [
                24.977460851929187,
                60.273895661055974
              ],
              [
                24.97749828867427,
                60.2739567442987
              ],
              [
                24.977590682013624,
                60.274039619858144
              ],
              [
                24.97777158089225,
                60.27415792671223
              ],
              [
                24.9779705589931,
                60.274265851899074
              ],
              [
                24.978341837873405,
                60.27443970161495
              ],
              [
                24.97856806064825,
                60.27453545983936
              ],
              [
                24.979000198785414,
                60.2747541850162
              ],
              [
                24.97912623605291,
                60.27482561233379
              ],
              [
                24.97925053956564,
                60.274924728047054
              ],
              [
                24.97931965114016,
                60.27499962869002
              ],
              [
                24.979401961182973,
                60.27506490982664
              ],
              [
                24.979570176810174,
                60.275169147956866
              ],
              [
                24.97972919667757,
                60.27524165680127
              ],
              [
                24.979994230093908,
                60.275334968245296
              ],
              [
                24.980158728484554,
                60.27540566438883
              ],
              [
                24.98026477250854,
                60.27546549155008
              ],
              [
                24.98035805617959,
                60.27552894275907
              ],
              [
                24.98043854275915,
                60.27559694249248
              ],
              [
                24.980563640068237,
                60.27574043991285
              ],
              [
                24.980623571222356,
                60.275823245758446
              ],
              [
                24.98074020722408,
                60.27594509336354
              ],
              [
                24.980774939896577,
                60.27600914609337
              ],
              [
                24.98077500916581,
                60.27604509215607
              ],
              [
                24.980734246273418,
                60.27612481378707
              ],
              [
                24.98070918072133,
                60.27618577932086
              ],
              [
                24.980804244794193,
                60.27654673452283
              ],
              [
                24.980765835144233,
                60.2770499646702
              ],
              [
                24.980744007921082,
                60.27716562610363
              ],
              [
                24.980744104120383,
                60.27721719814808
              ],
              [
                24.980804274253064,
                60.27742189737168
              ],
              [
                24.980835807207924,
                60.27745939171945
              ],
              [
                24.980886212711557,
                60.27748906232145
              ],
              [
                24.98108147309357,
                60.27757805336536
              ],
              [
                24.981459425402566,
                60.27774353922889
              ],
              [
                24.98180273656736,
                60.277907466546644
              ],
              [
                24.981941343096942,
                60.2779964844496
              ],
              [
                24.982039057936984,
                60.27807302102963
              ],
              [
                24.98209589634397,
                60.27817457514604
              ],
              [
                24.982108570150185,
                60.278232395678394
              ],
              [
                24.982105552237734,
                60.27829803157469
              ],
              [
                24.982071231025113,
                60.27846370184043
              ],
              [
                24.982125135164875,
                60.278677778758905
              ],
              [
                24.98222302016585,
                60.2788449566745
              ],
              [
                24.982289220541706,
                60.278916812713746
              ],
              [
                24.98243105610287,
                60.279027694328256
              ],
              [
                24.982610633662485,
                60.27913231598255
              ],
              [
                24.982815360232696,
                60.27922285841846
              ],
              [
                24.983095660934932,
                60.27933525602955
              ],
              [
                24.98324994889042,
                60.27938518715613
              ],
              [
                24.983429433751468,
                60.27943198887224
              ],
              [
                24.983569866517072,
                60.279649244213445
              ],
              [
                24.98390476117533,
                60.27971598955539
              ],
              [
                24.984548902273477,
                60.279669080392914
              ],
              [
                24.98490663011358,
                60.2796888043239
              ],
              [
                24.98530345711984,
                60.279778368345234
              ],
              [
                24.98545352922295,
                60.27979899779787
              ],
              [
                24.985651667268264,
                60.279826460104246
              ],
              [
                24.98594784265109,
                60.27983397715178
              ],
              [
                24.986139791238386,
                60.2798276338358
              ],
              [
                24.986649563133184,
                60.27979613789993
              ],
              [
                24.987023996182643,
                60.27976469866058
              ],
              [
                24.98749280037039,
                60.27971287542739
              ],
              [
                24.988298414500637,
                60.27969997055885
              ],
              [
                24.98881140529135,
                60.279704403667786
              ],
              [
                24.98924887870085,
                60.27972293786026
              ],
              [
                24.98956991920079,
                60.279744647749816
              ],
              [
                24.98974304277402,
                60.27976643527908
              ],
              [
                24.989913054482177,
                60.27979917219865
              ],
              [
                24.989951639425993,
                60.279808985113085
              ],
              [
                24.99024369292392,
                60.27988337612298
              ],
              [
                24.990615294460774,
                60.28001133665442
              ],
              [
                24.991106642252184,
                60.28019861291815
              ],
              [
                24.991531268958155,
                60.280371818846625
              ],
              [
                24.992461439101007,
                60.28078875904222
              ],
              [
                24.993167302998174,
                60.28113864493472
              ],
              [
                24.993393601481742,
                60.28121356412388
              ],
              [
                24.993685260628016,
                60.281282598261214
              ],
              [
                24.993788391772902,
                60.28129483772805
              ],
              [
                24.994001960413723,
                60.281320183486116
              ],
              [
                24.994177647292638,
                60.28132238127139
              ],
              [
                24.994613147835,
                60.28128739602487
              ],
              [
                24.994899689174662,
                60.28127792943112
              ],
              [
                24.995167320336073,
                60.28129407700094
              ],
              [
                24.995328020667696,
                60.281313586046934
              ],
              [
                24.9954158809901,
                60.28132337216988
              ],
              [
                24.995642800491314,
                60.28139788365919
              ],
              [
                24.995850160970793,
                60.281496124807795
              ],
              [
                24.99649034054615,
                60.281982720442244
              ],
              [
                24.997548817283207,
                60.28279084295908
              ],
              [
                24.997720159610083,
                60.28300173826816
              ],
              [
                24.997883463536414,
                60.28316382562716
              ],
              [
                24.998748579649014,
                60.28394132950437
              ],
              [
                24.998879971972865,
                60.28406036087926
              ],
              [
                24.999447398739555,
                60.28450088029388
              ],
              [
                24.99961102591819,
                60.28466901483391
              ],
              [
                24.999702854187056,
                60.284802809598865
              ],
              [
                24.999788010849525,
                60.28524730160494
              ],
              [
                24.99982322353851,
                60.28548551459151
              ],
              [
                24.999918145531215,
                60.28587227747769
              ],
              [
                24.999935770666998,
                60.286007346480545
              ],
              [
                24.999990509020684,
                60.286142388560215
              ],
              [
                25.00001211120051,
                60.286166655942985
              ],
              [
                25.00014675349235,
                60.286317909053345
              ],
              [
                25.00033497830727,
                60.28642094492316
              ],
              [
                25.000525300986364,
                60.28650323864559
              ],
              [
                25.00066021562614,
                60.286547782355896
              ],
              [
                25.000809176719677,
                60.28657976942816
              ],
              [
                25.00105082264084,
                60.28661030163742
              ],
              [
                25.001256457382333,
                60.286621644605106
              ],
              [
                25.001300820271624,
                60.28662408545424
              ],
              [
                25.00148060354214,
                60.28662537601275
              ],
              [
                25.00164910588991,
                60.28661831048351
              ],
              [
                25.002817354146217,
                60.28652555826157
              ],
              [
                25.003606512391553,
                60.28647625592543
              ],
              [
                25.003960342835047,
                60.28644534396291
              ],
              [
                25.00428953156599,
                60.286405034738
              ],
              [
                25.004644729748758,
                60.28634066106558
              ],
              [
                25.004795870933904,
                60.286302654361705
              ],
              [
                25.004902975624187,
                60.28626978297793
              ],
              [
                25.005288857456407,
                60.286147794124226
              ],
              [
                25.005472263203725,
                60.286097363573965
              ],
              [
                25.005626405916995,
                60.286075403601174
              ],
              [
                25.00571890845219,
                60.28607679979579
              ],
              [
                25.00579823460323,
                60.28608987334096
              ],
              [
                25.00605393731002,
                60.28617209345264
              ],
              [
                25.006777783290563,
                60.28642529360993
              ],
              [
                25.00690009992041,
                60.286472697153435
              ],
              [
                25.00698284190875,
                60.2865045576781
              ],
              [
                25.007154365591884,
                60.28657060400595
              ],
              [
                25.00728466287071,
                60.28662075976325
              ],
              [
                25.00762909625071,
                60.28679690137069
              ],
              [
                25.007949880178,
                60.286961719410336
              ],
              [
                25.008025365591283,
                60.28703146278229
              ],
              [
                25.00807562278539,
                60.287077896812654
              ],
              [
                25.008159436020364,
                60.287237597801365
              ],
              [
                25.008287955352735,
                60.287460643466694
              ],
              [
                25.008437866515298,
                60.28762675745519
              ],
              [
                25.008490358289585,
                60.287667115936806
              ],
              [
                25.008564327264178,
                60.28770745506426
              ],
              [
                25.00865612080548,
                60.28774443623655
              ],
              [
                25.008763694921047,
                60.287773697566394
              ],
              [
                25.008841345448403,
                60.2877880349164
              ],
              [
                25.00896636114698,
                60.28780126507415
              ],
              [
                25.00952855313268,
                60.28782883390362
              ],
              [
                25.01044689159634,
                60.28780121974929
              ],
              [
                25.01055438375368,
                60.28779500933773
              ],
              [
                25.0107078447037,
                60.28777498219017
              ],
              [
                25.010838704666295,
                60.28774639429566
              ],
              [
                25.010929575325136,
                60.28771852758966
              ],
              [
                25.011005458646544,
                60.28768994404126
              ],
              [
                25.011073512802668,
                60.28765804922448
              ],
              [
                25.011534999014675,
                60.2874040813931
              ],
              [
                25.01159144717442,
                60.28737584025492
              ],
              [
                25.011651640274163,
                60.287355640613825
              ],
              [
                25.011724272625557,
                60.28733981080905
              ],
              [
                25.011804680749606,
                60.2873302091173
              ],
              [
                25.01188154864155,
                60.28732923293608
              ],
              [
                25.01194259984775,
                60.28733288937662
              ],
              [
                25.012084754595055,
                60.287350046231815
              ],
              [
                25.012208562274864,
                60.28737287699782
              ],
              [
                25.012327689748275,
                60.28740067141163
              ],
              [
                25.0124400223929,
                60.28743470417338
              ],
              [
                25.01251599762832,
                60.287462583228624
              ],
              [
                25.013596576558108,
                60.287873894823896
              ],
              [
                25.01375572818707,
                60.287976959508214
              ],
              [
                25.013930395988798,
                60.28813139686298
              ],
              [
                25.01403615546883,
                60.28821525072545
              ],
              [
                25.014557725200113,
                60.28854361794822
              ],
              [
                25.014748094763124,
                60.28862326151312
              ],
              [
                25.015120697127255,
                60.28873469257319
              ],
              [
                25.015528101521163,
                60.28884077823495
              ],
              [
                25.015809493361974,
                60.28890041269223
              ],
              [
                25.016254289130057,
                60.288969217348736
              ],
              [
                25.01653553334612,
                60.288982313477945
              ],
              [
                25.017218439271915,
                60.28895921413458
              ],
              [
                25.017542439565673,
                60.288936383529446
              ],
              [
                25.01789051555685,
                60.28890422358262
              ],
              [
                25.018115401404174,
                60.28887347074311
              ],
              [
                25.018340352244607,
                60.28886267852892
              ],
              [
                25.018495707895397,
                60.2888678716314
              ],
              [
                25.018648433921623,
                60.28889037822977
              ],
              [
                25.018787805097393,
                60.28892217595252
              ],
              [
                25.019045195848033,
                60.28901505137273
              ],
              [
                25.01923825164495,
                60.289089365776476
              ],
              [
                25.019511693741066,
                60.289172939579935
              ],
              [
                25.019726102707075,
                60.28921665342002
              ],
              [
                25.020575413044334,
                60.289310423964984
              ],
              [
                25.02090487583438,
                60.289318163082115
              ],
              [
                25.021223486043816,
                60.28928999303682
              ],
              [
                25.021408202044313,
                60.289263252984505
              ],
              [
                25.021686543262344,
                60.28919922310665
              ],
              [
                25.021971391099953,
                60.28910708100384
              ],
              [
                25.0225275857673,
                60.288883063702144
              ],
              [
                25.022761162102157,
                60.28877282545043
              ],
              [
                25.023033014888554,
                60.28861834999187
              ],
              [
                25.02327168936877,
                60.288462174485474
              ],
              [
                25.023457988285795,
                60.28830689635524
              ],
              [
                25.023651381705694,
                60.28818975265223
              ],
              [
                25.023858818478168,
                60.288094272465194
              ],
              [
                25.024102940402702,
                60.28800567831685
              ],
              [
                25.02423099625821,
                60.28796458415526
              ],
              [
                25.02441337405872,
                60.287918758904205
              ],
              [
                25.024741341732806,
                60.28785524302679
              ],
              [
                25.025767296460938,
                60.28769930900885
              ],
              [
                25.025976652208065,
                60.28766448006707
              ],
              [
                25.026140630305644,
                60.28762882502905
              ],
              [
                25.026416165377523,
                60.28754367592215
              ],
              [
                25.026578293277357,
                60.287479416497916
              ],
              [
                25.026710725571828,
                60.28740217561949
              ],
              [
                25.026855258533566,
                60.287289399033696
              ],
              [
                25.02691078774223,
                60.28719315485744
              ],
              [
                25.026961013590586,
                60.287067445891054
              ],
              [
                25.02708423545311,
                60.28685155638646
              ],
              [
                25.027111999747536,
                60.286803865063845
              ],
              [
                25.027139685318684,
                60.28672671688304
              ],
              [
                25.02718636931449,
                60.28658281565328
              ],
              [
                25.02721413251634,
                60.28653426268064
              ],
              [
                25.027287141908236,
                60.28643973800833
              ],
              [
                25.027323542511883,
                60.286387072559286
              ],
              [
                25.027401989370563,
                60.28633189433227
              ],
              [
                25.027536073393183,
                60.286313422412
              ],
              [
                25.0276516122422,
                60.286276572842766
              ],
              [
                25.028058077025705,
                60.286097116652876
              ],
              [
                25.02837682157752,
                60.285975146700174
              ],
              [
                25.028589339387228,
                60.28589229520278
              ],
              [
                25.028686376485258,
                60.285869261668104
              ],
              [
                25.028792634789497,
                60.285827835713825
              ],
              [
                25.0288849812699,
                60.28577493331473
              ],
              [
                25.029032782325142,
                60.28571510777915
              ],
              [
                25.02914831738736,
                60.28567826588067
              ],
              [
                25.02962436944698,
                60.28556535028441
              ],
              [
                25.029841619156116,
                60.285523835869526
              ],
              [
                25.03022997348123,
                60.28546839752025
              ],
              [
                25.030364054486903,
                60.28545220246524
              ],
              [
                25.031057835757892,
                60.28543326582006
              ],
              [
                25.03123354989055,
                60.28541933089569
              ],
              [
                25.031362980016834,
                60.28539856750721
              ],
              [
                25.031483145682554,
                60.285368606524294
              ],
              [
                25.031672513146223,
                60.28528577352008
              ],
              [
                25.031918264237316,
                60.28524416508015
              ],
              [
                25.03213926606042,
                60.28516137173498
              ],
              [
                25.032240862895467,
                60.285110762431394
              ],
              [
                25.032457979475765,
                60.285032498961655
              ],
              [
                25.03257814052047,
                60.28500024829058
              ],
              [
                25.03283703631601,
                60.284963278199136
              ],
              [
                25.03312380231474,
                60.28495844114426
              ],
              [
                25.033308841264994,
                60.284962873552
              ],
              [
                25.033554035968596,
                60.28498104065691
              ],
              [
                25.03381326271987,
                60.28503823724223
              ],
              [
                25.034003116043525,
                60.28510009131391
              ],
              [
                25.034188388116114,
                60.28517111903102
              ],
              [
                25.034294950299948,
                60.285221550605286
              ],
              [
                25.034424757458535,
                60.285304116558194
              ],
              [
                25.034489716787512,
                60.28536377636209
              ],
              [
                25.034536167852675,
                60.285425747593045
              ],
              [
                25.03456440745001,
                60.28556580849659
              ],
              [
                25.034555645633645,
                60.285708203617155
              ],
              [
                25.034509874656738,
                60.28584603993311
              ],
              [
                25.034454801847303,
                60.28597468795492
              ],
              [
                25.0344321740389,
                60.28611709562845
              ],
              [
                25.034441996439963,
                60.28627784036138
              ],
              [
                25.03447938235114,
                60.28639949059355
              ],
              [
                25.03450365457513,
                60.28644524924801
              ],
              [
                25.034556959787928,
                60.28650830469075
              ],
              [
                25.0347441853758,
                60.28669103744852
              ],
              [
                25.034897527131356,
                60.28683236689974
              ],
              [
                25.035112177836975,
                60.28704611049166
              ],
              [
                25.035189728535155,
                60.28714348073512
              ],
              [
                25.035260714805954,
                60.28720490668
              ],
              [
                25.035389646803093,
                60.28727108303948
              ],
              [
                25.035487906611042,
                60.2873093363994
              ],
              [
                25.035652119149688,
                60.28735072233011
              ],
              [
                25.035739035558784,
                60.28736422472687
              ],
              [
                25.036041546280398,
                60.28738872630772
              ],
              [
                25.036191165506946,
                60.28739258988709
              ],
              [
                25.03633772357303,
                60.28739105999238
              ],
              [
                25.036693799743077,
                60.287366333972805
              ],
              [
                25.036781755731717,
                60.28737144351446
              ],
              [
                25.036994946887916,
                60.28739936027515
              ],
              [
                25.037182906736827,
                60.28744803460214
              ],
              [
                25.03733809555558,
                60.287500433641206
              ],
              [
                25.037466444592614,
                60.28755802778055
              ],
              [
                25.037551700873816,
                60.28760461233809
              ],
              [
                25.037594862750105,
                60.28762819614182
              ],
              [
                25.03772637248915,
                60.28772943591603
              ],
              [
                25.037811688484226,
                60.28782703577315
              ],
              [
                25.037854960721805,
                60.28789876285501
              ],
              [
                25.037882169065927,
                60.287977145184044
              ],
              [
                25.03800108025629,
                60.287847694909594
              ],
              [
                25.038016412928204,
                60.28783089058065
              ],
              [
                25.038508873646283,
                60.28729171672701
              ],
              [
                25.03855366187834,
                60.28724267549697
              ],
              [
                25.038934415199027,
                60.286825797356606
              ],
              [
                25.039256110122334,
                60.286478359354206
              ],
              [
                25.03929774307086,
                60.28643321933655
              ],
              [
                25.039323056078988,
                60.28640668989321
              ],
              [
                25.039331216635283,
                60.28639791862862
              ],
              [
                25.039810803753774,
                60.28588211897686
              ],
              [
                25.040022699285714,
                60.285654424227374
              ],
              [
                25.040233544239058,
                60.28542741157114
              ],
              [
                25.040342099153257,
                60.28531160649117
              ],
              [
                25.04046520340905,
                60.28519430699316
              ],
              [
                25.04087772653054,
                60.28473627974335
              ],
              [
                25.040645835763726,
                60.28413680194611
              ],
              [
                25.04073176169653,
                60.28405674302538
              ],
              [
                25.041199246292344,
                60.28362116297167
              ],
              [
                25.041237432336775,
                60.28358550129474
              ],
              [
                25.04155636765003,
                60.28328711730603
              ],
              [
                25.042068875131292,
                60.28318953827447
              ],
              [
                25.04225571881502,
                60.283156521735364
              ],
              [
                25.042223917698212,
                60.283067945778676
              ],
              [
                25.04236317949174,
                60.2829467261188
              ],
              [
                25.042518181774522,
                60.282809749647726
              ],
              [
                25.042554582048872,
                60.282778782233244
              ],
              [
                25.042723203282147,
                60.28263534792584
              ],
              [
                25.042769155349177,
                60.28259689199132
              ],
              [
                25.043064585502783,
                60.282352220011134
              ],
              [
                25.04315151911035,
                60.28222186166887
              ],
              [
                25.043177802886067,
                60.282182433670606
              ],
              [
                25.043291656972627,
                60.28204397077291
              ],
              [
                25.043406539797328,
                60.28190506764936
              ],
              [
                25.04335717209661,
                60.28188803072344
              ],
              [
                25.04288539667584,
                60.281725210577164
              ],
              [
                25.042471310880565,
                60.28158230443727
              ],
              [
                25.042295417464523,
                60.281521741456594
              ],
              [
                25.042263121284726,
                60.28151062237741
              ],
              [
                25.042490552161812,
                60.28110189600513
              ],
              [
                25.042659398004933,
                60.28115124188397
              ],
              [
                25.04284036404865,
                60.28093564812364
              ],
              [
                25.043068872319385,
                60.28066341055312
              ],
              [
                25.043107061343274,
                60.28062044243564
              ],
              [
                25.04350304187683,
                60.280175587788115
              ],
              [
                25.043733162094632,
                60.27987740696621
              ],
              [
                25.044180100553852,
                60.28001431176771
              ],
              [
                25.044311292771162,
                60.27991507317336
              ],
              [
                25.04432976361863,
                60.27990110146045
              ],
              [
                25.044350419159777,
                60.279885468587096
              ],
              [
                25.044632954270117,
                60.279653778377664
              ],
              [
                25.044867605149786,
                60.27946134709772
              ],
              [
                25.04504846332623,
                60.27933844109274
              ],
              [
                25.045139435325517,
                60.279225393353315
              ],
              [
                25.0451412824941,
                60.27916245798594
              ],
              [
                25.04514968935703,
                60.27887582920681
              ],
              [
                25.045151759594937,
                60.27885675600918
              ],
              [
                25.045155630938712,
                60.278636456163454
              ],
              [
                25.045157202725782,
                60.27854423450681
              ],
              [
                25.0457358243022,
                60.27841840940925
              ],
              [
                25.04604291311864,
                60.278873278821976
              ],
              [
                25.046393979823232,
                60.27848292895736
              ],
              [
                25.046654381430294,
                60.27817977805065
              ],
              [
                25.04668965585807,
                60.27813874857206
              ],
              [
                25.04703856384133,
                60.277741046950666
              ],
              [
                25.047045799245975,
                60.27773282302018
              ],
              [
                25.047078505184164,
                60.277703551978874
              ],
              [
                25.0475208180995,
                60.27778972784191
              ],
              [
                25.04759656490353,
                60.27780449200827
              ],
              [
                25.04811464588703,
                60.27790543000902
              ],
              [
                25.04863098457557,
                60.278011482543185
              ],
              [
                25.049162041689847,
                60.27810789713495
              ],
              [
                25.049691755739566,
                60.27819852104194
              ],
              [
                25.050211405577738,
                60.278265299288236
              ],
              [
                25.05065113772162,
                60.278320240658886
              ],
              [
                25.05109443507485,
                60.27794850276329
              ],
              [
                25.05142594487403,
                60.277670490797895
              ],
              [
                25.05173905739752,
                60.27740792266355
              ],
              [
                25.05182386834832,
                60.27733678732859
              ],
              [
                25.052146179157116,
                60.277066486902875
              ],
              [
                25.052468103117977,
                60.27679492929421
              ],
              [
                25.05279002174357,
                60.27652337089501
              ],
              [
                25.05295651062383,
                60.2763829310157
              ],
              [
                25.053392461056784,
                60.27601516431344
              ],
              [
                25.054087118135723,
                60.275966120521645
              ],
              [
                25.055915915456197,
                60.27585792905437
              ],
              [
                25.055937816271506,
                60.27585662739162
              ],
              [
                25.056374700892565,
                60.27582427524952
              ],
              [
                25.056623824840514,
                60.27580582379061
              ],
              [
                25.05946873325559,
                60.2761310301892
              ],
              [
                25.05978786165261,
                60.276168224178704
              ],
              [
                25.0601397442379,
                60.27620922605388
              ],
              [
                25.060491609631264,
                60.27625022700481
              ],
              [
                25.0608434939934,
                60.276291235990385
              ],
              [
                25.061195379219065,
                60.27633223506816
              ],
              [
                25.06156485333975,
                60.27637528938194
              ],
              [
                25.061814470900828,
                60.276090934813084
              ],
              [
                25.06238890666615,
                60.27543654664503
              ],
              [
                25.063603721264897,
                60.27535621606929
              ],
              [
                25.06408145287525,
                60.27532462678865
              ],
              [
                25.06473940519043,
                60.275281118641175
              ],
              [
                25.065405124833802,
                60.275236777682665
              ],
              [
                25.065931205553436,
                60.27520189092626
              ],
              [
                25.066432006625565,
                60.275168684135714
              ],
              [
                25.067057663198607,
                60.27512718214104
              ],
              [
                25.067743037179373,
                60.275082316923864
              ],
              [
                25.06832301747227,
                60.275043793186875
              ],
              [
                25.068489408362666,
                60.275032740605035
              ],
              [
                25.068955329581694,
                60.275060658123074
              ],
              [
                25.0694750204005,
                60.27509242612461
              ],
              [
                25.070032288591722,
                60.275126544805616
              ],
              [
                25.070570671210824,
                60.275159692875675
              ],
              [
                25.071106957775157,
                60.275192444972866
              ],
              [
                25.07173359700387,
                60.27523082751062
              ],
              [
                25.07246506462779,
                60.27527475951231
              ],
              [
                25.073143126526617,
                60.27531584480707
              ],
              [
                25.07351588382236,
                60.27533827474772
              ],
              [
                25.07359990117413,
                60.2753475715114
              ],
              [
                25.073889999906008,
                60.275361995329696
              ],
              [
                25.074409991725652,
                60.275394375169206
              ],
              [
                25.07484214420406,
                60.27542128268135
              ],
              [
                25.075377337022278,
                60.2754540540583
              ],
              [
                25.075831034756096,
                60.27548196033589
              ],
              [
                25.076098789099106,
                60.27549983859879
              ],
              [
                25.076386208716038,
                60.275519024384764
              ],
              [
                25.076644757829648,
                60.27554920299913
              ],
              [
                25.076928772138377,
                60.27544156860666
              ],
              [
                25.078163409456224,
                60.274973755381176
              ],
              [
                25.07831127970012,
                60.27491770730056
              ],
              [
                25.07918498575028,
                60.27458654829969
              ],
              [
                25.07924254461036,
                60.274564734897076
              ],
              [
                25.079573489044545,
                60.27443929499872
              ],
              [
                25.079903889297615,
                60.274314695900706
              ],
              [
                25.080360810382533,
                60.274140864751296
              ],
              [
                25.080920321024188,
                60.27392877979767
              ],
              [
                25.08135137273157,
                60.27376539041711
              ],
              [
                25.082110071754066,
                60.27347778576505
              ],
              [
                25.08367183953724,
                60.2728857336993
              ],
              [
                25.08400089410647,
                60.27278571167983
              ],
              [
                25.084223685886865,
                60.272700135193666
              ],
              [
                25.084773118319916,
                60.272470376439934
              ],
              [
                25.084848089479426,
                60.27244204739177
              ],
              [
                25.08526282042043,
                60.27228532434001
              ],
              [
                25.086745293029917,
                60.271731551469294
              ],
              [
                25.086865925678033,
                60.271679520684955
              ],
              [
                25.087993006576013,
                60.27125362761127
              ],
              [
                25.088053945910026,
                60.2709008038546
              ],
              [
                25.088373539875754,
                60.27001850743457
              ],
              [
                25.08869672987575,
                60.26900846763675
              ],
              [
                25.08874450802165,
                60.268878045923834
              ],
              [
                25.088796274352053,
                60.268738579900436
              ],
              [
                25.0888961098628,
                60.26844263307117
              ],
              [
                25.08890872809797,
                60.268405233485545
              ],
              [
                25.088915408607356,
                60.26836815425217
              ],
              [
                25.089088355503318,
                60.26787278748823
              ],
              [
                25.089092580559747,
                60.26783688370437
              ],
              [
                25.089113322376427,
                60.267798841107634
              ],
              [
                25.089079245934027,
                60.267711911157086
              ],
              [
                25.089068657235526,
                60.267684857696636
              ],
              [
                25.08894452348046,
                60.26736775339537
              ],
              [
                25.08888332668858,
                60.26721325745434
              ],
              [
                25.08884679004351,
                60.267118071796844
              ],
              [
                25.08883814856385,
                60.26709606113825
              ],
              [
                25.088829470475478,
                60.267073870997095
              ],
              [
                25.08868290979008,
                60.266699402252186
              ],
              [
                25.088544539029666,
                60.26634589419597
              ],
              [
                25.088439516769572,
                60.266077575396245
              ],
              [
                25.088429154060037,
                60.2660535374331
              ],
              [
                25.088420542786626,
                60.26602912134
              ],
              [
                25.088277884610505,
                60.2656646749199
              ],
              [
                25.08823902444651,
                60.26556408748014
              ],
              [
                25.088157276948674,
                60.265356506861295
              ],
              [
                25.088036526186567,
                60.2650480246386
              ],
              [
                25.087916068651648,
                60.26474025114851
              ],
              [
                25.087795504194858,
                60.26443218142108
              ],
              [
                25.087556291919025,
                60.26382090495527
              ],
              [
                25.0875321182179,
                60.26375908096403
              ],
              [
                25.087481356253637,
                60.263624098733004
              ],
              [
                25.087371408312503,
                60.263344724640376
              ],
              [
                25.087298979826162,
                60.26313886953336
              ],
              [
                25.0871017355325,
                60.262617326692734
              ],
              [
                25.08702095375188,
                60.2624005808556
              ],
              [
                25.086842469610342,
                60.261920230967604
              ],
              [
                25.086835010221456,
                60.26190018498418
              ],
              [
                25.08648082643318,
                60.26095138039085
              ],
              [
                25.086400972173134,
                60.260737455209195
              ],
              [
                25.086357220761737,
                60.26062023906304
              ],
              [
                25.086374482732566,
                60.26060012036036
              ],
              [
                25.086419511769144,
                60.2605476392146
              ],
              [
                25.08642128867127,
                60.260545568239706
              ],
              [
                25.086423346495042,
                60.26054316985096
              ],
              [
                25.086954286004833,
                60.25992436085999
              ],
              [
                25.087523992896624,
                60.25930133265919
              ],
              [
                25.08612297727717,
                60.256687736904425
              ],
              [
                25.084758897174737,
                60.254142628492026
              ],
              [
                25.08475536654695,
                60.25413217448784
              ],
              [
                25.084463118148054,
                60.25359067267914
              ],
              [
                25.084382013527925,
                60.25343656398724
              ],
              [
                25.084332801207612,
                60.253338126911366
              ],
              [
                25.084283879562204,
                60.25324024610196
              ],
              [
                25.084099103893774,
                60.252884042660206
              ],
              [
                25.08391315232611,
                60.25252546122442
              ],
              [
                25.083723474092693,
                60.252169789867544
              ],
              [
                25.08363874844123,
                60.251995129465705
              ],
              [
                25.08360494560452,
                60.25192545730582
              ],
              [
                25.08349299063959,
                60.25169470914877
              ],
              [
                25.083481045502104,
                60.25167009732446
              ],
              [
                25.083408408707175,
                60.251532990926776
              ],
              [
                25.083400569897055,
                60.251518213478974
              ],
              [
                25.083197373234253,
                60.25113951910854
              ],
              [
                25.083182748175062,
                60.25111185732156
              ],
              [
                25.08243519620379,
                60.24969740711518
              ],
              [
                25.0842805508828,
                60.24876126993882
              ]
            ],
            [
              [
                25.050132662388773,
                60.231886731756916
              ],
              [
                25.04994574414292,
                60.23204129940028
              ],
              [
                25.049747624911017,
                60.23222092273234
              ],
              [
                25.049945744143884,
                60.232041299399285
              ],
              [
                25.050132662388602,
                60.231886731756724
              ],
              [
                25.050569836823463,
                60.231568799943645
              ],
              [
                25.050132662388773,
                60.231886731756916
              ]
            ],
            [
              [
                25.043176648601758,
                60.21920341603734
              ],
              [
                25.04335224028102,
                60.21899507306643
              ],
              [
                25.043176649527297,
                60.219203416086636
              ],
              [
                25.043044590001138,
                60.219291529816765
              ],
              [
                25.043109185722344,
                60.21924842985956
              ],
              [
                25.043176648601758,
                60.21920341603734
              ]
            ]
          ]
        ]
      }
    },
    {
      "type": "Feature",
      "properties": {
        "layer": "KallioSite",
        "source": "fvh_registry"
      },
      "geometry": {
        "type": "Polygon",
        "coordinates": [
          [
            [
              22.511479629920103,
              0.0005427531052697853
            ],
            [
              22.511479647746878,
              0.0005427552904100655
            ],
            [
              22.511479661775503,
              0.000542760807572352
            ],
            [
              22.511479666099515,
              0.0005427660677791605
            ],
            [
              22.51147966866924,
              0.00054277236049903
            ],
            [
              22.511479704145287,
              0.0005427830853016294
            ],
            [
              22.511479717756323,
              0.0005427919866254372
            ],
            [
              22.511479688831272,
              0.000542805209286769
            ],
            [
              22.511479705392528,
              0.0005428142625147419
            ],
            [
              22.511479721944102,
              0.0005428269186358301
            ],
            [
              22.511479730145407,
              0.0005428344642078624
            ],
            [
              22.511479732839412,
              0.0005428456337186225
            ],
            [
              22.511479735173936,
              0.0005428523465383132
            ],
            [
              22.51147974385471,
              0.0005428555542889466
            ],
            [
              22.511479750079584,
              0.0005428574522392993
            ],
            [
              22.511479754981497,
              0.0005428636748306859
            ],
            [
              22.511479756965915,
              0.0005428692164172628
            ],
            [
              22.51147973993317,
              0.0005428711784785719
            ],
            [
              22.5114797087302,
              0.0005428732386301999
            ],
            [
              22.511479690126976,
              0.0005428766593360609
            ],
            [
              22.511479645366112,
              0.0005428928145325807
            ],
            [
              22.511479588753733,
              0.0005428614103936975
            ],
            [
              22.511479570873107,
              0.0005428497914051484
            ],
            [
              22.511479545695405,
              0.0005428399656368925
            ],
            [
              22.51147951406557,
              0.000542835337213801
            ],
            [
              22.511479529948016,
              0.000542804321953765
            ],
            [
              22.511479536782602,
              0.0005427862004254341
            ],
            [
              22.511479571362237,
              0.000542784091683836
            ],
            [
              22.51147957122679,
              0.0005427658610623402
            ],
            [
              22.511479624827146,
              0.0005427534498559469
            ],
            [
              22.511479629920103,
              0.0005427531052697853
            ]
          ]
        ]
      }
    },
    {
      "type": "Feature",
      "properties": {
        "layer": "ViikkiIntersection",
        "source": "fvh_registry"
      },
      "geometry": {
        "type": "Point",
        "coordinates": [
          25.017235374712513,
          60.22459927869178
        ]
      }
    }
  ]
}
