,vehicle_category,zone_in,zone_out,hour,day_category,avg_traffic
0,bicycle,1,3,7,weekday,1.5
1,bicycle,1,3,8,weekend,1.0
2,bicycle,1,3,8,weekday,1.5
3,bicycle,1,3,9,weekday,1.1428571428571428
4,bicycle,1,3,10,weekend,2.0
5,bicycle,1,3,10,weekday,1.5
6,bicycle,1,3,11,weekend,1.0
7,bicycle,1,3,11,weekday,1.0
8,bicycle,1,3,12,weekend,1.3333333333333333
9,bicycle,1,3,12,weekday,1.0
10,bicycle,1,3,13,weekend,1.0
11,bicycle,1,3,13,weekday,1.0
12,bicycle,1,3,14,weekend,2.0
13,bicycle,1,3,14,weekday,1.0
14,bicycle,1,3,15,weekend,1.3333333333333333
15,bicycle,1,3,15,weekday,1.0
16,bicycle,1,3,16,weekend,1.0
17,bicycle,1,3,16,weekday,1.0
18,bicycle,1,3,17,weekend,1.0
19,bicycle,1,3,17,weekday,1.0
20,bicycle,1,3,18,weekend,1.0
21,bicycle,1,3,18,weekday,1.0
22,bicycle,1,3,19,weekday,1.0
23,bicycle,1,3,21,weekday,1.0
24,bicycle,1,5,8,weekday,1.0
25,bicycle,1,5,9,weekday,1.0
26,bicycle,1,5,10,weekday,1.0
27,bicycle,1,5,11,weekend,1.0
28,bicycle,1,5,13,weekday,1.0
29,bicycle,1,5,16,weekday,1.0
30,bicycle,1,5,18,weekday,1.0
31,bicycle,1,5,19,weekday,1.0
32,bicycle,1,6,0,weekend,1.0
33,bicycle,1,6,0,weekday,1.0
34,bicycle,1,6,1,weekend,1.0
35,bicycle,1,6,4,weekday,1.0
36,bicycle,1,6,6,weekday,1.1666666666666667
37,bicycle,1,6,7,weekday,1.0
38,bicycle,1,6,8,weekend,1.0
39,bicycle,1,6,8,weekday,1.6428571428571428
40,bicycle,1,6,9,weekday,2.0
41,bicycle,1,6,10,weekend,1.0
42,bicycle,1,6,10,weekday,1.1428571428571428
43,bicycle,1,6,11,weekend,1.0
44,bicycle,1,6,11,weekday,1.0
45,bicycle,1,6,12,weekend,1.25
46,bicycle,1,6,12,weekday,1.25
47,bicycle,1,6,13,weekend,1.0
48,bicycle,1,6,13,weekday,1.0
49,bicycle,1,6,14,weekend,1.0
50,bicycle,1,6,14,weekday,1.0
51,bicycle,1,6,15,weekend,1.0
52,bicycle,1,6,15,weekday,1.2
53,bicycle,1,6,16,weekend,1.0
54,bicycle,1,6,16,weekday,1.0
55,bicycle,1,6,17,weekend,1.0
56,bicycle,1,6,17,weekday,1.3333333333333333
57,bicycle,1,6,18,weekend,1.0
58,bicycle,1,6,18,weekday,1.2857142857142858
59,bicycle,1,6,19,weekend,1.75
60,bicycle,1,6,19,weekday,1.6
61,bicycle,1,6,20,weekday,1.1428571428571428
62,bicycle,1,6,21,weekend,1.0
63,bicycle,1,6,21,weekday,1.5
64,bicycle,1,6,22,weekday,1.0
65,bicycle,1,6,23,weekend,1.0
66,bicycle,1,6,23,weekday,1.0
67,bicycle,2,3,0,weekend,1.0
68,bicycle,2,3,0,weekday,1.0
69,bicycle,2,3,1,weekend,1.0
70,bicycle,2,3,2,weekday,1.0
71,bicycle,2,3,3,weekday,1.5
72,bicycle,2,3,4,weekday,1.0
73,bicycle,2,3,5,weekend,1.0
74,bicycle,2,3,5,weekday,1.0
75,bicycle,2,3,6,weekend,1.0
76,bicycle,2,3,6,weekday,1.0
77,bicycle,2,3,7,weekend,1.0
78,bicycle,2,3,7,weekday,1.4615384615384615
79,bicycle,2,3,8,weekend,1.0
80,bicycle,2,3,8,weekday,2.8
81,bicycle,2,3,9,weekend,1.0
82,bicycle,2,3,9,weekday,2.5625
83,bicycle,2,3,10,weekend,1.0
84,bicycle,2,3,10,weekday,1.5555555555555556
85,bicycle,2,3,11,weekend,1.0
86,bicycle,2,3,11,weekday,1.5454545454545454
87,bicycle,2,3,12,weekend,1.6666666666666667
88,bicycle,2,3,12,weekday,1.6666666666666667
89,bicycle,2,3,13,weekend,2.5
90,bicycle,2,3,13,weekday,2.0
91,bicycle,2,3,14,weekend,1.25
92,bicycle,2,3,14,weekday,1.8571428571428572
93,bicycle,2,3,15,weekend,1.3333333333333333
94,bicycle,2,3,15,weekday,1.5
95,bicycle,2,3,16,weekend,2.6666666666666665
96,bicycle,2,3,16,weekday,1.8
97,bicycle,2,3,17,weekend,1.2
98,bicycle,2,3,17,weekday,2.230769230769231
99,bicycle,2,3,18,weekend,1.5
100,bicycle,2,3,18,weekday,2.8333333333333335
101,bicycle,2,3,19,weekend,1.5
102,bicycle,2,3,19,weekday,1.8571428571428572
103,bicycle,2,3,20,weekend,2.0
104,bicycle,2,3,20,weekday,1.5625
105,bicycle,2,3,21,weekend,1.5
106,bicycle,2,3,21,weekday,1.5
107,bicycle,2,3,22,weekend,1.3333333333333333
108,bicycle,2,3,22,weekday,2.0
109,bicycle,2,3,23,weekend,1.0
110,bicycle,2,3,23,weekday,1.25
111,bicycle,2,4,0,weekend,1.4285714285714286
112,bicycle,2,4,0,weekday,1.0
113,bicycle,2,4,1,weekend,1.25
114,bicycle,2,4,1,weekday,3.5
115,bicycle,2,4,2,weekday,2.0
116,bicycle,2,4,3,weekend,1.6666666666666667
117,bicycle,2,4,3,weekday,1.0
118,bicycle,2,4,4,weekday,1.125
119,bicycle,2,4,5,weekend,1.25
120,bicycle,2,4,5,weekday,1.2857142857142858
121,bicycle,2,4,6,weekend,1.4
122,bicycle,2,4,6,weekday,3.1578947368421053
123,bicycle,2,4,7,weekend,2.0
124,bicycle,2,4,7,weekday,12.380952380952381
125,bicycle,2,4,8,weekend,2.25
126,bicycle,2,4,8,weekday,39.95238095238095
127,bicycle,2,4,9,weekend,2.888888888888889
128,bicycle,2,4,9,weekday,26.666666666666668
129,bicycle,2,4,10,weekend,4.75
130,bicycle,2,4,10,weekday,6.095238095238095
131,bicycle,2,4,11,weekend,10.25
132,bicycle,2,4,11,weekday,4.65
133,bicycle,2,4,12,weekend,11.11111111111111
134,bicycle,2,4,12,weekday,6.523809523809524
135,bicycle,2,4,13,weekend,7.666666666666667
136,bicycle,2,4,13,weekday,7.809523809523809
137,bicycle,2,4,14,weekend,7.111111111111111
138,bicycle,2,4,14,weekday,6.238095238095238
139,bicycle,2,4,15,weekend,11.444444444444445
140,bicycle,2,4,15,weekday,5.761904761904762
141,bicycle,2,4,16,weekend,7.777777777777778
142,bicycle,2,4,16,weekday,6.238095238095238
143,bicycle,2,4,17,weekend,11.222222222222221
144,bicycle,2,4,17,weekday,13.428571428571429
145,bicycle,2,4,18,weekend,7.666666666666667
146,bicycle,2,4,18,weekday,25.5
147,bicycle,2,4,19,weekend,5.555555555555555
148,bicycle,2,4,19,weekday,17.095238095238095
149,bicycle,2,4,20,weekend,3.5555555555555554
150,bicycle,2,4,20,weekday,6.4
151,bicycle,2,4,21,weekend,1.75
152,bicycle,2,4,21,weekday,2.8947368421052633
153,bicycle,2,4,22,weekend,1.75
154,bicycle,2,4,22,weekday,3.2
155,bicycle,2,4,23,weekend,2.0
156,bicycle,2,4,23,weekday,2.6923076923076925
157,bicycle,2,5,0,weekend,4.777777777777778
158,bicycle,2,5,0,weekday,4.916666666666667
159,bicycle,2,5,1,weekend,3.125
160,bicycle,2,5,1,weekday,1.8571428571428572
161,bicycle,2,5,2,weekend,4.0
162,bicycle,2,5,2,weekday,2.0
163,bicycle,2,5,3,weekend,2.8333333333333335
164,bicycle,2,5,3,weekday,1.6
165,bicycle,2,5,4,weekend,1.8888888888888888
166,bicycle,2,5,4,weekday,2.5
167,bicycle,2,5,5,weekend,1.2
168,bicycle,2,5,5,weekday,1.8888888888888888
169,bicycle,2,5,6,weekend,3.0
170,bicycle,2,5,6,weekday,6.761904761904762
171,bicycle,2,5,7,weekend,5.428571428571429
172,bicycle,2,5,7,weekday,29.80952380952381
173,bicycle,2,5,8,weekend,14.222222222222221
174,bicycle,2,5,8,weekday,133.76190476190476
175,bicycle,2,5,9,weekend,21.11111111111111
176,bicycle,2,5,9,weekday,100.9047619047619
177,bicycle,2,5,10,weekend,18.11111111111111
178,bicycle,2,5,10,weekday,26.952380952380953
179,bicycle,2,5,11,weekend,20.0
180,bicycle,2,5,11,weekday,16.571428571428573
181,bicycle,2,5,12,weekend,20.444444444444443
182,bicycle,2,5,12,weekday,24.047619047619047
183,bicycle,2,5,13,weekend,18.555555555555557
184,bicycle,2,5,13,weekday,24.095238095238095
185,bicycle,2,5,14,weekend,19.444444444444443
186,bicycle,2,5,14,weekday,14.047619047619047
187,bicycle,2,5,15,weekend,20.11111111111111
188,bicycle,2,5,15,weekday,12.0
189,bicycle,2,5,16,weekend,22.444444444444443
190,bicycle,2,5,16,weekday,12.285714285714286
191,bicycle,2,5,17,weekend,20.0
192,bicycle,2,5,17,weekday,23.80952380952381
193,bicycle,2,5,18,weekend,19.22222222222222
194,bicycle,2,5,18,weekday,44.38095238095238
195,bicycle,2,5,19,weekend,15.666666666666666
196,bicycle,2,5,19,weekday,34.285714285714285
197,bicycle,2,5,20,weekend,12.333333333333334
198,bicycle,2,5,20,weekday,16.047619047619047
199,bicycle,2,5,21,weekend,7.666666666666667
200,bicycle,2,5,21,weekday,8.35
201,bicycle,2,5,22,weekend,6.111111111111111
202,bicycle,2,5,22,weekday,6.222222222222222
203,bicycle,2,5,23,weekend,5.333333333333333
204,bicycle,2,5,23,weekday,5.176470588235294
205,bicycle,2,6,0,weekend,2.25
206,bicycle,2,6,0,weekday,4.0
207,bicycle,2,6,1,weekend,1.6666666666666667
208,bicycle,2,6,1,weekday,2.25
209,bicycle,2,6,2,weekend,1.5
210,bicycle,2,6,2,weekday,1.8333333333333333
211,bicycle,2,6,3,weekend,2.0
212,bicycle,2,6,3,weekday,1.75
213,bicycle,2,6,4,weekend,1.6666666666666667
214,bicycle,2,6,4,weekday,2.2
215,bicycle,2,6,5,weekend,1.0
216,bicycle,2,6,5,weekday,2.3
217,bicycle,2,6,6,weekend,1.6666666666666667
218,bicycle,2,6,6,weekday,3.8333333333333335
219,bicycle,2,6,7,weekend,2.875
220,bicycle,2,6,7,weekday,7.523809523809524
221,bicycle,2,6,8,weekend,8.666666666666666
222,bicycle,2,6,8,weekday,34.0
223,bicycle,2,6,9,weekend,11.555555555555555
224,bicycle,2,6,9,weekday,25.857142857142858
225,bicycle,2,6,10,weekend,10.444444444444445
226,bicycle,2,6,10,weekday,7.571428571428571
227,bicycle,2,6,11,weekend,6.777777777777778
228,bicycle,2,6,11,weekday,4.578947368421052
229,bicycle,2,6,12,weekend,7.111111111111111
230,bicycle,2,6,12,weekday,8.238095238095237
231,bicycle,2,6,13,weekend,6.625
232,bicycle,2,6,13,weekday,6.7
233,bicycle,2,6,14,weekend,5.0
234,bicycle,2,6,14,weekday,3.8095238095238093
235,bicycle,2,6,15,weekend,7.0
236,bicycle,2,6,15,weekday,4.15
237,bicycle,2,6,16,weekend,5.555555555555555
238,bicycle,2,6,16,weekday,4.619047619047619
239,bicycle,2,6,17,weekend,5.666666666666667
240,bicycle,2,6,17,weekday,10.65
241,bicycle,2,6,18,weekend,10.333333333333334
242,bicycle,2,6,18,weekday,20.80952380952381
243,bicycle,2,6,19,weekend,10.777777777777779
244,bicycle,2,6,19,weekday,14.80952380952381
245,bicycle,2,6,20,weekend,7.111111111111111
246,bicycle,2,6,20,weekday,10.7
247,bicycle,2,6,21,weekend,5.333333333333333
248,bicycle,2,6,21,weekday,9.7
249,bicycle,2,6,22,weekend,3.625
250,bicycle,2,6,22,weekday,11.9
251,bicycle,2,6,23,weekend,2.4444444444444446
252,bicycle,2,6,23,weekday,8.5
253,bicycle,3,3,7,weekday,1.0
254,bicycle,3,3,8,weekend,1.0
255,bicycle,3,3,8,weekday,1.875
256,bicycle,3,3,9,weekend,1.0
257,bicycle,3,3,9,weekday,1.6666666666666667
258,bicycle,3,3,10,weekend,1.0
259,bicycle,3,3,10,weekday,1.3333333333333333
260,bicycle,3,3,11,weekend,1.75
261,bicycle,3,3,11,weekday,1.2
262,bicycle,3,3,12,weekend,4.4
263,bicycle,3,3,12,weekday,1.6
264,bicycle,3,3,13,weekend,8.5
265,bicycle,3,3,13,weekday,5.0
266,bicycle,3,3,14,weekend,1.0
267,bicycle,3,3,14,weekday,1.0
268,bicycle,3,3,15,weekend,1.6666666666666667
269,bicycle,3,3,15,weekday,1.0
270,bicycle,3,3,16,weekend,3.3333333333333335
271,bicycle,3,3,16,weekday,1.0
272,bicycle,3,3,17,weekend,1.0
273,bicycle,3,3,17,weekday,1.0
274,bicycle,3,3,18,weekend,1.0
275,bicycle,3,3,18,weekday,1.0
276,bicycle,3,3,19,weekend,1.0
277,bicycle,3,3,19,weekday,1.0
278,bicycle,3,3,22,weekday,2.0
279,bicycle,3,5,1,weekend,1.0
280,bicycle,3,5,7,weekday,1.0
281,bicycle,3,5,8,weekday,1.0
282,bicycle,3,5,9,weekday,1.0
283,bicycle,3,5,13,weekend,1.0
284,bicycle,3,5,13,weekday,1.0
285,bicycle,3,5,14,weekend,1.5
286,bicycle,3,5,15,weekend,1.0
287,bicycle,3,5,15,weekday,1.0
288,bicycle,3,5,16,weekend,2.0
289,bicycle,3,5,16,weekday,1.0
290,bicycle,3,5,17,weekend,1.0
291,bicycle,3,5,18,weekday,1.0
292,bicycle,3,5,19,weekday,1.0
293,bicycle,3,6,6,weekday,1.0
294,bicycle,3,6,7,weekend,1.0
295,bicycle,3,6,7,weekday,2.769230769230769
296,bicycle,3,6,8,weekend,1.6666666666666667
297,bicycle,3,6,8,weekday,7.190476190476191
298,bicycle,3,6,9,weekend,3.0
299,bicycle,3,6,9,weekday,4.4
300,bicycle,3,6,10,weekend,2.8
301,bicycle,3,6,10,weekday,2.0
302,bicycle,3,6,11,weekend,4.833333333333333
303,bicycle,3,6,11,weekday,2.4285714285714284
304,bicycle,3,6,12,weekend,6.142857142857143
305,bicycle,3,6,12,weekday,2.5384615384615383
306,bicycle,3,6,13,weekend,5.833333333333333
307,bicycle,3,6,13,weekday,2.2941176470588234
308,bicycle,3,6,14,weekend,2.7142857142857144
309,bicycle,3,6,14,weekday,2.2
310,bicycle,3,6,15,weekend,2.6666666666666665
311,bicycle,3,6,15,weekday,2.0
312,bicycle,3,6,16,weekend,2.8
313,bicycle,3,6,16,weekday,2.142857142857143
314,bicycle,3,6,17,weekend,2.0
315,bicycle,3,6,17,weekday,2.3529411764705883
316,bicycle,3,6,18,weekend,1.0
317,bicycle,3,6,18,weekday,2.6315789473684212
318,bicycle,3,6,19,weekend,1.0
319,bicycle,3,6,19,weekday,2.6
320,bicycle,3,6,20,weekend,1.25
321,bicycle,3,6,20,weekday,1.5
322,bicycle,3,6,21,weekend,1.0
323,bicycle,3,6,21,weekday,1.75
324,bicycle,3,6,22,weekend,1.5
325,bicycle,3,6,22,weekday,1.5
326,bicycle,3,6,23,weekend,1.0
327,bicycle,3,6,23,weekday,1.0
328,bicycle,4,2,0,weekend,5.0
329,bicycle,4,2,0,weekday,3.5454545454545454
330,bicycle,4,2,1,weekend,2.7142857142857144
331,bicycle,4,2,1,weekday,1.6923076923076923
332,bicycle,4,2,2,weekend,2.142857142857143
333,bicycle,4,2,2,weekday,1.5714285714285714
334,bicycle,4,2,3,weekend,1.5
335,bicycle,4,2,3,weekday,1.0
336,bicycle,4,2,4,weekend,1.0
337,bicycle,4,2,4,weekday,1.0833333333333333
338,bicycle,4,2,5,weekend,1.25
339,bicycle,4,2,5,weekday,1.0
340,bicycle,4,2,6,weekend,1.5
341,bicycle,4,2,6,weekday,1.7
342,bicycle,4,2,7,weekend,1.8333333333333333
343,bicycle,4,2,7,weekday,6.190476190476191
344,bicycle,4,2,8,weekend,7.0
345,bicycle,4,2,8,weekday,50.04761904761905
346,bicycle,4,2,9,weekend,12.11111111111111
347,bicycle,4,2,9,weekday,46.95238095238095
348,bicycle,4,2,10,weekend,19.333333333333332
349,bicycle,4,2,10,weekday,7.428571428571429
350,bicycle,4,2,11,weekend,14.777777777777779
351,bicycle,4,2,11,weekday,9.047619047619047
352,bicycle,4,2,12,weekend,16.88888888888889
353,bicycle,4,2,12,weekday,13.238095238095237
354,bicycle,4,2,13,weekend,16.22222222222222
355,bicycle,4,2,13,weekday,16.952380952380953
356,bicycle,4,2,14,weekend,17.444444444444443
357,bicycle,4,2,14,weekday,15.857142857142858
358,bicycle,4,2,15,weekend,19.444444444444443
359,bicycle,4,2,15,weekday,17.666666666666668
360,bicycle,4,2,16,weekend,19.0
361,bicycle,4,2,16,weekday,23.476190476190474
362,bicycle,4,2,17,weekend,19.555555555555557
363,bicycle,4,2,17,weekday,37.65
364,bicycle,4,2,18,weekend,13.0
365,bicycle,4,2,18,weekday,48.523809523809526
366,bicycle,4,2,19,weekend,7.222222222222222
367,bicycle,4,2,19,weekday,42.57142857142857
368,bicycle,4,2,20,weekend,8.0
369,bicycle,4,2,20,weekday,18.714285714285715
370,bicycle,4,2,21,weekend,3.6666666666666665
371,bicycle,4,2,21,weekday,7.9523809523809526
372,bicycle,4,2,22,weekend,1.7777777777777777
373,bicycle,4,2,22,weekday,5.526315789473684
374,bicycle,4,2,23,weekend,4.875
375,bicycle,4,2,23,weekday,5.894736842105263
376,bicycle,4,5,0,weekend,1.6666666666666667
377,bicycle,4,5,0,weekday,1.5
378,bicycle,4,5,1,weekend,2.0
379,bicycle,4,5,3,weekend,1.0
380,bicycle,4,5,5,weekend,1.0
381,bicycle,4,5,6,weekend,1.0
382,bicycle,4,5,7,weekend,1.0
383,bicycle,4,5,7,weekday,3.111111111111111
384,bicycle,4,5,8,weekend,2.1666666666666665
385,bicycle,4,5,8,weekday,26.6
386,bicycle,4,5,9,weekend,3.142857142857143
387,bicycle,4,5,9,weekday,27.476190476190474
388,bicycle,4,5,10,weekend,3.3333333333333335
389,bicycle,4,5,10,weekday,6.75
390,bicycle,4,5,11,weekend,4.25
391,bicycle,4,5,11,weekday,3.75
392,bicycle,4,5,12,weekend,3.75
393,bicycle,4,5,12,weekday,7.277777777777778
394,bicycle,4,5,13,weekend,3.7777777777777777
395,bicycle,4,5,13,weekday,5.85
396,bicycle,4,5,14,weekend,3.7777777777777777
397,bicycle,4,5,14,weekday,4.0
398,bicycle,4,5,15,weekend,4.111111111111111
399,bicycle,4,5,15,weekday,3.3
400,bicycle,4,5,16,weekend,4.222222222222222
401,bicycle,4,5,16,weekday,5.1
402,bicycle,4,5,17,weekend,3.6666666666666665
403,bicycle,4,5,17,weekday,9.421052631578947
404,bicycle,4,5,18,weekend,3.0
405,bicycle,4,5,18,weekday,13.473684210526315
406,bicycle,4,5,19,weekend,2.5555555555555554
407,bicycle,4,5,19,weekday,10.857142857142858
408,bicycle,4,5,20,weekend,2.5714285714285716
409,bicycle,4,5,20,weekday,6.2105263157894735
410,bicycle,4,5,21,weekend,1.0
411,bicycle,4,5,21,weekday,3.3636363636363638
412,bicycle,4,5,22,weekend,1.0
413,bicycle,4,5,22,weekday,1.8333333333333333
414,bicycle,4,5,23,weekend,1.5
415,bicycle,4,5,23,weekday,1.3636363636363635
416,bicycle,4,6,0,weekday,1.0
417,bicycle,4,6,1,weekend,1.0
418,bicycle,4,6,6,weekday,1.0
419,bicycle,4,6,7,weekend,1.0
420,bicycle,4,6,7,weekday,1.0
421,bicycle,4,6,8,weekend,1.0
422,bicycle,4,6,8,weekday,1.4666666666666666
423,bicycle,4,6,9,weekend,1.0
424,bicycle,4,6,9,weekday,2.2
425,bicycle,4,6,10,weekend,1.5
426,bicycle,4,6,10,weekday,1.2
427,bicycle,4,6,11,weekend,1.0
428,bicycle,4,6,11,weekday,1.25
429,bicycle,4,6,12,weekend,1.75
430,bicycle,4,6,12,weekday,1.5
431,bicycle,4,6,13,weekend,1.0
432,bicycle,4,6,13,weekday,1.25
433,bicycle,4,6,14,weekend,1.2
434,bicycle,4,6,14,weekday,1.1111111111111112
435,bicycle,4,6,15,weekend,1.0
436,bicycle,4,6,15,weekday,1.0
437,bicycle,4,6,16,weekend,1.0
438,bicycle,4,6,16,weekday,1.0
439,bicycle,4,6,17,weekend,1.0
440,bicycle,4,6,17,weekday,1.0
441,bicycle,4,6,18,weekend,1.0
442,bicycle,4,6,18,weekday,2.090909090909091
443,bicycle,4,6,19,weekend,1.0
444,bicycle,4,6,19,weekday,1.6666666666666667
445,bicycle,4,6,20,weekday,1.3333333333333333
446,bicycle,4,6,21,weekday,1.0
447,bicycle,4,6,22,weekend,1.0
448,bicycle,4,6,22,weekday,1.0
449,bicycle,4,6,23,weekday,1.0
450,bicycle,5,3,0,weekend,2.0
451,bicycle,5,3,0,weekday,1.5
452,bicycle,5,3,1,weekend,2.0
453,bicycle,5,3,5,weekday,1.0
454,bicycle,5,3,6,weekday,1.0
455,bicycle,5,3,7,weekday,1.1666666666666667
456,bicycle,5,3,8,weekend,1.0
457,bicycle,5,3,8,weekday,2.2857142857142856
458,bicycle,5,3,9,weekend,1.0
459,bicycle,5,3,9,weekday,2.090909090909091
460,bicycle,5,3,10,weekday,1.6666666666666667
461,bicycle,5,3,11,weekend,1.0
462,bicycle,5,3,11,weekday,1.0
463,bicycle,5,3,12,weekend,1.0
464,bicycle,5,3,12,weekday,1.1333333333333333
465,bicycle,5,3,13,weekend,1.0
466,bicycle,5,3,13,weekday,1.4285714285714286
467,bicycle,5,3,14,weekend,1.0
468,bicycle,5,3,14,weekday,1.1428571428571428
469,bicycle,5,3,15,weekend,1.0
470,bicycle,5,3,15,weekday,1.5
471,bicycle,5,3,16,weekend,1.0
472,bicycle,5,3,16,weekday,1.3333333333333333
473,bicycle,5,3,17,weekend,1.0
474,bicycle,5,3,17,weekday,1.4
475,bicycle,5,3,18,weekday,1.6
476,bicycle,5,3,19,weekend,1.0
477,bicycle,5,3,19,weekday,1.4285714285714286
478,bicycle,5,3,20,weekend,1.3333333333333333
479,bicycle,5,3,20,weekday,1.0
480,bicycle,5,3,21,weekend,1.0
481,bicycle,5,3,22,weekday,1.5
482,bicycle,5,3,23,weekend,1.0
483,bicycle,5,4,0,weekend,1.5
484,bicycle,5,4,0,weekday,1.0
485,bicycle,5,4,1,weekend,3.0
486,bicycle,5,4,1,weekday,1.8
487,bicycle,5,4,2,weekday,1.5
488,bicycle,5,4,3,weekday,1.0
489,bicycle,5,4,4,weekend,1.5
490,bicycle,5,4,4,weekday,1.4
491,bicycle,5,4,5,weekend,1.0
492,bicycle,5,4,5,weekday,1.0
493,bicycle,5,4,6,weekend,2.0
494,bicycle,5,4,6,weekday,2.0833333333333335
495,bicycle,5,4,7,weekend,1.0
496,bicycle,5,4,7,weekday,4.7368421052631575
497,bicycle,5,4,8,weekend,1.5
498,bicycle,5,4,8,weekday,20.333333333333332
499,bicycle,5,4,9,weekend,3.2857142857142856
500,bicycle,5,4,9,weekday,15.052631578947368
501,bicycle,5,4,10,weekend,3.0
502,bicycle,5,4,10,weekday,4.526315789473684
503,bicycle,5,4,11,weekend,4.142857142857143
504,bicycle,5,4,11,weekday,2.9411764705882355
505,bicycle,5,4,12,weekend,6.428571428571429
506,bicycle,5,4,12,weekday,4.578947368421052
507,bicycle,5,4,13,weekend,5.666666666666667
508,bicycle,5,4,13,weekday,6.2105263157894735
509,bicycle,5,4,14,weekend,5.714285714285714
510,bicycle,5,4,14,weekday,3.6470588235294117
511,bicycle,5,4,15,weekend,5.285714285714286
512,bicycle,5,4,15,weekday,3.9444444444444446
513,bicycle,5,4,16,weekend,4.714285714285714
514,bicycle,5,4,16,weekday,3.8947368421052633
515,bicycle,5,4,17,weekend,3.142857142857143
516,bicycle,5,4,17,weekday,5.0
517,bicycle,5,4,18,weekend,2.2857142857142856
518,bicycle,5,4,18,weekday,8.95
519,bicycle,5,4,19,weekend,1.8
520,bicycle,5,4,19,weekday,7.0
521,bicycle,5,4,20,weekend,2.0
522,bicycle,5,4,20,weekday,2.8125
523,bicycle,5,4,21,weekend,1.4
524,bicycle,5,4,21,weekday,2.076923076923077
525,bicycle,5,4,22,weekend,2.3333333333333335
526,bicycle,5,4,22,weekday,1.9166666666666667
527,bicycle,5,4,23,weekend,1.3333333333333333
528,bicycle,5,4,23,weekday,1.5
529,bicycle,5,5,0,weekend,9.857142857142858
530,bicycle,5,5,0,weekday,5.642857142857143
531,bicycle,5,5,1,weekend,4.285714285714286
532,bicycle,5,5,1,weekday,2.5454545454545454
533,bicycle,5,5,2,weekend,4.571428571428571
534,bicycle,5,5,2,weekday,2.625
535,bicycle,5,5,3,weekend,4.714285714285714
536,bicycle,5,5,3,weekday,1.7
537,bicycle,5,5,4,weekend,3.6666666666666665
538,bicycle,5,5,4,weekday,3.611111111111111
539,bicycle,5,5,5,weekend,2.5
540,bicycle,5,5,5,weekday,2.0
541,bicycle,5,5,6,weekend,4.0
542,bicycle,5,5,6,weekday,15.052631578947368
543,bicycle,5,5,7,weekend,8.285714285714286
544,bicycle,5,5,7,weekday,57.73684210526316
545,bicycle,5,5,8,weekend,30.857142857142858
546,bicycle,5,5,8,weekday,172.94736842105263
547,bicycle,5,5,9,weekend,37.285714285714285
548,bicycle,5,5,9,weekday,146.73684210526315
549,bicycle,5,5,10,weekend,41.42857142857143
550,bicycle,5,5,10,weekday,52.21052631578947
551,bicycle,5,5,11,weekend,46.42857142857143
552,bicycle,5,5,11,weekday,36.10526315789474
553,bicycle,5,5,12,weekend,45.857142857142854
554,bicycle,5,5,12,weekday,51.421052631578945
555,bicycle,5,5,13,weekend,41.142857142857146
556,bicycle,5,5,13,weekday,48.36842105263158
557,bicycle,5,5,14,weekend,47.57142857142857
558,bicycle,5,5,14,weekday,41.9
559,bicycle,5,5,15,weekend,51.42857142857143
560,bicycle,5,5,15,weekday,38.75
561,bicycle,5,5,16,weekend,45.714285714285715
562,bicycle,5,5,16,weekday,44.5
563,bicycle,5,5,17,weekend,41.285714285714285
564,bicycle,5,5,17,weekday,67.25
565,bicycle,5,5,18,weekend,40.285714285714285
566,bicycle,5,5,18,weekday,85.25
567,bicycle,5,5,19,weekend,36.714285714285715
568,bicycle,5,5,19,weekday,70.7
569,bicycle,5,5,20,weekend,28.571428571428573
570,bicycle,5,5,20,weekday,40.21052631578947
571,bicycle,5,5,21,weekend,17.714285714285715
572,bicycle,5,5,21,weekday,15.210526315789474
573,bicycle,5,5,22,weekend,10.857142857142858
574,bicycle,5,5,22,weekday,13.625
575,bicycle,5,5,23,weekend,10.0
576,bicycle,5,5,23,weekday,12.384615384615385
577,bicycle,5,6,0,weekend,2.0
578,bicycle,5,6,0,weekday,1.0
579,bicycle,5,6,1,weekend,1.0
580,bicycle,5,6,1,weekday,1.0
581,bicycle,5,6,2,weekend,1.0
582,bicycle,5,6,3,weekend,1.0
583,bicycle,5,6,3,weekday,1.0
584,bicycle,5,6,4,weekend,1.0
585,bicycle,5,6,4,weekday,1.0
586,bicycle,5,6,5,weekend,1.0
587,bicycle,5,6,6,weekday,1.0
588,bicycle,5,6,7,weekend,1.0
589,bicycle,5,6,7,weekday,2.4705882352941178
590,bicycle,5,6,8,weekend,1.6666666666666667
591,bicycle,5,6,8,weekday,14.421052631578947
592,bicycle,5,6,9,weekend,2.2
593,bicycle,5,6,9,weekday,12.68421052631579
594,bicycle,5,6,10,weekend,1.6666666666666667
595,bicycle,5,6,10,weekday,2.7777777777777777
596,bicycle,5,6,11,weekend,2.2
597,bicycle,5,6,11,weekday,1.9444444444444444
598,bicycle,5,6,12,weekend,3.25
599,bicycle,5,6,12,weekday,2.823529411764706
600,bicycle,5,6,13,weekend,1.25
601,bicycle,5,6,13,weekday,2.142857142857143
602,bicycle,5,6,14,weekend,2.25
603,bicycle,5,6,14,weekday,2.1333333333333333
604,bicycle,5,6,15,weekend,2.8333333333333335
605,bicycle,5,6,15,weekday,2.75
606,bicycle,5,6,16,weekend,2.6666666666666665
607,bicycle,5,6,16,weekday,2.142857142857143
608,bicycle,5,6,17,weekend,1.7142857142857142
609,bicycle,5,6,17,weekday,3.875
610,bicycle,5,6,18,weekend,1.8
611,bicycle,5,6,18,weekday,6.176470588235294
612,bicycle,5,6,19,weekend,1.0
613,bicycle,5,6,19,weekday,4.882352941176471
614,bicycle,5,6,20,weekend,1.0
615,bicycle,5,6,20,weekday,2.066666666666667
616,bicycle,5,6,21,weekend,1.0
617,bicycle,5,6,21,weekday,1.3333333333333333
618,bicycle,5,6,22,weekend,1.0
619,bicycle,5,6,22,weekday,1.1111111111111112
620,bicycle,5,6,23,weekend,1.0
621,bicycle,5,6,23,weekday,1.5
622,bicycle,6,4,0,weekday,1.0
623,bicycle,6,4,1,weekend,1.0
624,bicycle,6,4,1,weekday,1.0
625,bicycle,6,4,2,weekend,1.0
626,bicycle,6,4,2,weekday,1.0
627,bicycle,6,4,3,weekend,1.0
628,bicycle,6,4,3,weekday,1.0
629,bicycle,6,4,4,weekday,1.0
630,bicycle,6,4,5,weekday,1.125
631,bicycle,6,4,6,weekend,1.0
632,bicycle,6,4,6,weekday,1.2727272727272727
633,bicycle,6,4,7,weekend,1.6666666666666667
634,bicycle,6,4,7,weekday,11.222222222222221
635,bicycle,6,4,8,weekend,4.166666666666667
636,bicycle,6,4,8,weekday,53.36842105263158
637,bicycle,6,4,9,weekend,7.428571428571429
638,bicycle,6,4,9,weekday,32.73684210526316
639,bicycle,6,4,10,weekend,8.285714285714286
640,bicycle,6,4,10,weekday,13.210526315789474
641,bicycle,6,4,11,weekend,11.857142857142858
642,bicycle,6,4,11,weekday,7.2105263157894735
643,bicycle,6,4,12,weekend,11.0
644,bicycle,6,4,12,weekday,9.0
645,bicycle,6,4,13,weekend,11.714285714285714
646,bicycle,6,4,13,weekday,10.222222222222221
647,bicycle,6,4,14,weekend,11.571428571428571
648,bicycle,6,4,14,weekday,9.473684210526315
649,bicycle,6,4,15,weekend,13.428571428571429
650,bicycle,6,4,15,weekday,8.65
651,bicycle,6,4,16,weekend,13.571428571428571
652,bicycle,6,4,16,weekday,10.421052631578947
653,bicycle,6,4,17,weekend,5.857142857142857
654,bicycle,6,4,17,weekday,9.277777777777779
655,bicycle,6,4,18,weekend,3.7142857142857144
656,bicycle,6,4,18,weekday,10.235294117647058
657,bicycle,6,4,19,weekend,2.25
658,bicycle,6,4,19,weekday,6.722222222222222
659,bicycle,6,4,20,weekend,1.6
660,bicycle,6,4,20,weekday,3.6153846153846154
661,bicycle,6,4,21,weekend,1.0
662,bicycle,6,4,21,weekday,1.4166666666666667
663,bicycle,6,4,22,weekend,2.0
664,bicycle,6,4,22,weekday,1.8
665,bicycle,6,4,23,weekend,1.3333333333333333
666,bicycle,6,4,23,weekday,1.3333333333333333
667,bus,1,1,0,weekend,1.0
668,bus,1,1,0,weekday,1.1666666666666667
669,bus,1,1,1,weekend,1.0
670,bus,1,1,1,weekday,1.0
671,bus,1,1,6,weekday,1.5
672,bus,1,1,7,weekend,3.4444444444444446
673,bus,1,1,7,weekday,7.142857142857143
674,bus,1,1,8,weekend,9.333333333333334
675,bus,1,1,8,weekday,15.142857142857142
676,bus,1,1,9,weekend,8.555555555555555
677,bus,1,1,9,weekday,17.714285714285715
678,bus,1,1,10,weekend,8.666666666666666
679,bus,1,1,10,weekday,17.0
680,bus,1,1,11,weekend,9.333333333333334
681,bus,1,1,11,weekday,15.333333333333334
682,bus,1,1,12,weekend,10.222222222222221
683,bus,1,1,12,weekday,12.666666666666666
684,bus,1,1,13,weekend,10.555555555555555
685,bus,1,1,13,weekday,13.142857142857142
686,bus,1,1,14,weekend,10.555555555555555
687,bus,1,1,14,weekday,13.333333333333334
688,bus,1,1,15,weekend,10.444444444444445
689,bus,1,1,15,weekday,13.904761904761905
690,bus,1,1,16,weekend,9.777777777777779
691,bus,1,1,16,weekday,16.095238095238095
692,bus,1,1,17,weekend,7.0
693,bus,1,1,17,weekday,9.19047619047619
694,bus,1,1,18,weekend,1.625
695,bus,1,1,18,weekday,2.6875
696,bus,1,1,19,weekend,1.0
697,bus,1,1,19,weekday,2.8125
698,bus,1,1,20,weekend,1.25
699,bus,1,1,20,weekday,2.4375
700,bus,1,1,21,weekend,2.3333333333333335
701,bus,1,1,21,weekday,1.6153846153846154
702,bus,1,1,22,weekend,1.3333333333333333
703,bus,1,1,22,weekday,1.3333333333333333
704,bus,1,1,23,weekend,1.4
705,bus,1,1,23,weekday,1.0
706,bus,1,3,0,weekend,1.0
707,bus,1,3,1,weekend,1.0
708,bus,1,3,1,weekday,1.0
709,bus,1,3,6,weekday,1.0
710,bus,1,3,7,weekend,1.0
711,bus,1,3,7,weekday,1.0
712,bus,1,3,8,weekday,2.0
713,bus,1,3,9,weekend,1.0
714,bus,1,3,9,weekday,1.0
715,bus,1,3,10,weekend,1.0
716,bus,1,3,10,weekday,1.0
717,bus,1,3,12,weekday,1.0
718,bus,1,3,13,weekend,1.0
719,bus,1,3,14,weekend,1.0
720,bus,1,3,14,weekday,1.3333333333333333
721,bus,1,3,15,weekend,2.3333333333333335
722,bus,1,3,15,weekday,1.0
723,bus,1,3,16,weekend,5.0
724,bus,1,3,16,weekday,1.0
725,bus,1,3,17,weekend,5.0
726,bus,1,3,17,weekday,1.0
727,bus,1,3,18,weekend,3.0
728,bus,1,3,18,weekday,1.0
729,bus,1,3,19,weekend,1.3333333333333333
730,bus,1,3,19,weekday,1.5
731,bus,1,3,20,weekend,1.6666666666666667
732,bus,1,3,20,weekday,2.25
733,bus,1,3,21,weekend,2.0
734,bus,1,3,21,weekday,1.3333333333333333
735,bus,1,3,22,weekend,4.0
736,bus,1,3,22,weekday,1.0
737,bus,1,3,23,weekend,1.0
738,bus,1,3,23,weekday,1.0
739,bus,1,6,0,weekend,1.0
740,bus,1,6,0,weekday,1.25
741,bus,1,6,5,weekend,1.0
742,bus,1,6,5,weekday,1.0
743,bus,1,6,6,weekend,1.0
744,bus,1,6,6,weekday,1.25
745,bus,1,6,7,weekend,1.0
746,bus,1,6,7,weekday,1.3888888888888888
747,bus,1,6,8,weekend,1.0
748,bus,1,6,8,weekday,1.4545454545454546
749,bus,1,6,9,weekend,1.5
750,bus,1,6,9,weekday,1.2727272727272727
751,bus,1,6,10,weekday,1.4444444444444444
752,bus,1,6,11,weekend,1.0
753,bus,1,6,11,weekday,2.125
754,bus,1,6,12,weekend,1.3333333333333333
755,bus,1,6,12,weekday,1.6923076923076923
756,bus,1,6,13,weekend,1.0
757,bus,1,6,13,weekday,1.4285714285714286
758,bus,1,6,14,weekday,1.5714285714285714
759,bus,1,6,15,weekend,1.0
760,bus,1,6,15,weekday,1.1428571428571428
761,bus,1,6,16,weekend,1.0
762,bus,1,6,16,weekday,1.0
763,bus,1,6,17,weekend,2.2
764,bus,1,6,17,weekday,2.0555555555555554
765,bus,1,6,18,weekend,1.0
766,bus,1,6,18,weekday,2.0588235294117645
767,bus,1,6,19,weekend,1.0
768,bus,1,6,19,weekday,2.4
769,bus,1,6,20,weekend,1.0
770,bus,1,6,20,weekday,1.4444444444444444
771,bus,1,6,21,weekday,1.4444444444444444
772,bus,1,6,22,weekend,2.0
773,bus,1,6,22,weekday,1.8333333333333333
774,bus,1,6,23,weekend,1.0
775,bus,1,6,23,weekday,1.2
776,bus,2,3,0,weekday,1.0
777,bus,2,3,2,weekend,1.0
778,bus,2,3,2,weekday,1.0
779,bus,2,3,3,weekend,1.0
780,bus,2,3,3,weekday,1.0
781,bus,2,3,4,weekend,1.0
782,bus,2,3,4,weekday,1.0
783,bus,2,3,5,weekend,1.0
784,bus,2,3,5,weekday,1.125
785,bus,2,3,8,weekend,1.0
786,bus,2,3,8,weekday,2.0
787,bus,2,3,9,weekday,1.0
788,bus,2,3,11,weekday,1.0
789,bus,2,3,12,weekend,1.0
790,bus,2,3,13,weekend,1.0
791,bus,2,3,13,weekday,1.0
792,bus,2,3,14,weekday,1.0
793,bus,2,3,15,weekday,2.0
794,bus,2,3,16,weekend,1.0
795,bus,2,3,16,weekday,1.0
796,bus,2,3,17,weekend,1.0
797,bus,2,3,17,weekday,1.0
798,bus,2,3,18,weekend,1.0
799,bus,2,3,18,weekday,1.0
800,bus,2,3,20,weekday,1.0
801,bus,2,3,21,weekend,1.0
802,bus,2,3,22,weekend,1.0
803,bus,2,6,0,weekend,7.666666666666667
804,bus,2,6,0,weekday,8.15
805,bus,2,6,1,weekend,5.555555555555555
806,bus,2,6,1,weekday,4.333333333333333
807,bus,2,6,2,weekend,1.0
808,bus,2,6,2,weekday,1.0
809,bus,2,6,4,weekday,2.0
810,bus,2,6,5,weekend,6.6
811,bus,2,6,5,weekday,7.052631578947368
812,bus,2,6,6,weekend,7.555555555555555
813,bus,2,6,6,weekday,15.047619047619047
814,bus,2,6,7,weekend,11.11111111111111
815,bus,2,6,7,weekday,21.0
816,bus,2,6,8,weekend,12.11111111111111
817,bus,2,6,8,weekday,21.666666666666668
818,bus,2,6,9,weekend,11.555555555555555
819,bus,2,6,9,weekday,22.61904761904762
820,bus,2,6,10,weekend,11.88888888888889
821,bus,2,6,10,weekday,20.285714285714285
822,bus,2,6,11,weekend,11.333333333333334
823,bus,2,6,11,weekday,17.19047619047619
824,bus,2,6,12,weekend,13.0
825,bus,2,6,12,weekday,16.19047619047619
826,bus,2,6,13,weekend,13.444444444444445
827,bus,2,6,13,weekday,15.714285714285714
828,bus,2,6,14,weekend,13.11111111111111
829,bus,2,6,14,weekday,16.523809523809526
830,bus,2,6,15,weekend,13.222222222222221
831,bus,2,6,15,weekday,18.0
832,bus,2,6,16,weekend,13.11111111111111
833,bus,2,6,16,weekday,23.333333333333332
834,bus,2,6,17,weekend,13.88888888888889
835,bus,2,6,17,weekday,20.952380952380953
836,bus,2,6,18,weekend,12.11111111111111
837,bus,2,6,18,weekday,18.142857142857142
838,bus,2,6,19,weekend,12.333333333333334
839,bus,2,6,19,weekday,17.904761904761905
840,bus,2,6,20,weekend,10.88888888888889
841,bus,2,6,20,weekday,14.714285714285714
842,bus,2,6,21,weekend,11.444444444444445
843,bus,2,6,21,weekday,12.857142857142858
844,bus,2,6,22,weekend,9.11111111111111
845,bus,2,6,22,weekday,10.666666666666666
846,bus,2,6,23,weekend,9.11111111111111
847,bus,2,6,23,weekday,9.714285714285714
848,bus,3,1,0,weekend,3.0
849,bus,3,1,0,weekday,2.6315789473684212
850,bus,3,1,1,weekend,2.2222222222222223
851,bus,3,1,1,weekday,1.8461538461538463
852,bus,3,1,2,weekend,1.1666666666666667
853,bus,3,1,2,weekday,1.3333333333333333
854,bus,3,1,3,weekend,1.0
855,bus,3,1,3,weekday,1.0
856,bus,3,1,4,weekend,1.0
857,bus,3,1,4,weekday,1.0769230769230769
858,bus,3,1,5,weekend,1.0
859,bus,3,1,5,weekday,1.2
860,bus,3,1,6,weekend,1.8571428571428572
861,bus,3,1,6,weekday,4.842105263157895
862,bus,3,1,7,weekend,4.555555555555555
863,bus,3,1,7,weekday,11.9
864,bus,3,1,8,weekend,8.857142857142858
865,bus,3,1,8,weekday,15.75
866,bus,3,1,9,weekend,7.428571428571429
867,bus,3,1,9,weekday,16.95
868,bus,3,1,10,weekend,7.428571428571429
869,bus,3,1,10,weekday,15.95
870,bus,3,1,11,weekend,7.125
871,bus,3,1,11,weekday,13.842105263157896
872,bus,3,1,12,weekend,9.428571428571429
873,bus,3,1,12,weekday,10.55
874,bus,3,1,13,weekend,9.428571428571429
875,bus,3,1,13,weekday,12.421052631578947
876,bus,3,1,14,weekend,9.25
877,bus,3,1,14,weekday,12.25
878,bus,3,1,15,weekend,9.428571428571429
879,bus,3,1,15,weekday,13.05
880,bus,3,1,16,weekend,9.285714285714286
881,bus,3,1,16,weekday,16.15
882,bus,3,1,17,weekend,6.571428571428571
883,bus,3,1,17,weekday,12.238095238095237
884,bus,3,1,18,weekend,4.666666666666667
885,bus,3,1,18,weekday,8.571428571428571
886,bus,3,1,19,weekend,4.444444444444445
887,bus,3,1,19,weekday,7.904761904761905
888,bus,3,1,20,weekend,2.888888888888889
889,bus,3,1,20,weekday,6.428571428571429
890,bus,3,1,21,weekend,4.0
891,bus,3,1,21,weekday,5.380952380952381
892,bus,3,1,22,weekend,3.111111111111111
893,bus,3,1,22,weekday,3.9047619047619047
894,bus,3,1,23,weekend,2.7777777777777777
895,bus,3,1,23,weekday,4.0
896,bus,3,3,0,weekend,1.0
897,bus,3,3,0,weekday,1.5
898,bus,3,3,1,weekend,1.0
899,bus,3,3,1,weekday,1.0
900,bus,3,3,7,weekday,1.0
901,bus,3,3,8,weekend,2.0
902,bus,3,3,8,weekday,1.0
903,bus,3,3,9,weekend,2.0
904,bus,3,3,9,weekday,1.0
905,bus,3,3,10,weekday,1.1111111111111112
906,bus,3,3,11,weekday,1.0
907,bus,3,3,12,weekday,1.0
908,bus,3,3,13,weekday,1.0
909,bus,3,3,14,weekend,1.0
910,bus,3,3,14,weekday,1.0
911,bus,3,3,15,weekend,1.0
912,bus,3,3,16,weekday,1.0
913,bus,3,3,17,weekday,1.0
914,bus,3,3,18,weekend,2.0
915,bus,3,3,18,weekday,1.0
916,bus,3,3,19,weekend,1.6666666666666667
917,bus,3,3,19,weekday,1.0
918,bus,3,3,20,weekend,2.0
919,bus,3,3,20,weekday,1.0
920,bus,3,3,21,weekday,1.0
921,bus,3,3,23,weekend,1.0
922,bus,3,6,0,weekday,1.0
923,bus,3,6,1,weekday,1.0
924,bus,3,6,6,weekend,1.0
925,bus,3,6,6,weekday,1.0
926,bus,3,6,7,weekday,1.0
927,bus,3,6,8,weekday,1.0
928,bus,3,6,9,weekend,1.0
929,bus,3,6,9,weekday,1.1111111111111112
930,bus,3,6,10,weekday,1.0
931,bus,3,6,11,weekday,1.0
932,bus,3,6,12,weekday,1.0
933,bus,3,6,13,weekend,1.0
934,bus,3,6,14,weekday,1.0
935,bus,3,6,16,weekday,1.2
936,bus,3,6,17,weekday,1.75
937,bus,3,6,18,weekday,1.0
938,bus,3,6,19,weekend,2.0
939,bus,3,6,19,weekday,3.5
940,bus,3,6,20,weekend,1.5
941,bus,3,6,20,weekday,1.0
942,bus,3,6,21,weekday,1.3333333333333333
943,bus,3,6,22,weekend,2.0
944,bus,3,6,23,weekday,1.25
945,bus,5,3,8,weekday,1.0
946,bus,5,3,18,weekday,1.0
947,bus,5,3,19,weekday,1.0
948,bus,5,3,22,weekday,1.0
949,bus,5,6,7,weekend,1.0
950,bus,5,6,7,weekday,1.0
951,bus,5,6,8,weekday,1.0
952,bus,5,6,9,weekday,1.1666666666666667
953,bus,5,6,11,weekday,1.0
954,bus,5,6,12,weekday,1.0
955,bus,5,6,13,weekday,1.0
956,bus,5,6,14,weekday,1.0
957,bus,5,6,15,weekend,1.0
958,bus,5,6,16,weekday,1.0
959,bus,5,6,17,weekday,1.0
960,bus,5,6,18,weekday,1.0
961,bus,5,6,19,weekday,1.0
962,bus,5,6,20,weekend,1.0
963,bus,5,6,22,weekday,1.0
964,bus,5,6,23,weekday,1.5
965,car,1,1,0,weekend,159.44444444444446
966,car,1,1,0,weekday,102.04761904761905
967,car,1,1,1,weekend,119.0
968,car,1,1,1,weekday,53.476190476190474
969,car,1,1,2,weekend,69.22222222222223
970,car,1,1,2,weekday,33.333333333333336
971,car,1,1,3,weekend,54.888888888888886
972,car,1,1,3,weekday,22.761904761904763
973,car,1,1,4,weekend,43.333333333333336
974,car,1,1,4,weekday,24.666666666666668
975,car,1,1,5,weekend,52.44444444444444
976,car,1,1,5,weekday,46.523809523809526
977,car,1,1,6,weekend,51.44444444444444
978,car,1,1,6,weekday,122.47619047619048
979,car,1,1,7,weekend,79.22222222222223
980,car,1,1,7,weekday,299.1904761904762
981,car,1,1,8,weekend,154.55555555555554
982,car,1,1,8,weekday,587.7619047619048
983,car,1,1,9,weekend,208.11111111111111
984,car,1,1,9,weekday,590.0
985,car,1,1,10,weekend,279.22222222222223
986,car,1,1,10,weekday,436.85714285714283
987,car,1,1,11,weekend,337.8888888888889
988,car,1,1,11,weekday,421.42857142857144
989,car,1,1,12,weekend,427.1111111111111
990,car,1,1,12,weekday,458.6190476190476
991,car,1,1,13,weekend,424.44444444444446
992,car,1,1,13,weekday,497.95238095238096
993,car,1,1,14,weekend,438.22222222222223
994,car,1,1,14,weekday,505.04761904761904
995,car,1,1,15,weekend,480.6666666666667
996,car,1,1,15,weekday,542.047619047619
997,car,1,1,16,weekend,488.3333333333333
998,car,1,1,16,weekday,542.1428571428571
999,car,1,1,17,weekend,407.55555555555554
1000,car,1,1,17,weekday,472.8095238095238
1001,car,1,1,18,weekend,345.8888888888889
1002,car,1,1,18,weekday,376.3809523809524
1003,car,1,1,19,weekend,320.6666666666667
1004,car,1,1,19,weekday,374.0952380952381
1005,car,1,1,20,weekend,241.88888888888889
1006,car,1,1,20,weekday,259.6190476190476
1007,car,1,1,21,weekend,178.55555555555554
1008,car,1,1,21,weekday,164.1904761904762
1009,car,1,1,22,weekend,151.22222222222223
1010,car,1,1,22,weekday,159.38095238095238
1011,car,1,1,23,weekend,169.66666666666666
1012,car,1,1,23,weekday,157.47619047619048
1013,car,1,3,0,weekend,41.666666666666664
1014,car,1,3,0,weekday,24.0625
1015,car,1,3,1,weekend,28.555555555555557
1016,car,1,3,1,weekday,13.0625
1017,car,1,3,2,weekend,20.0
1018,car,1,3,2,weekday,7.3125
1019,car,1,3,3,weekend,14.777777777777779
1020,car,1,3,3,weekday,6.947368421052632
1021,car,1,3,4,weekend,11.222222222222221
1022,car,1,3,4,weekday,9.857142857142858
1023,car,1,3,5,weekend,15.333333333333334
1024,car,1,3,5,weekday,16.476190476190474
1025,car,1,3,6,weekend,17.333333333333332
1026,car,1,3,6,weekday,41.333333333333336
1027,car,1,3,7,weekend,20.0
1028,car,1,3,7,weekday,95.0
1029,car,1,3,8,weekend,30.666666666666668
1030,car,1,3,8,weekday,132.0952380952381
1031,car,1,3,9,weekend,45.55555555555556
1032,car,1,3,9,weekday,107.80952380952381
1033,car,1,3,10,weekend,52.333333333333336
1034,car,1,3,10,weekday,72.33333333333333
1035,car,1,3,11,weekend,68.77777777777777
1036,car,1,3,11,weekday,70.28571428571429
1037,car,1,3,12,weekend,78.66666666666667
1038,car,1,3,12,weekday,75.66666666666667
1039,car,1,3,13,weekend,75.55555555555556
1040,car,1,3,13,weekday,84.33333333333333
1041,car,1,3,14,weekend,74.66666666666667
1042,car,1,3,14,weekday,73.0952380952381
1043,car,1,3,15,weekend,86.33333333333333
1044,car,1,3,15,weekday,73.0
1045,car,1,3,16,weekend,94.44444444444444
1046,car,1,3,16,weekday,74.85714285714286
1047,car,1,3,17,weekend,92.22222222222223
1048,car,1,3,17,weekday,81.33333333333333
1049,car,1,3,18,weekend,94.22222222222223
1050,car,1,3,18,weekday,90.71428571428571
1051,car,1,3,19,weekend,91.22222222222223
1052,car,1,3,19,weekday,104.14285714285714
1053,car,1,3,20,weekend,58.44444444444444
1054,car,1,3,20,weekday,81.42857142857143
1055,car,1,3,21,weekend,44.22222222222222
1056,car,1,3,21,weekday,43.5
1057,car,1,3,22,weekend,42.111111111111114
1058,car,1,3,22,weekday,39.1764705882353
1059,car,1,3,23,weekend,44.111111111111114
1060,car,1,3,23,weekday,49.375
1061,car,1,6,0,weekend,3.2222222222222223
1062,car,1,6,0,weekday,2.5714285714285716
1063,car,1,6,1,weekend,1.6
1064,car,1,6,1,weekday,1.8181818181818181
1065,car,1,6,2,weekend,1.625
1066,car,1,6,2,weekday,1.375
1067,car,1,6,3,weekend,1.8
1068,car,1,6,3,weekday,1.1428571428571428
1069,car,1,6,4,weekend,1.5
1070,car,1,6,4,weekday,2.111111111111111
1071,car,1,6,5,weekend,1.8
1072,car,1,6,5,weekday,2.75
1073,car,1,6,6,weekend,1.25
1074,car,1,6,6,weekday,4.0476190476190474
1075,car,1,6,7,weekend,2.4
1076,car,1,6,7,weekday,10.0
1077,car,1,6,8,weekend,1.2
1078,car,1,6,8,weekday,7.2
1079,car,1,6,9,weekend,1.8571428571428572
1080,car,1,6,9,weekday,7.684210526315789
1081,car,1,6,10,weekend,2.8333333333333335
1082,car,1,6,10,weekday,4.05
1083,car,1,6,11,weekend,3.111111111111111
1084,car,1,6,11,weekday,4.95
1085,car,1,6,12,weekend,5.666666666666667
1086,car,1,6,12,weekday,9.35
1087,car,1,6,13,weekend,3.4444444444444446
1088,car,1,6,13,weekday,4.761904761904762
1089,car,1,6,14,weekend,3.75
1090,car,1,6,14,weekday,6.523809523809524
1091,car,1,6,15,weekend,4.222222222222222
1092,car,1,6,15,weekday,4.15
1093,car,1,6,16,weekend,2.888888888888889
1094,car,1,6,16,weekday,6.095238095238095
1095,car,1,6,17,weekend,5.777777777777778
1096,car,1,6,17,weekday,25.666666666666668
1097,car,1,6,18,weekend,11.555555555555555
1098,car,1,6,18,weekday,56.57142857142857
1099,car,1,6,19,weekend,11.333333333333334
1100,car,1,6,19,weekday,38.23809523809524
1101,car,1,6,20,weekend,3.2222222222222223
1102,car,1,6,20,weekday,12.333333333333334
1103,car,1,6,21,weekend,4.25
1104,car,1,6,21,weekday,5.95
1105,car,1,6,22,weekend,4.444444444444445
1106,car,1,6,22,weekday,5.619047619047619
1107,car,1,6,23,weekend,4.0
1108,car,1,6,23,weekday,6.105263157894737
1109,car,2,3,0,weekend,30.77777777777778
1110,car,2,3,0,weekday,24.125
1111,car,2,3,1,weekend,18.22222222222222
1112,car,2,3,1,weekday,11.3125
1113,car,2,3,2,weekend,14.777777777777779
1114,car,2,3,2,weekday,7.4375
1115,car,2,3,3,weekend,10.444444444444445
1116,car,2,3,3,weekday,5.105263157894737
1117,car,2,3,4,weekend,8.333333333333334
1118,car,2,3,4,weekday,5.904761904761905
1119,car,2,3,5,weekend,13.444444444444445
1120,car,2,3,5,weekday,10.142857142857142
1121,car,2,3,6,weekend,10.11111111111111
1122,car,2,3,6,weekday,16.38095238095238
1123,car,2,3,7,weekend,11.333333333333334
1124,car,2,3,7,weekday,24.238095238095237
1125,car,2,3,8,weekend,13.333333333333334
1126,car,2,3,8,weekday,50.095238095238095
1127,car,2,3,9,weekend,17.444444444444443
1128,car,2,3,9,weekday,40.95238095238095
1129,car,2,3,10,weekend,17.11111111111111
1130,car,2,3,10,weekday,29.333333333333332
1131,car,2,3,11,weekend,24.88888888888889
1132,car,2,3,11,weekday,31.19047619047619
1133,car,2,3,12,weekend,25.77777777777778
1134,car,2,3,12,weekday,38.23809523809524
1135,car,2,3,13,weekend,23.77777777777778
1136,car,2,3,13,weekday,37.57142857142857
1137,car,2,3,14,weekend,27.666666666666668
1138,car,2,3,14,weekday,36.333333333333336
1139,car,2,3,15,weekend,26.555555555555557
1140,car,2,3,15,weekday,36.42857142857143
1141,car,2,3,16,weekend,27.0
1142,car,2,3,16,weekday,45.333333333333336
1143,car,2,3,17,weekend,34.44444444444444
1144,car,2,3,17,weekday,68.42857142857143
1145,car,2,3,18,weekend,26.444444444444443
1146,car,2,3,18,weekday,84.95238095238095
1147,car,2,3,19,weekend,29.77777777777778
1148,car,2,3,19,weekday,71.47619047619048
1149,car,2,3,20,weekend,20.666666666666668
1150,car,2,3,20,weekday,42.857142857142854
1151,car,2,3,21,weekend,19.333333333333332
1152,car,2,3,21,weekday,22.55
1153,car,2,3,22,weekend,18.11111111111111
1154,car,2,3,22,weekday,27.764705882352942
1155,car,2,3,23,weekend,24.555555555555557
1156,car,2,3,23,weekday,28.6875
1157,car,2,6,0,weekend,119.22222222222223
1158,car,2,6,0,weekday,88.23809523809524
1159,car,2,6,1,weekend,66.11111111111111
1160,car,2,6,1,weekday,46.904761904761905
1161,car,2,6,2,weekend,42.666666666666664
1162,car,2,6,2,weekday,28.285714285714285
1163,car,2,6,3,weekend,36.55555555555556
1164,car,2,6,3,weekday,20.952380952380953
1165,car,2,6,4,weekend,25.333333333333332
1166,car,2,6,4,weekday,23.142857142857142
1167,car,2,6,5,weekend,37.55555555555556
1168,car,2,6,5,weekday,51.04761904761905
1169,car,2,6,6,weekend,36.666666666666664
1170,car,2,6,6,weekday,82.04761904761905
1171,car,2,6,7,weekend,67.66666666666667
1172,car,2,6,7,weekday,189.66666666666666
1173,car,2,6,8,weekend,94.22222222222223
1174,car,2,6,8,weekday,263.85714285714283
1175,car,2,6,9,weekend,143.0
1176,car,2,6,9,weekday,246.0952380952381
1177,car,2,6,10,weekend,190.22222222222223
1178,car,2,6,10,weekday,197.71428571428572
1179,car,2,6,11,weekend,220.88888888888889
1180,car,2,6,11,weekday,209.47619047619048
1181,car,2,6,12,weekend,220.0
1182,car,2,6,12,weekday,253.47619047619048
1183,car,2,6,13,weekend,211.55555555555554
1184,car,2,6,13,weekday,237.42857142857142
1185,car,2,6,14,weekend,233.11111111111111
1186,car,2,6,14,weekday,246.85714285714286
1187,car,2,6,15,weekend,257.6666666666667
1188,car,2,6,15,weekday,258.8095238095238
1189,car,2,6,16,weekend,255.66666666666666
1190,car,2,6,16,weekday,327.04761904761904
1191,car,2,6,17,weekend,250.22222222222223
1192,car,2,6,17,weekday,426.57142857142856
1193,car,2,6,18,weekend,260.44444444444446
1194,car,2,6,18,weekday,439.23809523809524
1195,car,2,6,19,weekend,242.0
1196,car,2,6,19,weekday,395.7142857142857
1197,car,2,6,20,weekend,176.22222222222223
1198,car,2,6,20,weekday,231.61904761904762
1199,car,2,6,21,weekend,118.88888888888889
1200,car,2,6,21,weekday,156.61904761904762
1201,car,2,6,22,weekend,109.33333333333333
1202,car,2,6,22,weekday,154.71428571428572
1203,car,2,6,23,weekend,108.77777777777777
1204,car,2,6,23,weekday,143.47619047619048
1205,car,3,1,0,weekend,86.88888888888889
1206,car,3,1,0,weekday,68.71428571428571
1207,car,3,1,1,weekend,57.44444444444444
1208,car,3,1,1,weekday,36.61904761904762
1209,car,3,1,2,weekend,41.44444444444444
1210,car,3,1,2,weekday,24.238095238095237
1211,car,3,1,3,weekend,32.22222222222222
1212,car,3,1,3,weekday,15.095238095238095
1213,car,3,1,4,weekend,24.88888888888889
1214,car,3,1,4,weekday,16.61904761904762
1215,car,3,1,5,weekend,21.0
1216,car,3,1,5,weekday,25.238095238095237
1217,car,3,1,6,weekend,24.77777777777778
1218,car,3,1,6,weekday,57.857142857142854
1219,car,3,1,7,weekend,19.333333333333332
1220,car,3,1,7,weekday,119.33333333333333
1221,car,3,1,8,weekend,13.777777777777779
1222,car,3,1,8,weekday,133.0952380952381
1223,car,3,1,9,weekend,19.444444444444443
1224,car,3,1,9,weekday,136.47619047619048
1225,car,3,1,10,weekend,29.88888888888889
1226,car,3,1,10,weekday,64.42857142857143
1227,car,3,1,11,weekend,32.333333333333336
1228,car,3,1,11,weekday,65.38095238095238
1229,car,3,1,12,weekend,48.888888888888886
1230,car,3,1,12,weekday,73.33333333333333
1231,car,3,1,13,weekend,42.0
1232,car,3,1,13,weekday,80.47619047619048
1233,car,3,1,14,weekend,43.55555555555556
1234,car,3,1,14,weekday,69.9047619047619
1235,car,3,1,15,weekend,49.44444444444444
1236,car,3,1,15,weekday,65.33333333333333
1237,car,3,1,16,weekend,52.888888888888886
1238,car,3,1,16,weekday,70.76190476190476
1239,car,3,1,17,weekend,103.55555555555556
1240,car,3,1,17,weekday,136.38095238095238
1241,car,3,1,18,weekend,164.55555555555554
1242,car,3,1,18,weekday,226.57142857142858
1243,car,3,1,19,weekend,169.0
1244,car,3,1,19,weekday,213.47619047619048
1245,car,3,1,20,weekend,123.22222222222223
1246,car,3,1,20,weekday,143.42857142857142
1247,car,3,1,21,weekend,80.33333333333333
1248,car,3,1,21,weekday,96.04761904761905
1249,car,3,1,22,weekend,69.22222222222223
1250,car,3,1,22,weekday,93.57142857142857
1251,car,3,1,23,weekend,82.77777777777777
1252,car,3,1,23,weekday,107.0
1253,car,3,3,0,weekend,13.444444444444445
1254,car,3,3,0,weekday,7.125
1255,car,3,3,1,weekend,7.777777777777778
1256,car,3,3,1,weekday,5.0
1257,car,3,3,2,weekend,5.333333333333333
1258,car,3,3,2,weekday,2.642857142857143
1259,car,3,3,3,weekend,3.2222222222222223
1260,car,3,3,3,weekday,2.5
1261,car,3,3,4,weekend,4.0
1262,car,3,3,4,weekday,2.0
1263,car,3,3,5,weekend,3.3333333333333335
1264,car,3,3,5,weekday,2.235294117647059
1265,car,3,3,6,weekend,4.0
1266,car,3,3,6,weekday,6.904761904761905
1267,car,3,3,7,weekend,3.4444444444444446
1268,car,3,3,7,weekday,20.904761904761905
1269,car,3,3,8,weekend,7.222222222222222
1270,car,3,3,8,weekday,45.333333333333336
1271,car,3,3,9,weekend,10.777777777777779
1272,car,3,3,9,weekday,57.714285714285715
1273,car,3,3,10,weekend,16.333333333333332
1274,car,3,3,10,weekday,34.95238095238095
1275,car,3,3,11,weekend,20.555555555555557
1276,car,3,3,11,weekday,27.952380952380953
1277,car,3,3,12,weekend,20.333333333333332
1278,car,3,3,12,weekday,21.571428571428573
1279,car,3,3,13,weekend,17.88888888888889
1280,car,3,3,13,weekday,20.047619047619047
1281,car,3,3,14,weekend,18.77777777777778
1282,car,3,3,14,weekday,20.523809523809526
1283,car,3,3,15,weekend,22.555555555555557
1284,car,3,3,15,weekday,17.666666666666668
1285,car,3,3,16,weekend,26.88888888888889
1286,car,3,3,16,weekday,18.285714285714285
1287,car,3,3,17,weekend,26.77777777777778
1288,car,3,3,17,weekday,23.952380952380953
1289,car,3,3,18,weekend,26.555555555555557
1290,car,3,3,18,weekday,31.428571428571427
1291,car,3,3,19,weekend,21.88888888888889
1292,car,3,3,19,weekday,27.857142857142858
1293,car,3,3,20,weekend,15.444444444444445
1294,car,3,3,20,weekday,16.523809523809526
1295,car,3,3,21,weekend,8.11111111111111
1296,car,3,3,21,weekday,11.85
1297,car,3,3,22,weekend,12.666666666666666
1298,car,3,3,22,weekday,13.0625
1299,car,3,3,23,weekend,14.0
1300,car,3,3,23,weekday,12.0
1301,car,3,6,0,weekend,19.22222222222222
1302,car,3,6,0,weekday,13.125
1303,car,3,6,1,weekend,13.666666666666666
1304,car,3,6,1,weekday,7.8125
1305,car,3,6,2,weekend,8.777777777777779
1306,car,3,6,2,weekday,5.8125
1307,car,3,6,3,weekend,7.875
1308,car,3,6,3,weekday,3.611111111111111
1309,car,3,6,4,weekend,6.0
1310,car,3,6,4,weekday,3.25
1311,car,3,6,5,weekend,6.777777777777778
1312,car,3,6,5,weekday,6.190476190476191
1313,car,3,6,6,weekend,6.777777777777778
1314,car,3,6,6,weekday,18.761904761904763
1315,car,3,6,7,weekend,11.11111111111111
1316,car,3,6,7,weekday,64.66666666666667
1317,car,3,6,8,weekend,15.88888888888889
1318,car,3,6,8,weekday,93.57142857142857
1319,car,3,6,9,weekend,31.88888888888889
1320,car,3,6,9,weekday,79.76190476190476
1321,car,3,6,10,weekend,42.111111111111114
1322,car,3,6,10,weekday,47.57142857142857
1323,car,3,6,11,weekend,46.55555555555556
1324,car,3,6,11,weekday,44.95238095238095
1325,car,3,6,12,weekend,44.22222222222222
1326,car,3,6,12,weekday,52.38095238095238
1327,car,3,6,13,weekend,35.44444444444444
1328,car,3,6,13,weekday,48.0
1329,car,3,6,14,weekend,43.44444444444444
1330,car,3,6,14,weekday,46.42857142857143
1331,car,3,6,15,weekend,46.22222222222222
1332,car,3,6,15,weekday,45.76190476190476
1333,car,3,6,16,weekend,49.888888888888886
1334,car,3,6,16,weekday,54.61904761904762
1335,car,3,6,17,weekend,53.0
1336,car,3,6,17,weekday,65.23809523809524
1337,car,3,6,18,weekend,45.22222222222222
1338,car,3,6,18,weekday,76.04761904761905
1339,car,3,6,19,weekend,41.111111111111114
1340,car,3,6,19,weekday,65.42857142857143
1341,car,3,6,20,weekend,28.444444444444443
1342,car,3,6,20,weekday,36.76190476190476
1343,car,3,6,21,weekend,21.22222222222222
1344,car,3,6,21,weekday,24.285714285714285
1345,car,3,6,22,weekend,17.77777777777778
1346,car,3,6,22,weekday,24.058823529411764
1347,car,3,6,23,weekend,21.333333333333332
1348,car,3,6,23,weekday,23.3125
1349,car,4,6,9,weekday,1.0
1350,car,4,6,10,weekday,1.0
1351,car,4,6,13,weekday,1.0
1352,car,4,6,14,weekend,1.0
1353,car,4,6,15,weekday,1.0
1354,car,4,6,16,weekday,1.0
1355,car,4,6,17,weekday,1.0
1356,car,4,6,18,weekday,1.0
1357,car,4,6,19,weekday,1.0
1358,car,4,6,20,weekday,1.0
1359,car,5,3,0,weekday,1.0
1360,car,5,3,1,weekend,1.0
1361,car,5,3,6,weekend,1.0
1362,car,5,3,7,weekday,1.1111111111111112
1363,car,5,3,8,weekday,2.8
1364,car,5,3,9,weekend,1.0
1365,car,5,3,9,weekday,2.0
1366,car,5,3,10,weekend,1.0
1367,car,5,3,10,weekday,1.1428571428571428
1368,car,5,3,11,weekend,1.0
1369,car,5,3,11,weekday,1.0
1370,car,5,3,12,weekend,1.0
1371,car,5,3,12,weekday,1.6363636363636365
1372,car,5,3,13,weekend,3.0
1373,car,5,3,13,weekday,1.1111111111111112
1374,car,5,3,14,weekend,1.0
1375,car,5,3,14,weekday,1.6666666666666667
1376,car,5,3,15,weekend,1.0
1377,car,5,3,15,weekday,1.0
1378,car,5,3,16,weekend,1.0
1379,car,5,3,16,weekday,1.4285714285714286
1380,car,5,3,17,weekend,2.0
1381,car,5,3,17,weekday,1.9411764705882353
1382,car,5,3,18,weekend,1.5
1383,car,5,3,18,weekday,4.25
1384,car,5,3,19,weekend,1.0
1385,car,5,3,19,weekday,2.6842105263157894
1386,car,5,3,20,weekend,2.0
1387,car,5,3,20,weekday,1.6666666666666667
1388,car,5,3,21,weekend,1.0
1389,car,5,3,21,weekday,1.0
1390,car,5,3,22,weekday,1.25
1391,car,5,3,23,weekend,1.0
1392,car,5,3,23,weekday,1.0
1393,car,5,6,0,weekday,1.0
1394,car,5,6,1,weekend,1.0
1395,car,5,6,4,weekday,1.0
1396,car,5,6,6,weekday,1.0
1397,car,5,6,7,weekday,2.0
1398,car,5,6,8,weekend,1.0
1399,car,5,6,8,weekday,2.4375
1400,car,5,6,9,weekend,4.0
1401,car,5,6,9,weekday,2.2142857142857144
1402,car,5,6,10,weekend,1.0
1403,car,5,6,10,weekday,1.0909090909090908
1404,car,5,6,11,weekend,1.0
1405,car,5,6,11,weekday,1.4444444444444444
1406,car,5,6,12,weekend,1.5
1407,car,5,6,12,weekday,2.25
1408,car,5,6,13,weekend,2.25
1409,car,5,6,13,weekday,1.3571428571428572
1410,car,5,6,14,weekend,1.25
1411,car,5,6,14,weekday,1.7272727272727273
1412,car,5,6,15,weekend,1.0
1413,car,5,6,15,weekday,1.5555555555555556
1414,car,5,6,16,weekend,1.0
1415,car,5,6,16,weekday,1.5
1416,car,5,6,17,weekend,1.6666666666666667
1417,car,5,6,17,weekday,1.5714285714285714
1418,car,5,6,18,weekend,2.0
1419,car,5,6,18,weekday,4.277777777777778
1420,car,5,6,19,weekday,1.7647058823529411
1421,car,5,6,20,weekend,1.3333333333333333
1422,car,5,6,20,weekday,1.7777777777777777
1423,car,5,6,21,weekday,1.0
1424,car,5,6,22,weekend,1.0
1425,car,5,6,22,weekday,1.3333333333333333
1426,car,5,6,23,weekend,1.0
1427,car,5,6,23,weekday,1.0
1428,motorcycle,1,1,0,weekend,5.222222222222222
1429,motorcycle,1,1,0,weekday,3.6
1430,motorcycle,1,1,1,weekend,2.7142857142857144
1431,motorcycle,1,1,1,weekday,1.7647058823529411
1432,motorcycle,1,1,2,weekend,1.75
1433,motorcycle,1,1,2,weekday,2.0833333333333335
1434,motorcycle,1,1,3,weekend,1.6
1435,motorcycle,1,1,3,weekday,1.25
1436,motorcycle,1,1,4,weekend,2.0
1437,motorcycle,1,1,4,weekday,1.4285714285714286
1438,motorcycle,1,1,5,weekend,1.3333333333333333
1439,motorcycle,1,1,5,weekday,1.1428571428571428
1440,motorcycle,1,1,6,weekend,1.0
1441,motorcycle,1,1,6,weekday,3.6315789473684212
1442,motorcycle,1,1,7,weekend,2.875
1443,motorcycle,1,1,7,weekday,10.6
1444,motorcycle,1,1,8,weekend,11.555555555555555
1445,motorcycle,1,1,8,weekday,67.0
1446,motorcycle,1,1,9,weekend,17.666666666666668
1447,motorcycle,1,1,9,weekday,72.85714285714286
1448,motorcycle,1,1,10,weekend,21.11111111111111
1449,motorcycle,1,1,10,weekday,39.61904761904762
1450,motorcycle,1,1,11,weekend,23.11111111111111
1451,motorcycle,1,1,11,weekday,35.76190476190476
1452,motorcycle,1,1,12,weekend,34.44444444444444
1453,motorcycle,1,1,12,weekday,45.904761904761905
1454,motorcycle,1,1,13,weekend,39.666666666666664
1455,motorcycle,1,1,13,weekday,48.095238095238095
1456,motorcycle,1,1,14,weekend,40.666666666666664
1457,motorcycle,1,1,14,weekday,46.666666666666664
1458,motorcycle,1,1,15,weekend,42.0
1459,motorcycle,1,1,15,weekday,51.857142857142854
1460,motorcycle,1,1,16,weekend,40.0
1461,motorcycle,1,1,16,weekday,49.333333333333336
1462,motorcycle,1,1,17,weekend,22.22222222222222
1463,motorcycle,1,1,17,weekday,32.95238095238095
1464,motorcycle,1,1,18,weekend,11.222222222222221
1465,motorcycle,1,1,18,weekday,24.8
1466,motorcycle,1,1,19,weekend,12.555555555555555
1467,motorcycle,1,1,19,weekday,24.25
1468,motorcycle,1,1,20,weekend,8.222222222222221
1469,motorcycle,1,1,20,weekday,17.210526315789473
1470,motorcycle,1,1,21,weekend,5.888888888888889
1471,motorcycle,1,1,21,weekday,9.68421052631579
1472,motorcycle,1,1,22,weekend,5.555555555555555
1473,motorcycle,1,1,22,weekday,7.473684210526316
1474,motorcycle,1,1,23,weekend,5.25
1475,motorcycle,1,1,23,weekday,7.111111111111111
1476,motorcycle,1,3,0,weekend,1.6
1477,motorcycle,1,3,0,weekday,1.6666666666666667
1478,motorcycle,1,3,1,weekend,1.2
1479,motorcycle,1,3,1,weekday,1.0
1480,motorcycle,1,3,2,weekend,1.0
1481,motorcycle,1,3,2,weekday,1.0
1482,motorcycle,1,3,3,weekend,1.1666666666666667
1483,motorcycle,1,3,3,weekday,1.5
1484,motorcycle,1,3,4,weekend,1.0
1485,motorcycle,1,3,5,weekend,1.0
1486,motorcycle,1,3,5,weekday,1.0
1487,motorcycle,1,3,6,weekend,1.0
1488,motorcycle,1,3,6,weekday,1.3333333333333333
1489,motorcycle,1,3,7,weekend,1.0
1490,motorcycle,1,3,7,weekday,4.75
1491,motorcycle,1,3,8,weekend,2.2857142857142856
1492,motorcycle,1,3,8,weekday,19.333333333333332
1493,motorcycle,1,3,9,weekend,3.888888888888889
1494,motorcycle,1,3,9,weekday,16.857142857142858
1495,motorcycle,1,3,10,weekend,4.0
1496,motorcycle,1,3,10,weekday,7.428571428571429
1497,motorcycle,1,3,11,weekend,3.6666666666666665
1498,motorcycle,1,3,11,weekday,8.476190476190476
1499,motorcycle,1,3,12,weekend,6.333333333333333
1500,motorcycle,1,3,12,weekday,11.333333333333334
1501,motorcycle,1,3,13,weekend,8.555555555555555
1502,motorcycle,1,3,13,weekday,12.761904761904763
1503,motorcycle,1,3,14,weekend,7.555555555555555
1504,motorcycle,1,3,14,weekday,8.80952380952381
1505,motorcycle,1,3,15,weekend,7.0
1506,motorcycle,1,3,15,weekday,9.142857142857142
1507,motorcycle,1,3,16,weekend,8.222222222222221
1508,motorcycle,1,3,16,weekday,9.666666666666666
1509,motorcycle,1,3,17,weekend,5.571428571428571
1510,motorcycle,1,3,17,weekday,7.75
1511,motorcycle,1,3,18,weekend,3.6666666666666665
1512,motorcycle,1,3,18,weekday,7.764705882352941
1513,motorcycle,1,3,19,weekend,3.25
1514,motorcycle,1,3,19,weekday,5.705882352941177
1515,motorcycle,1,3,20,weekend,3.375
1516,motorcycle,1,3,20,weekday,5.15
1517,motorcycle,1,3,21,weekend,2.111111111111111
1518,motorcycle,1,3,21,weekday,2.75
1519,motorcycle,1,3,22,weekend,2.875
1520,motorcycle,1,3,22,weekday,2.727272727272727
1521,motorcycle,1,3,23,weekend,2.6666666666666665
1522,motorcycle,1,3,23,weekday,2.7777777777777777
1523,motorcycle,1,5,17,weekday,1.0
1524,motorcycle,1,6,0,weekend,1.0
1525,motorcycle,1,6,0,weekday,1.0
1526,motorcycle,1,6,2,weekend,1.0
1527,motorcycle,1,6,2,weekday,1.0
1528,motorcycle,1,6,4,weekend,1.0
1529,motorcycle,1,6,5,weekend,1.0
1530,motorcycle,1,6,5,weekday,1.0
1531,motorcycle,1,6,6,weekend,1.5
1532,motorcycle,1,6,6,weekday,2.4
1533,motorcycle,1,6,7,weekend,1.0
1534,motorcycle,1,6,7,weekday,3.2
1535,motorcycle,1,6,8,weekday,3.25
1536,motorcycle,1,6,9,weekend,1.0
1537,motorcycle,1,6,9,weekday,3.1666666666666665
1538,motorcycle,1,6,10,weekend,1.0
1539,motorcycle,1,6,10,weekday,1.5625
1540,motorcycle,1,6,11,weekend,1.3333333333333333
1541,motorcycle,1,6,11,weekday,1.3
1542,motorcycle,1,6,12,weekend,1.25
1543,motorcycle,1,6,12,weekday,2.1666666666666665
1544,motorcycle,1,6,13,weekend,1.5
1545,motorcycle,1,6,13,weekday,2.0
1546,motorcycle,1,6,14,weekend,1.0
1547,motorcycle,1,6,14,weekday,1.7
1548,motorcycle,1,6,15,weekend,1.0
1549,motorcycle,1,6,15,weekday,1.75
1550,motorcycle,1,6,16,weekend,1.0
1551,motorcycle,1,6,16,weekday,2.0
1552,motorcycle,1,6,17,weekend,2.0
1553,motorcycle,1,6,17,weekday,6.842105263157895
1554,motorcycle,1,6,18,weekend,2.875
1555,motorcycle,1,6,18,weekday,12.88888888888889
1556,motorcycle,1,6,19,weekend,3.142857142857143
1557,motorcycle,1,6,19,weekday,8.210526315789474
1558,motorcycle,1,6,20,weekend,1.1428571428571428
1559,motorcycle,1,6,20,weekday,4.526315789473684
1560,motorcycle,1,6,21,weekend,1.0
1561,motorcycle,1,6,21,weekday,1.9333333333333333
1562,motorcycle,1,6,22,weekend,1.25
1563,motorcycle,1,6,22,weekday,1.1538461538461537
1564,motorcycle,1,6,23,weekend,2.6666666666666665
1565,motorcycle,1,6,23,weekday,1.3
1566,motorcycle,2,3,0,weekend,2.857142857142857
1567,motorcycle,2,3,0,weekday,2.5
1568,motorcycle,2,3,1,weekend,1.7777777777777777
1569,motorcycle,2,3,1,weekday,2.1
1570,motorcycle,2,3,2,weekend,1.1428571428571428
1571,motorcycle,2,3,2,weekday,1.1666666666666667
1572,motorcycle,2,3,3,weekend,1.0
1573,motorcycle,2,3,3,weekday,1.25
1574,motorcycle,2,3,4,weekend,1.5
1575,motorcycle,2,3,4,weekday,1.5
1576,motorcycle,2,3,5,weekend,1.4
1577,motorcycle,2,3,5,weekday,1.5
1578,motorcycle,2,3,6,weekend,1.4
1579,motorcycle,2,3,6,weekday,1.2
1580,motorcycle,2,3,7,weekend,1.3333333333333333
1581,motorcycle,2,3,7,weekday,1.4375
1582,motorcycle,2,3,8,weekend,1.75
1583,motorcycle,2,3,8,weekday,4.473684210526316
1584,motorcycle,2,3,9,weekend,2.125
1585,motorcycle,2,3,9,weekday,5.4
1586,motorcycle,2,3,10,weekend,3.0
1587,motorcycle,2,3,10,weekday,3.3684210526315788
1588,motorcycle,2,3,11,weekend,1.0
1589,motorcycle,2,3,11,weekday,3.238095238095238
1590,motorcycle,2,3,12,weekend,1.875
1591,motorcycle,2,3,12,weekday,4.285714285714286
1592,motorcycle,2,3,13,weekend,2.7777777777777777
1593,motorcycle,2,3,13,weekday,4.476190476190476
1594,motorcycle,2,3,14,weekend,2.875
1595,motorcycle,2,3,14,weekday,3.55
1596,motorcycle,2,3,15,weekend,3.25
1597,motorcycle,2,3,15,weekday,3.3157894736842106
1598,motorcycle,2,3,16,weekend,2.375
1599,motorcycle,2,3,16,weekday,4.05
1600,motorcycle,2,3,17,weekend,2.5555555555555554
1601,motorcycle,2,3,17,weekday,5.75
1602,motorcycle,2,3,18,weekend,2.0
1603,motorcycle,2,3,18,weekday,11.333333333333334
1604,motorcycle,2,3,19,weekend,3.0
1605,motorcycle,2,3,19,weekday,7.142857142857143
1606,motorcycle,2,3,20,weekend,1.5714285714285714
1607,motorcycle,2,3,20,weekday,4.095238095238095
1608,motorcycle,2,3,21,weekend,2.857142857142857
1609,motorcycle,2,3,21,weekday,3.2222222222222223
1610,motorcycle,2,3,22,weekend,1.8571428571428572
1611,motorcycle,2,3,22,weekday,2.3529411764705883
1612,motorcycle,2,3,23,weekend,1.5555555555555556
1613,motorcycle,2,3,23,weekday,2.357142857142857
1614,motorcycle,2,5,0,weekend,1.0
1615,motorcycle,2,5,0,weekday,4.0
1616,motorcycle,2,5,1,weekend,1.0
1617,motorcycle,2,5,1,weekday,1.0
1618,motorcycle,2,5,2,weekend,1.0
1619,motorcycle,2,5,2,weekday,3.0
1620,motorcycle,2,5,3,weekday,2.0
1621,motorcycle,2,5,4,weekend,1.0
1622,motorcycle,2,5,4,weekday,1.25
1623,motorcycle,2,5,5,weekend,1.0
1624,motorcycle,2,5,5,weekday,1.5
1625,motorcycle,2,5,6,weekend,1.0
1626,motorcycle,2,5,6,weekday,1.6
1627,motorcycle,2,5,7,weekday,1.2
1628,motorcycle,2,5,8,weekday,1.5
1629,motorcycle,2,5,9,weekend,1.5
1630,motorcycle,2,5,9,weekday,2.0
1631,motorcycle,2,5,10,weekend,1.0
1632,motorcycle,2,5,10,weekday,1.0
1633,motorcycle,2,5,11,weekend,1.3333333333333333
1634,motorcycle,2,5,11,weekday,1.1
1635,motorcycle,2,5,12,weekend,1.6666666666666667
1636,motorcycle,2,5,12,weekday,1.375
1637,motorcycle,2,5,13,weekend,1.0
1638,motorcycle,2,5,13,weekday,1.6153846153846154
1639,motorcycle,2,5,14,weekend,1.0
1640,motorcycle,2,5,14,weekday,1.875
1641,motorcycle,2,5,15,weekend,1.0
1642,motorcycle,2,5,15,weekday,1.7692307692307692
1643,motorcycle,2,5,16,weekday,1.375
1644,motorcycle,2,5,17,weekend,1.3333333333333333
1645,motorcycle,2,5,17,weekday,2.0
1646,motorcycle,2,5,18,weekend,1.8333333333333333
1647,motorcycle,2,5,18,weekday,1.9285714285714286
1648,motorcycle,2,5,19,weekend,1.3333333333333333
1649,motorcycle,2,5,19,weekday,1.6111111111111112
1650,motorcycle,2,5,20,weekend,1.1666666666666667
1651,motorcycle,2,5,20,weekday,1.5714285714285714
1652,motorcycle,2,5,21,weekend,1.5
1653,motorcycle,2,5,21,weekday,2.4285714285714284
1654,motorcycle,2,5,22,weekend,2.0
1655,motorcycle,2,5,22,weekday,1.0
1656,motorcycle,2,5,23,weekend,1.0
1657,motorcycle,2,5,23,weekday,1.0
1658,motorcycle,2,6,0,weekend,14.88888888888889
1659,motorcycle,2,6,0,weekday,13.952380952380953
1660,motorcycle,2,6,1,weekend,9.666666666666666
1661,motorcycle,2,6,1,weekday,7.315789473684211
1662,motorcycle,2,6,2,weekend,8.444444444444445
1663,motorcycle,2,6,2,weekday,4.117647058823529
1664,motorcycle,2,6,3,weekend,6.222222222222222
1665,motorcycle,2,6,3,weekday,4.315789473684211
1666,motorcycle,2,6,4,weekend,5.333333333333333
1667,motorcycle,2,6,4,weekday,5.428571428571429
1668,motorcycle,2,6,5,weekend,6.444444444444445
1669,motorcycle,2,6,5,weekday,6.333333333333333
1670,motorcycle,2,6,6,weekend,5.666666666666667
1671,motorcycle,2,6,6,weekday,14.476190476190476
1672,motorcycle,2,6,7,weekend,7.777777777777778
1673,motorcycle,2,6,7,weekday,36.23809523809524
1674,motorcycle,2,6,8,weekend,17.22222222222222
1675,motorcycle,2,6,8,weekday,111.95238095238095
1676,motorcycle,2,6,9,weekend,26.444444444444443
1677,motorcycle,2,6,9,weekday,100.76190476190476
1678,motorcycle,2,6,10,weekend,33.22222222222222
1679,motorcycle,2,6,10,weekday,55.285714285714285
1680,motorcycle,2,6,11,weekend,37.111111111111114
1681,motorcycle,2,6,11,weekday,60.23809523809524
1682,motorcycle,2,6,12,weekend,46.55555555555556
1683,motorcycle,2,6,12,weekday,81.0
1684,motorcycle,2,6,13,weekend,51.111111111111114
1685,motorcycle,2,6,13,weekday,76.33333333333333
1686,motorcycle,2,6,14,weekend,50.44444444444444
1687,motorcycle,2,6,14,weekday,62.523809523809526
1688,motorcycle,2,6,15,weekend,46.666666666666664
1689,motorcycle,2,6,15,weekday,60.19047619047619
1690,motorcycle,2,6,16,weekend,48.0
1691,motorcycle,2,6,16,weekday,57.0
1692,motorcycle,2,6,17,weekend,40.888888888888886
1693,motorcycle,2,6,17,weekday,72.0952380952381
1694,motorcycle,2,6,18,weekend,43.888888888888886
1695,motorcycle,2,6,18,weekday,90.85714285714286
1696,motorcycle,2,6,19,weekend,48.888888888888886
1697,motorcycle,2,6,19,weekday,87.23809523809524
1698,motorcycle,2,6,20,weekend,50.55555555555556
1699,motorcycle,2,6,20,weekday,60.095238095238095
1700,motorcycle,2,6,21,weekend,37.888888888888886
1701,motorcycle,2,6,21,weekday,47.095238095238095
1702,motorcycle,2,6,22,weekend,25.555555555555557
1703,motorcycle,2,6,22,weekday,31.523809523809526
1704,motorcycle,2,6,23,weekend,20.444444444444443
1705,motorcycle,2,6,23,weekday,22.19047619047619
1706,motorcycle,3,1,0,weekend,4.714285714285714
1707,motorcycle,3,1,0,weekday,4.894736842105263
1708,motorcycle,3,1,1,weekend,2.8333333333333335
1709,motorcycle,3,1,1,weekday,2.210526315789474
1710,motorcycle,3,1,2,weekend,3.142857142857143
1711,motorcycle,3,1,2,weekday,1.9333333333333333
1712,motorcycle,3,1,3,weekend,1.8571428571428572
1713,motorcycle,3,1,3,weekday,1.3636363636363635
1714,motorcycle,3,1,4,weekend,1.4
1715,motorcycle,3,1,4,weekday,2.0
1716,motorcycle,3,1,5,weekend,1.4
1717,motorcycle,3,1,5,weekday,1.9285714285714286
1718,motorcycle,3,1,6,weekend,1.0
1719,motorcycle,3,1,6,weekday,4.809523809523809
1720,motorcycle,3,1,7,weekend,2.5
1721,motorcycle,3,1,7,weekday,10.952380952380953
1722,motorcycle,3,1,8,weekend,2.625
1723,motorcycle,3,1,8,weekday,29.476190476190474
1724,motorcycle,3,1,9,weekend,2.4285714285714284
1725,motorcycle,3,1,9,weekday,31.55
1726,motorcycle,3,1,10,weekend,4.222222222222222
1727,motorcycle,3,1,10,weekday,11.0
1728,motorcycle,3,1,11,weekend,6.25
1729,motorcycle,3,1,11,weekday,14.476190476190476
1730,motorcycle,3,1,12,weekend,11.0
1731,motorcycle,3,1,12,weekday,22.714285714285715
1732,motorcycle,3,1,13,weekend,15.333333333333334
1733,motorcycle,3,1,13,weekday,23.095238095238095
1734,motorcycle,3,1,14,weekend,16.0
1735,motorcycle,3,1,14,weekday,20.80952380952381
1736,motorcycle,3,1,15,weekend,12.222222222222221
1737,motorcycle,3,1,15,weekday,13.619047619047619
1738,motorcycle,3,1,16,weekend,11.0
1739,motorcycle,3,1,16,weekday,14.80952380952381
1740,motorcycle,3,1,17,weekend,10.444444444444445
1741,motorcycle,3,1,17,weekday,23.476190476190474
1742,motorcycle,3,1,18,weekend,10.222222222222221
1743,motorcycle,3,1,18,weekday,31.857142857142858
1744,motorcycle,3,1,19,weekend,10.555555555555555
1745,motorcycle,3,1,19,weekday,31.80952380952381
1746,motorcycle,3,1,20,weekend,10.11111111111111
1747,motorcycle,3,1,20,weekday,24.38095238095238
1748,motorcycle,3,1,21,weekend,6.888888888888889
1749,motorcycle,3,1,21,weekday,16.047619047619047
1750,motorcycle,3,1,22,weekend,6.333333333333333
1751,motorcycle,3,1,22,weekday,12.19047619047619
1752,motorcycle,3,1,23,weekend,6.111111111111111
1753,motorcycle,3,1,23,weekday,9.80952380952381
1754,motorcycle,3,3,0,weekend,1.25
1755,motorcycle,3,3,1,weekday,1.0
1756,motorcycle,3,3,2,weekday,1.0
1757,motorcycle,3,3,3,weekend,1.0
1758,motorcycle,3,3,3,weekday,1.0
1759,motorcycle,3,3,4,weekend,1.0
1760,motorcycle,3,3,4,weekday,1.0
1761,motorcycle,3,3,5,weekend,1.0
1762,motorcycle,3,3,5,weekday,1.0
1763,motorcycle,3,3,6,weekend,1.0
1764,motorcycle,3,3,6,weekday,1.0
1765,motorcycle,3,3,7,weekday,1.8666666666666667
1766,motorcycle,3,3,8,weekday,5.8
1767,motorcycle,3,3,9,weekend,1.0
1768,motorcycle,3,3,9,weekday,7.684210526315789
1769,motorcycle,3,3,10,weekend,1.0
1770,motorcycle,3,3,10,weekday,4.3
1771,motorcycle,3,3,11,weekend,1.1666666666666667
1772,motorcycle,3,3,11,weekday,3.1666666666666665
1773,motorcycle,3,3,12,weekend,1.7777777777777777
1774,motorcycle,3,3,12,weekday,5.142857142857143
1775,motorcycle,3,3,13,weekend,2.1666666666666665
1776,motorcycle,3,3,13,weekday,4.857142857142857
1777,motorcycle,3,3,14,weekend,2.0
1778,motorcycle,3,3,14,weekday,4.85
1779,motorcycle,3,3,15,weekend,1.4285714285714286
1780,motorcycle,3,3,15,weekday,3.1578947368421053
1781,motorcycle,3,3,16,weekend,2.4285714285714284
1782,motorcycle,3,3,16,weekday,4.0476190476190474
1783,motorcycle,3,3,17,weekend,2.0
1784,motorcycle,3,3,17,weekday,5.25
1785,motorcycle,3,3,18,weekend,1.625
1786,motorcycle,3,3,18,weekday,9.157894736842104
1787,motorcycle,3,3,19,weekend,2.0
1788,motorcycle,3,3,19,weekday,7.578947368421052
1789,motorcycle,3,3,20,weekend,1.6
1790,motorcycle,3,3,20,weekday,4.421052631578948
1791,motorcycle,3,3,21,weekend,1.75
1792,motorcycle,3,3,21,weekday,1.875
1793,motorcycle,3,3,22,weekend,1.5
1794,motorcycle,3,3,22,weekday,1.7777777777777777
1795,motorcycle,3,3,23,weekday,1.4
1796,motorcycle,3,5,8,weekday,1.0
1797,motorcycle,3,5,13,weekday,1.0
1798,motorcycle,3,5,14,weekday,1.0
1799,motorcycle,3,5,17,weekday,1.0
1800,motorcycle,3,5,18,weekday,1.0
1801,motorcycle,3,5,19,weekday,1.0
1802,motorcycle,3,5,20,weekday,1.0
1803,motorcycle,3,5,21,weekday,1.0
1804,motorcycle,3,5,23,weekday,1.0
1805,motorcycle,3,6,0,weekend,3.75
1806,motorcycle,3,6,0,weekday,2.9285714285714284
1807,motorcycle,3,6,1,weekend,4.222222222222222
1808,motorcycle,3,6,1,weekday,2.923076923076923
1809,motorcycle,3,6,2,weekend,2.625
1810,motorcycle,3,6,2,weekday,2.3333333333333335
1811,motorcycle,3,6,3,weekend,2.1666666666666665
1812,motorcycle,3,6,3,weekday,1.9
1813,motorcycle,3,6,4,weekend,2.8
1814,motorcycle,3,6,4,weekday,1.3
1815,motorcycle,3,6,5,weekend,1.75
1816,motorcycle,3,6,5,weekday,3.3684210526315788
1817,motorcycle,3,6,6,weekend,2.0
1818,motorcycle,3,6,6,weekday,3.380952380952381
1819,motorcycle,3,6,7,weekend,2.25
1820,motorcycle,3,6,7,weekday,6.476190476190476
1821,motorcycle,3,6,8,weekend,2.4285714285714284
1822,motorcycle,3,6,8,weekday,21.333333333333332
1823,motorcycle,3,6,9,weekend,3.4444444444444446
1824,motorcycle,3,6,9,weekday,14.0
1825,motorcycle,3,6,10,weekend,4.333333333333333
1826,motorcycle,3,6,10,weekday,7.619047619047619
1827,motorcycle,3,6,11,weekend,4.444444444444445
1828,motorcycle,3,6,11,weekday,7.666666666666667
1829,motorcycle,3,6,12,weekend,6.333333333333333
1830,motorcycle,3,6,12,weekday,12.714285714285714
1831,motorcycle,3,6,13,weekend,6.111111111111111
1832,motorcycle,3,6,13,weekday,14.0
1833,motorcycle,3,6,14,weekend,5.111111111111111
1834,motorcycle,3,6,14,weekday,9.666666666666666
1835,motorcycle,3,6,15,weekend,7.444444444444445
1836,motorcycle,3,6,15,weekday,8.285714285714286
1837,motorcycle,3,6,16,weekend,7.111111111111111
1838,motorcycle,3,6,16,weekday,9.523809523809524
1839,motorcycle,3,6,17,weekend,8.0
1840,motorcycle,3,6,17,weekday,11.523809523809524
1841,motorcycle,3,6,18,weekend,7.555555555555555
1842,motorcycle,3,6,18,weekday,19.333333333333332
1843,motorcycle,3,6,19,weekend,7.777777777777778
1844,motorcycle,3,6,19,weekday,15.523809523809524
1845,motorcycle,3,6,20,weekend,7.222222222222222
1846,motorcycle,3,6,20,weekday,8.75
1847,motorcycle,3,6,21,weekend,4.888888888888889
1848,motorcycle,3,6,21,weekday,6.238095238095238
1849,motorcycle,3,6,22,weekend,3.7777777777777777
1850,motorcycle,3,6,22,weekday,5.75
1851,motorcycle,3,6,23,weekend,4.777777777777778
1852,motorcycle,3,6,23,weekday,5.647058823529412
1853,motorcycle,4,5,0,weekday,1.0
1854,motorcycle,4,5,6,weekday,1.0
1855,motorcycle,4,5,7,weekday,1.0
1856,motorcycle,4,5,8,weekday,1.0
1857,motorcycle,4,5,9,weekday,1.0
1858,motorcycle,4,5,10,weekday,1.0
1859,motorcycle,4,5,11,weekend,1.0
1860,motorcycle,4,5,11,weekday,1.0
1861,motorcycle,4,5,12,weekend,1.0
1862,motorcycle,4,5,12,weekday,1.2
1863,motorcycle,4,5,13,weekday,1.25
1864,motorcycle,4,5,14,weekend,1.0
1865,motorcycle,4,5,14,weekday,1.25
1866,motorcycle,4,5,15,weekday,1.0
1867,motorcycle,4,5,16,weekday,1.0
1868,motorcycle,4,5,17,weekday,1.2222222222222223
1869,motorcycle,4,5,18,weekend,1.0
1870,motorcycle,4,5,18,weekday,1.25
1871,motorcycle,4,5,19,weekday,1.3333333333333333
1872,motorcycle,4,5,20,weekend,1.0
1873,motorcycle,4,5,20,weekday,1.5555555555555556
1874,motorcycle,4,5,21,weekday,1.0
1875,motorcycle,4,5,23,weekday,1.0
1876,motorcycle,4,6,0,weekday,1.3333333333333333
1877,motorcycle,4,6,3,weekend,1.0
1878,motorcycle,4,6,8,weekday,1.0
1879,motorcycle,4,6,9,weekday,1.0
1880,motorcycle,4,6,10,weekend,1.0
1881,motorcycle,4,6,10,weekday,1.0
1882,motorcycle,4,6,11,weekend,1.0
1883,motorcycle,4,6,11,weekday,1.0
1884,motorcycle,4,6,12,weekend,1.0
1885,motorcycle,4,6,12,weekday,1.0
1886,motorcycle,4,6,13,weekend,3.0
1887,motorcycle,4,6,13,weekday,1.3333333333333333
1888,motorcycle,4,6,14,weekend,1.5
1889,motorcycle,4,6,14,weekday,1.3333333333333333
1890,motorcycle,4,6,15,weekend,1.3333333333333333
1891,motorcycle,4,6,15,weekday,1.0
1892,motorcycle,4,6,16,weekday,1.0
1893,motorcycle,4,6,17,weekend,1.0
1894,motorcycle,4,6,17,weekday,1.7142857142857142
1895,motorcycle,4,6,18,weekend,1.5
1896,motorcycle,4,6,18,weekday,1.4285714285714286
1897,motorcycle,4,6,19,weekend,1.0
1898,motorcycle,4,6,19,weekday,1.9166666666666667
1899,motorcycle,4,6,20,weekend,1.25
1900,motorcycle,4,6,20,weekday,1.375
1901,motorcycle,4,6,21,weekend,2.0
1902,motorcycle,4,6,21,weekday,1.2222222222222223
1903,motorcycle,4,6,22,weekend,1.0
1904,motorcycle,4,6,22,weekday,1.2
1905,motorcycle,4,6,23,weekend,1.0
1906,motorcycle,4,6,23,weekday,1.3333333333333333
1907,motorcycle,5,3,0,weekday,1.0
1908,motorcycle,5,3,1,weekend,1.0
1909,motorcycle,5,3,1,weekday,1.0
1910,motorcycle,5,3,2,weekend,1.0
1911,motorcycle,5,3,4,weekday,1.0
1912,motorcycle,5,3,6,weekend,1.0
1913,motorcycle,5,3,7,weekday,1.1666666666666667
1914,motorcycle,5,3,8,weekend,1.0
1915,motorcycle,5,3,8,weekday,3.7777777777777777
1916,motorcycle,5,3,9,weekday,4.0
1917,motorcycle,5,3,10,weekend,2.0
1918,motorcycle,5,3,10,weekday,1.5714285714285714
1919,motorcycle,5,3,11,weekday,1.7692307692307692
1920,motorcycle,5,3,12,weekend,1.0
1921,motorcycle,5,3,12,weekday,2.1875
1922,motorcycle,5,3,13,weekend,1.0
1923,motorcycle,5,3,13,weekday,2.235294117647059
1924,motorcycle,5,3,14,weekend,1.3333333333333333
1925,motorcycle,5,3,14,weekday,2.0
1926,motorcycle,5,3,15,weekend,1.0
1927,motorcycle,5,3,15,weekday,1.7142857142857142
1928,motorcycle,5,3,16,weekend,2.0
1929,motorcycle,5,3,16,weekday,1.6666666666666667
1930,motorcycle,5,3,17,weekend,1.5
1931,motorcycle,5,3,17,weekday,3.473684210526316
1932,motorcycle,5,3,18,weekend,1.0
1933,motorcycle,5,3,18,weekday,5.55
1934,motorcycle,5,3,19,weekday,4.315789473684211
1935,motorcycle,5,3,20,weekend,1.5
1936,motorcycle,5,3,20,weekday,1.6666666666666667
1937,motorcycle,5,3,21,weekend,1.0
1938,motorcycle,5,3,21,weekday,1.4
1939,motorcycle,5,3,22,weekend,1.0
1940,motorcycle,5,3,22,weekday,1.1666666666666667
1941,motorcycle,5,3,23,weekend,1.0
1942,motorcycle,5,3,23,weekday,1.0
1943,motorcycle,5,5,0,weekend,1.0
1944,motorcycle,5,5,1,weekday,1.0
1945,motorcycle,5,5,2,weekday,1.0
1946,motorcycle,5,5,4,weekday,1.0
1947,motorcycle,5,5,6,weekday,1.0
1948,motorcycle,5,5,7,weekday,1.0
1949,motorcycle,5,5,8,weekday,1.25
1950,motorcycle,5,5,9,weekend,1.5
1951,motorcycle,5,5,9,weekday,1.2857142857142858
1952,motorcycle,5,5,10,weekend,1.0
1953,motorcycle,5,5,10,weekday,1.2857142857142858
1954,motorcycle,5,5,11,weekend,1.0
1955,motorcycle,5,5,11,weekday,1.0
1956,motorcycle,5,5,12,weekend,1.0
1957,motorcycle,5,5,12,weekday,1.0
1958,motorcycle,5,5,13,weekend,1.0
1959,motorcycle,5,5,13,weekday,1.2857142857142858
1960,motorcycle,5,5,14,weekend,2.0
1961,motorcycle,5,5,14,weekday,1.3333333333333333
1962,motorcycle,5,5,15,weekend,1.0
1963,motorcycle,5,5,15,weekday,1.0
1964,motorcycle,5,5,16,weekend,1.5
1965,motorcycle,5,5,16,weekday,1.4
1966,motorcycle,5,5,17,weekend,2.0
1967,motorcycle,5,5,17,weekday,1.0
1968,motorcycle,5,5,18,weekend,1.0
1969,motorcycle,5,5,18,weekday,1.625
1970,motorcycle,5,5,19,weekend,1.0
1971,motorcycle,5,5,19,weekday,2.1666666666666665
1972,motorcycle,5,5,20,weekend,1.0
1973,motorcycle,5,5,20,weekday,1.5
1974,motorcycle,5,5,21,weekday,1.0
1975,motorcycle,5,5,22,weekday,1.5
1976,motorcycle,5,6,0,weekday,1.0
1977,motorcycle,5,6,6,weekday,1.0
1978,motorcycle,5,6,7,weekend,1.0
1979,motorcycle,5,6,7,weekday,1.5714285714285714
1980,motorcycle,5,6,8,weekend,1.0
1981,motorcycle,5,6,8,weekday,2.2857142857142856
1982,motorcycle,5,6,9,weekday,2.4
1983,motorcycle,5,6,10,weekend,1.5
1984,motorcycle,5,6,10,weekday,1.1111111111111112
1985,motorcycle,5,6,11,weekend,1.0
1986,motorcycle,5,6,11,weekday,1.4285714285714286
1987,motorcycle,5,6,12,weekend,2.0
1988,motorcycle,5,6,12,weekday,2.5833333333333335
1989,motorcycle,5,6,13,weekend,1.2
1990,motorcycle,5,6,13,weekday,1.7857142857142858
1991,motorcycle,5,6,14,weekend,2.25
1992,motorcycle,5,6,14,weekday,1.4545454545454546
1993,motorcycle,5,6,15,weekend,1.5
1994,motorcycle,5,6,15,weekday,1.9090909090909092
1995,motorcycle,5,6,16,weekend,1.0
1996,motorcycle,5,6,16,weekday,1.0
1997,motorcycle,5,6,17,weekend,1.0
1998,motorcycle,5,6,17,weekday,1.1818181818181819
1999,motorcycle,5,6,18,weekend,3.0
2000,motorcycle,5,6,18,weekday,2.466666666666667
2001,motorcycle,5,6,19,weekend,2.0
2002,motorcycle,5,6,19,weekday,2.3333333333333335
2003,motorcycle,5,6,20,weekend,1.6666666666666667
2004,motorcycle,5,6,20,weekday,1.1538461538461537
2005,motorcycle,5,6,21,weekend,3.0
2006,motorcycle,5,6,21,weekday,1.2
2007,motorcycle,5,6,22,weekday,2.0
2008,motorcycle,5,6,23,weekday,1.0
2009,person,2,4,0,weekend,1.7142857142857142
2010,person,2,4,0,weekday,1.4
2011,person,2,4,1,weekend,1.0
2012,person,2,4,1,weekday,1.2
2013,person,2,4,2,weekend,1.0
2014,person,2,4,2,weekday,1.3333333333333333
2015,person,2,4,3,weekday,1.0
2016,person,2,4,4,weekend,1.0
2017,person,2,4,4,weekday,1.0
2018,person,2,4,5,weekend,1.0
2019,person,2,4,5,weekday,1.25
2020,person,2,4,6,weekend,1.1666666666666667
2021,person,2,4,6,weekday,1.5833333333333333
2022,person,2,4,7,weekend,1.2
2023,person,2,4,7,weekday,2.4444444444444446
2024,person,2,4,8,weekend,3.8
2025,person,2,4,8,weekday,11.857142857142858
2026,person,2,4,9,weekend,3.5714285714285716
2027,person,2,4,9,weekday,9.95
2028,person,2,4,10,weekend,4.444444444444445
2029,person,2,4,10,weekday,4.052631578947368
2030,person,2,4,11,weekend,4.375
2031,person,2,4,11,weekday,3.6315789473684212
2032,person,2,4,12,weekend,6.142857142857143
2033,person,2,4,12,weekday,7.380952380952381
2034,person,2,4,13,weekend,4.0
2035,person,2,4,13,weekday,8.142857142857142
2036,person,2,4,14,weekend,5.625
2037,person,2,4,14,weekday,6.05
2038,person,2,4,15,weekend,5.555555555555555
2039,person,2,4,15,weekday,3.619047619047619
2040,person,2,4,16,weekend,5.555555555555555
2041,person,2,4,16,weekday,4.809523809523809
2042,person,2,4,17,weekend,4.555555555555555
2043,person,2,4,17,weekday,8.333333333333334
2044,person,2,4,18,weekend,2.125
2045,person,2,4,18,weekday,13.25
2046,person,2,4,19,weekend,4.222222222222222
2047,person,2,4,19,weekday,10.238095238095237
2048,person,2,4,20,weekend,2.5
2049,person,2,4,20,weekday,6.95
2050,person,2,4,21,weekend,3.0
2051,person,2,4,21,weekday,3.4444444444444446
2052,person,2,4,22,weekend,1.5714285714285714
2053,person,2,4,22,weekday,3.2666666666666666
2054,person,2,4,23,weekend,2.4285714285714284
2055,person,2,4,23,weekday,2.090909090909091
2056,person,4,2,0,weekend,2.4285714285714284
2057,person,4,2,0,weekday,2.6666666666666665
2058,person,4,2,1,weekend,2.5
2059,person,4,2,1,weekday,2.6153846153846154
2060,person,4,2,2,weekend,1.3333333333333333
2061,person,4,2,2,weekday,2.1
2062,person,4,2,3,weekend,1.5
2063,person,4,2,3,weekday,1.0
2064,person,4,2,4,weekend,1.6
2065,person,4,2,4,weekday,1.0
2066,person,4,2,5,weekday,1.25
2067,person,4,2,6,weekend,1.75
2068,person,4,2,6,weekday,2.8421052631578947
2069,person,4,2,7,weekend,1.5714285714285714
2070,person,4,2,7,weekday,9.473684210526315
2071,person,4,2,8,weekend,3.6666666666666665
2072,person,4,2,8,weekday,22.666666666666668
2073,person,4,2,9,weekend,6.333333333333333
2074,person,4,2,9,weekday,24.142857142857142
2075,person,4,2,10,weekend,6.777777777777778
2076,person,4,2,10,weekday,8.428571428571429
2077,person,4,2,11,weekend,11.222222222222221
2078,person,4,2,11,weekday,7.9523809523809526
2079,person,4,2,12,weekend,9.777777777777779
2080,person,4,2,12,weekday,21.047619047619047
2081,person,4,2,13,weekend,8.333333333333334
2082,person,4,2,13,weekday,16.285714285714285
2083,person,4,2,14,weekend,9.11111111111111
2084,person,4,2,14,weekday,9.428571428571429
2085,person,4,2,15,weekend,11.222222222222221
2086,person,4,2,15,weekday,9.0
2087,person,4,2,16,weekend,11.444444444444445
2088,person,4,2,16,weekday,10.666666666666666
2089,person,4,2,17,weekend,9.0
2090,person,4,2,17,weekday,15.142857142857142
2091,person,4,2,18,weekend,6.0
2092,person,4,2,18,weekday,14.3
2093,person,4,2,19,weekend,6.625
2094,person,4,2,19,weekday,14.95
2095,person,4,2,20,weekend,5.555555555555555
2096,person,4,2,20,weekday,9.428571428571429
2097,person,4,2,21,weekend,2.5714285714285716
2098,person,4,2,21,weekday,3.8421052631578947
2099,person,4,2,22,weekend,2.0
2100,person,4,2,22,weekday,4.0625
2101,person,4,2,23,weekend,5.0
2102,person,4,2,23,weekday,4.666666666666667
2103,person,5,4,0,weekend,2.0
2104,person,5,4,0,weekday,2.0
2105,person,5,4,1,weekend,1.0
2106,person,5,4,1,weekday,1.2
2107,person,5,4,2,weekend,1.0
2108,person,5,4,2,weekday,2.0
2109,person,5,4,3,weekday,1.6666666666666667
2110,person,5,4,4,weekday,1.0
2111,person,5,4,5,weekend,1.0
2112,person,5,4,5,weekday,1.0
2113,person,5,4,6,weekend,1.0
2114,person,5,4,6,weekday,1.25
2115,person,5,4,7,weekday,2.0
2116,person,5,4,8,weekend,2.0
2117,person,5,4,8,weekday,6.555555555555555
2118,person,5,4,9,weekend,1.8
2119,person,5,4,9,weekday,5.833333333333333
2120,person,5,4,10,weekend,1.6
2121,person,5,4,10,weekday,2.0
2122,person,5,4,11,weekend,1.5
2123,person,5,4,11,weekday,1.6428571428571428
2124,person,5,4,12,weekend,2.5
2125,person,5,4,12,weekday,3.111111111111111
2126,person,5,4,13,weekend,1.7142857142857142
2127,person,5,4,13,weekday,3.9375
2128,person,5,4,14,weekend,2.4
2129,person,5,4,14,weekday,3.0
2130,person,5,4,15,weekend,2.6666666666666665
2131,person,5,4,15,weekday,2.0
2132,person,5,4,16,weekend,2.6666666666666665
2133,person,5,4,16,weekday,1.8235294117647058
2134,person,5,4,17,weekend,2.25
2135,person,5,4,17,weekday,2.75
2136,person,5,4,18,weekend,1.25
2137,person,5,4,18,weekday,5.526315789473684
2138,person,5,4,19,weekend,1.75
2139,person,5,4,19,weekday,3.5294117647058822
2140,person,5,4,20,weekend,2.2
2141,person,5,4,20,weekday,2.8125
2142,person,5,4,21,weekend,1.0
2143,person,5,4,21,weekday,1.3846153846153846
2144,person,5,4,22,weekday,1.5555555555555556
2145,person,5,4,23,weekend,1.0
2146,person,5,4,23,weekday,2.2857142857142856
2147,person,6,4,0,weekend,1.75
2148,person,6,4,0,weekday,1.0
2149,person,6,4,1,weekend,2.0
2150,person,6,4,1,weekday,1.0
2151,person,6,4,2,weekend,1.0
2152,person,6,4,3,weekend,1.0
2153,person,6,4,3,weekday,1.0
2154,person,6,4,4,weekend,1.0
2155,person,6,4,4,weekday,1.0
2156,person,6,4,5,weekend,1.0
2157,person,6,4,5,weekday,1.0
2158,person,6,4,6,weekday,1.5
2159,person,6,4,7,weekend,2.0
2160,person,6,4,7,weekday,2.0
2161,person,6,4,8,weekend,3.3333333333333335
2162,person,6,4,8,weekday,7.7368421052631575
2163,person,6,4,9,weekend,2.6
2164,person,6,4,9,weekday,6.833333333333333
2165,person,6,4,10,weekend,3.857142857142857
2166,person,6,4,10,weekday,2.8947368421052633
2167,person,6,4,11,weekend,5.666666666666667
2168,person,6,4,11,weekday,2.9473684210526314
2169,person,6,4,12,weekend,7.5
2170,person,6,4,12,weekday,7.052631578947368
2171,person,6,4,13,weekend,3.5
2172,person,6,4,13,weekday,7.611111111111111
2173,person,6,4,14,weekend,4.857142857142857
2174,person,6,4,14,weekday,8.842105263157896
2175,person,6,4,15,weekend,5.142857142857143
2176,person,6,4,15,weekday,5.421052631578948
2177,person,6,4,16,weekend,5.142857142857143
2178,person,6,4,16,weekday,9.3
2179,person,6,4,17,weekend,2.3333333333333335
2180,person,6,4,17,weekday,7.777777777777778
2181,person,6,4,18,weekend,1.5
2182,person,6,4,18,weekday,4.066666666666666
2183,person,6,4,19,weekend,1.5
2184,person,6,4,19,weekday,4.4375
2185,person,6,4,20,weekend,2.0
2186,person,6,4,20,weekday,4.0625
2187,person,6,4,21,weekend,1.5
2188,person,6,4,21,weekday,1.8888888888888888
2189,person,6,4,22,weekend,1.5
2190,person,6,4,22,weekday,1.75
2191,person,6,4,23,weekend,1.5
2192,person,6,4,23,weekday,1.4166666666666667
2193,trottinette,1,3,8,weekday,1.0
2194,trottinette,1,3,17,weekday,1.0
2195,trottinette,1,6,8,weekday,1.0
2196,trottinette,1,6,11,weekday,1.0
2197,trottinette,1,6,14,weekday,1.0
2198,trottinette,1,6,16,weekday,1.0
2199,trottinette,2,3,8,weekday,1.0
2200,trottinette,2,3,9,weekday,1.0
2201,trottinette,2,3,10,weekend,1.0
2202,trottinette,2,3,10,weekday,1.0
2203,trottinette,2,3,11,weekday,1.0
2204,trottinette,2,3,15,weekday,1.0
2205,trottinette,2,3,16,weekday,1.0
2206,trottinette,2,4,9,weekend,1.0
2207,trottinette,2,4,11,weekday,1.0
2208,trottinette,2,4,12,weekend,1.0
2209,trottinette,2,5,5,weekday,1.0
2210,trottinette,2,5,6,weekday,1.0
2211,trottinette,2,5,7,weekend,1.0
2212,trottinette,2,5,7,weekday,3.0
2213,trottinette,2,5,8,weekend,1.5
2214,trottinette,2,5,8,weekday,6.5
2215,trottinette,2,5,9,weekend,2.5
2216,trottinette,2,5,9,weekday,5.3
2217,trottinette,2,5,10,weekend,1.6666666666666667
2218,trottinette,2,5,10,weekday,2.473684210526316
2219,trottinette,2,5,11,weekend,1.8333333333333333
2220,trottinette,2,5,11,weekday,2.142857142857143
2221,trottinette,2,5,12,weekend,2.0
2222,trottinette,2,5,12,weekday,2.1538461538461537
2223,trottinette,2,5,13,weekend,2.25
2224,trottinette,2,5,13,weekday,2.235294117647059
2225,trottinette,2,5,14,weekend,2.5
2226,trottinette,2,5,14,weekday,1.75
2227,trottinette,2,5,15,weekend,2.0
2228,trottinette,2,5,15,weekday,1.6
2229,trottinette,2,5,16,weekend,2.2
2230,trottinette,2,5,16,weekday,1.875
2231,trottinette,2,5,17,weekend,1.1666666666666667
2232,trottinette,2,5,17,weekday,1.5555555555555556
2233,trottinette,2,5,18,weekend,3.0
2234,trottinette,2,5,18,weekday,1.0
2235,trottinette,2,5,19,weekday,1.0
2236,trottinette,2,5,20,weekend,1.0
2237,trottinette,2,5,20,weekday,1.0
2238,trottinette,2,5,21,weekend,1.0
2239,trottinette,2,5,21,weekday,1.0
2240,trottinette,2,5,22,weekday,1.0
2241,trottinette,2,5,23,weekend,1.3333333333333333
2242,trottinette,2,6,0,weekend,1.0
2243,trottinette,2,6,0,weekday,1.0
2244,trottinette,2,6,3,weekend,1.0
2245,trottinette,2,6,3,weekday,1.0
2246,trottinette,2,6,6,weekend,1.0
2247,trottinette,2,6,6,weekday,1.25
2248,trottinette,2,6,7,weekday,1.1428571428571428
2249,trottinette,2,6,8,weekend,1.3333333333333333
2250,trottinette,2,6,8,weekday,3.263157894736842
2251,trottinette,2,6,9,weekend,1.3333333333333333
2252,trottinette,2,6,9,weekday,3.8333333333333335
2253,trottinette,2,6,10,weekend,2.0
2254,trottinette,2,6,10,weekday,1.7692307692307692
2255,trottinette,2,6,11,weekend,1.5714285714285714
2256,trottinette,2,6,11,weekday,1.25
2257,trottinette,2,6,12,weekend,1.75
2258,trottinette,2,6,12,weekday,1.3636363636363635
2259,trottinette,2,6,13,weekend,1.4285714285714286
2260,trottinette,2,6,13,weekday,1.75
2261,trottinette,2,6,14,weekend,1.0
2262,trottinette,2,6,14,weekday,1.3
2263,trottinette,2,6,15,weekend,1.4
2264,trottinette,2,6,15,weekday,1.5
2265,trottinette,2,6,16,weekend,1.3333333333333333
2266,trottinette,2,6,16,weekday,1.8181818181818181
2267,trottinette,2,6,17,weekend,1.0
2268,trottinette,2,6,17,weekday,1.875
2269,trottinette,2,6,18,weekend,2.0
2270,trottinette,2,6,18,weekday,1.0
2271,trottinette,2,6,20,weekday,1.0
2272,trottinette,2,6,21,weekday,1.0
2273,trottinette,2,6,22,weekday,1.25
2274,trottinette,2,6,23,weekday,1.0
2275,trottinette,3,3,8,weekday,1.0
2276,trottinette,3,3,13,weekday,1.0
2277,trottinette,3,3,14,weekday,1.0
2278,trottinette,3,6,8,weekday,1.0
2279,trottinette,3,6,9,weekday,1.6666666666666667
2280,trottinette,3,6,10,weekday,1.0
2281,trottinette,3,6,11,weekday,1.0
2282,trottinette,3,6,12,weekend,1.0
2283,trottinette,3,6,12,weekday,1.0
2284,trottinette,3,6,14,weekday,1.0
2285,trottinette,3,6,15,weekday,1.0
2286,trottinette,3,6,17,weekday,1.0
2287,trottinette,3,6,18,weekend,1.0
2288,trottinette,3,6,21,weekday,1.0
2289,trottinette,4,2,15,weekday,1.0
2290,trottinette,4,2,17,weekday,1.0
2291,trottinette,4,2,21,weekday,1.0
2292,trottinette,4,5,7,weekday,1.0
2293,trottinette,4,5,8,weekday,1.6428571428571428
2294,trottinette,4,5,9,weekday,1.8666666666666667
2295,trottinette,4,5,10,weekend,1.0
2296,trottinette,4,5,10,weekday,1.0
2297,trottinette,4,5,11,weekend,1.0
2298,trottinette,4,5,11,weekday,1.0
2299,trottinette,4,5,12,weekend,1.0
2300,trottinette,4,5,12,weekday,1.0
2301,trottinette,4,5,13,weekend,1.0
2302,trottinette,4,5,13,weekday,1.0
2303,trottinette,4,5,14,weekend,1.0
2304,trottinette,4,5,14,weekday,1.0
2305,trottinette,4,5,15,weekday,1.0
2306,trottinette,4,5,16,weekday,1.0
2307,trottinette,4,5,17,weekday,1.0
2308,trottinette,4,5,18,weekday,1.0
2309,trottinette,4,6,9,weekday,1.0
2310,trottinette,4,6,10,weekend,1.0
2311,trottinette,4,6,17,weekday,1.0
2312,trottinette,5,3,9,weekday,1.0
2313,trottinette,5,3,10,weekday,1.0
2314,trottinette,5,3,12,weekend,1.0
2315,trottinette,5,3,12,weekday,1.0
2316,trottinette,5,3,13,weekday,1.0
2317,trottinette,5,3,17,weekend,1.0
2318,trottinette,5,3,19,weekday,1.0
2319,trottinette,5,4,7,weekday,1.0
2320,trottinette,5,4,8,weekday,1.0
2321,trottinette,5,4,9,weekday,1.5
2322,trottinette,5,4,14,weekday,1.0
2323,trottinette,5,5,5,weekday,1.0
2324,trottinette,5,5,7,weekday,2.0
2325,trottinette,5,5,8,weekend,1.3333333333333333
2326,trottinette,5,5,8,weekday,3.6666666666666665
2327,trottinette,5,5,9,weekend,1.2
2328,trottinette,5,5,9,weekday,5.157894736842105
2329,trottinette,5,5,10,weekend,2.6666666666666665
2330,trottinette,5,5,10,weekday,2.411764705882353
2331,trottinette,5,5,11,weekend,1.75
2332,trottinette,5,5,11,weekday,2.25
2333,trottinette,5,5,12,weekend,1.75
2334,trottinette,5,5,12,weekday,2.0
2335,trottinette,5,5,13,weekend,1.5
2336,trottinette,5,5,13,weekday,2.5454545454545454
2337,trottinette,5,5,14,weekend,1.25
2338,trottinette,5,5,14,weekday,2.076923076923077
2339,trottinette,5,5,15,weekend,2.3333333333333335
2340,trottinette,5,5,15,weekday,2.0
2341,trottinette,5,5,16,weekend,1.4
2342,trottinette,5,5,16,weekday,1.8888888888888888
2343,trottinette,5,5,17,weekend,1.0
2344,trottinette,5,5,17,weekday,2.0
2345,trottinette,5,5,18,weekday,1.2857142857142858
2346,trottinette,5,5,19,weekend,1.0
2347,trottinette,5,5,19,weekday,1.0
2348,trottinette,5,5,20,weekday,1.0
2349,trottinette,5,5,21,weekday,1.5
2350,trottinette,5,5,22,weekday,1.0
2351,trottinette,5,5,23,weekday,1.0
2352,trottinette,5,6,7,weekday,1.0
2353,trottinette,5,6,8,weekend,1.0
2354,trottinette,5,6,8,weekday,1.125
2355,trottinette,5,6,9,weekday,1.8
2356,trottinette,5,6,10,weekend,1.0
2357,trottinette,5,6,10,weekday,1.0
2358,trottinette,5,6,11,weekend,1.0
2359,trottinette,5,6,11,weekday,1.3333333333333333
2360,trottinette,5,6,12,weekday,1.3333333333333333
2361,trottinette,5,6,13,weekend,1.0
2362,trottinette,5,6,13,weekday,1.0
2363,trottinette,5,6,14,weekend,1.0
2364,trottinette,5,6,14,weekday,1.0
2365,trottinette,5,6,15,weekend,1.5
2366,trottinette,5,6,15,weekday,1.2
2367,trottinette,5,6,16,weekday,1.0
2368,trottinette,5,6,17,weekend,1.0
2369,trottinette,5,6,17,weekday,1.0
2370,trottinette,5,6,18,weekday,1.0
2371,trottinette,6,4,16,weekend,1.0
2372,truck,1,1,0,weekday,1.0
2373,truck,1,1,1,weekday,1.0
2374,truck,1,1,2,weekday,1.0
2375,truck,1,1,3,weekday,1.0
2376,truck,1,1,4,weekday,1.2
2377,truck,1,1,5,weekend,1.0
2378,truck,1,1,5,weekday,2.0833333333333335
2379,truck,1,1,6,weekend,1.8
2380,truck,1,1,6,weekday,5.2
2381,truck,1,1,7,weekend,3.0
2382,truck,1,1,7,weekday,16.38095238095238
2383,truck,1,1,8,weekend,4.857142857142857
2384,truck,1,1,8,weekday,33.523809523809526
2385,truck,1,1,9,weekend,5.444444444444445
2386,truck,1,1,9,weekday,34.333333333333336
2387,truck,1,1,10,weekend,6.555555555555555
2388,truck,1,1,10,weekday,36.666666666666664
2389,truck,1,1,11,weekend,7.777777777777778
2390,truck,1,1,11,weekday,32.95238095238095
2391,truck,1,1,12,weekend,7.571428571428571
2392,truck,1,1,12,weekday,25.523809523809526
2393,truck,1,1,13,weekend,7.111111111111111
2394,truck,1,1,13,weekday,26.38095238095238
2395,truck,1,1,14,weekend,4.111111111111111
2396,truck,1,1,14,weekday,25.523809523809526
2397,truck,1,1,15,weekend,3.3333333333333335
2398,truck,1,1,15,weekday,21.523809523809526
2399,truck,1,1,16,weekend,2.7142857142857144
2400,truck,1,1,16,weekday,12.857142857142858
2401,truck,1,1,17,weekend,2.2
2402,truck,1,1,17,weekday,7.428571428571429
2403,truck,1,1,18,weekend,1.75
2404,truck,1,1,18,weekday,3.0
2405,truck,1,1,19,weekend,1.0
2406,truck,1,1,19,weekday,2.6315789473684212
2407,truck,1,1,20,weekend,1.5
2408,truck,1,1,20,weekday,1.9333333333333333
2409,truck,1,1,21,weekend,1.0
2410,truck,1,1,21,weekday,1.8571428571428572
2411,truck,1,1,22,weekend,1.0
2412,truck,1,1,22,weekday,2.0
2413,truck,1,1,23,weekend,1.0
2414,truck,1,1,23,weekday,1.5714285714285714
2415,truck,1,3,0,weekend,1.0
2416,truck,1,3,0,weekday,2.5
2417,truck,1,3,1,weekday,1.0
2418,truck,1,3,2,weekday,1.2222222222222223
2419,truck,1,3,3,weekend,1.25
2420,truck,1,3,3,weekday,1.8888888888888888
2421,truck,1,3,4,weekend,2.0
2422,truck,1,3,4,weekday,1.1538461538461537
2423,truck,1,3,5,weekend,1.5
2424,truck,1,3,5,weekday,2.176470588235294
2425,truck,1,3,6,weekend,1.1666666666666667
2426,truck,1,3,6,weekday,2.888888888888889
2427,truck,1,3,7,weekend,2.7142857142857144
2428,truck,1,3,7,weekday,6.2
2429,truck,1,3,8,weekend,7.444444444444445
2430,truck,1,3,8,weekday,14.619047619047619
2431,truck,1,3,9,weekend,4.75
2432,truck,1,3,9,weekday,11.0
2433,truck,1,3,10,weekend,13.88888888888889
2434,truck,1,3,10,weekday,23.047619047619047
2435,truck,1,3,11,weekend,3.3333333333333335
2436,truck,1,3,11,weekday,18.904761904761905
2437,truck,1,3,12,weekend,2.6666666666666665
2438,truck,1,3,12,weekday,9.285714285714286
2439,truck,1,3,13,weekend,2.75
2440,truck,1,3,13,weekday,7.571428571428571
2441,truck,1,3,14,weekend,1.0
2442,truck,1,3,14,weekday,8.238095238095237
2443,truck,1,3,15,weekend,2.0
2444,truck,1,3,15,weekday,6.714285714285714
2445,truck,1,3,16,weekend,3.888888888888889
2446,truck,1,3,16,weekday,8.619047619047619
2447,truck,1,3,17,weekend,2.0
2448,truck,1,3,17,weekday,7.35
2449,truck,1,3,18,weekend,1.0
2450,truck,1,3,18,weekday,1.25
2451,truck,1,3,19,weekend,1.25
2452,truck,1,3,19,weekday,1.8181818181818181
2453,truck,1,3,20,weekend,1.1428571428571428
2454,truck,1,3,20,weekday,3.857142857142857
2455,truck,1,3,21,weekend,1.5
2456,truck,1,3,21,weekday,3.411764705882353
2457,truck,1,3,22,weekend,1.4
2458,truck,1,3,22,weekday,3.0625
2459,truck,1,3,23,weekend,1.5
2460,truck,1,3,23,weekday,3.7142857142857144
2461,truck,1,6,0,weekend,1.0
2462,truck,1,6,2,weekday,1.0
2463,truck,1,6,3,weekday,1.0
2464,truck,1,6,4,weekday,1.0
2465,truck,1,6,5,weekday,1.625
2466,truck,1,6,6,weekend,1.0
2467,truck,1,6,6,weekday,2.4
2468,truck,1,6,7,weekend,1.0
2469,truck,1,6,7,weekday,4.0
2470,truck,1,6,8,weekend,1.0
2471,truck,1,6,8,weekday,4.095238095238095
2472,truck,1,6,9,weekend,1.0
2473,truck,1,6,9,weekday,7.05
2474,truck,1,6,10,weekend,1.8
2475,truck,1,6,10,weekday,6.555555555555555
2476,truck,1,6,11,weekend,3.0
2477,truck,1,6,11,weekday,6.666666666666667
2478,truck,1,6,12,weekend,18.0
2479,truck,1,6,12,weekday,13.764705882352942
2480,truck,1,6,13,weekend,7.5
2481,truck,1,6,13,weekday,6.928571428571429
2482,truck,1,6,14,weekend,2.5
2483,truck,1,6,14,weekday,3.6470588235294117
2484,truck,1,6,15,weekend,9.0
2485,truck,1,6,15,weekday,3.4
2486,truck,1,6,16,weekend,1.0
2487,truck,1,6,16,weekday,7.421052631578948
2488,truck,1,6,17,weekend,1.0
2489,truck,1,6,17,weekday,4.230769230769231
2490,truck,1,6,18,weekend,1.0
2491,truck,1,6,18,weekday,2.923076923076923
2492,truck,1,6,19,weekend,1.0
2493,truck,1,6,19,weekday,2.5384615384615383
2494,truck,1,6,20,weekend,1.0
2495,truck,1,6,20,weekday,1.2
2496,truck,1,6,21,weekday,1.375
2497,truck,1,6,22,weekday,1.5555555555555556
2498,truck,1,6,23,weekend,1.0
2499,truck,1,6,23,weekday,1.3333333333333333
2500,truck,2,3,0,weekend,1.0
2501,truck,2,3,0,weekday,1.0
2502,truck,2,3,1,weekend,1.0
2503,truck,2,3,1,weekday,1.0
2504,truck,2,3,2,weekend,1.0
2505,truck,2,3,2,weekday,1.0
2506,truck,2,3,3,weekend,1.0
2507,truck,2,3,3,weekday,1.1666666666666667
2508,truck,2,3,4,weekend,1.0
2509,truck,2,3,4,weekday,1.75
2510,truck,2,3,5,weekend,1.25
2511,truck,2,3,5,weekday,1.5384615384615385
2512,truck,2,3,6,weekend,1.0
2513,truck,2,3,6,weekday,2.35
2514,truck,2,3,7,weekend,2.4
2515,truck,2,3,7,weekday,4.0476190476190474
2516,truck,2,3,8,weekend,3.3333333333333335
2517,truck,2,3,8,weekday,6.761904761904762
2518,truck,2,3,9,weekend,5.333333333333333
2519,truck,2,3,9,weekday,7.428571428571429
2520,truck,2,3,10,weekend,3.5
2521,truck,2,3,10,weekday,10.380952380952381
2522,truck,2,3,11,weekend,2.875
2523,truck,2,3,11,weekday,8.047619047619047
2524,truck,2,3,12,weekend,3.3333333333333335
2525,truck,2,3,12,weekday,7.476190476190476
2526,truck,2,3,13,weekend,1.5
2527,truck,2,3,13,weekday,4.142857142857143
2528,truck,2,3,14,weekend,1.25
2529,truck,2,3,14,weekday,4.3
2530,truck,2,3,15,weekend,1.5
2531,truck,2,3,15,weekday,3.45
2532,truck,2,3,16,weekend,1.75
2533,truck,2,3,16,weekday,2.8421052631578947
2534,truck,2,3,17,weekend,1.3333333333333333
2535,truck,2,3,17,weekday,2.588235294117647
2536,truck,2,3,18,weekend,1.0
2537,truck,2,3,18,weekday,1.8421052631578947
2538,truck,2,3,19,weekend,1.0
2539,truck,2,3,19,weekday,2.125
2540,truck,2,3,20,weekend,1.3333333333333333
2541,truck,2,3,20,weekday,2.5238095238095237
2542,truck,2,3,21,weekend,1.0
2543,truck,2,3,21,weekday,2.9375
2544,truck,2,3,22,weekend,1.3333333333333333
2545,truck,2,3,22,weekday,1.25
2546,truck,2,3,23,weekday,1.0
2547,truck,2,6,0,weekend,1.3333333333333333
2548,truck,2,6,0,weekday,1.3636363636363635
2549,truck,2,6,1,weekend,1.0
2550,truck,2,6,1,weekday,1.375
2551,truck,2,6,2,weekend,1.0
2552,truck,2,6,2,weekday,1.2857142857142858
2553,truck,2,6,3,weekend,1.0
2554,truck,2,6,3,weekday,2.0
2555,truck,2,6,4,weekend,1.8
2556,truck,2,6,4,weekday,2.8
2557,truck,2,6,5,weekend,1.4444444444444444
2558,truck,2,6,5,weekday,4.35
2559,truck,2,6,6,weekend,6.625
2560,truck,2,6,6,weekday,10.571428571428571
2561,truck,2,6,7,weekend,4.125
2562,truck,2,6,7,weekday,17.142857142857142
2563,truck,2,6,8,weekend,4.555555555555555
2564,truck,2,6,8,weekday,16.761904761904763
2565,truck,2,6,9,weekend,4.375
2566,truck,2,6,9,weekday,18.095238095238095
2567,truck,2,6,10,weekend,2.5555555555555554
2568,truck,2,6,10,weekday,18.714285714285715
2569,truck,2,6,11,weekend,3.2857142857142856
2570,truck,2,6,11,weekday,15.380952380952381
2571,truck,2,6,12,weekend,3.142857142857143
2572,truck,2,6,12,weekday,9.333333333333334
2573,truck,2,6,13,weekend,3.625
2574,truck,2,6,13,weekday,9.761904761904763
2575,truck,2,6,14,weekend,1.6666666666666667
2576,truck,2,6,14,weekday,7.7894736842105265
2577,truck,2,6,15,weekend,2.0
2578,truck,2,6,15,weekday,6.761904761904762
2579,truck,2,6,16,weekend,2.0
2580,truck,2,6,16,weekday,5.142857142857143
2581,truck,2,6,17,weekend,2.111111111111111
2582,truck,2,6,17,weekday,3.761904761904762
2583,truck,2,6,18,weekend,1.6666666666666667
2584,truck,2,6,18,weekday,5.9523809523809526
2585,truck,2,6,19,weekend,1.2
2586,truck,2,6,19,weekday,2.3529411764705883
2587,truck,2,6,20,weekend,1.0
2588,truck,2,6,20,weekday,2.388888888888889
2589,truck,2,6,21,weekend,1.5
2590,truck,2,6,21,weekday,2.5714285714285716
2591,truck,2,6,22,weekend,1.0
2592,truck,2,6,22,weekday,1.6666666666666667
2593,truck,2,6,23,weekend,1.0
2594,truck,2,6,23,weekday,1.4
2595,truck,3,1,0,weekend,2.0
2596,truck,3,1,0,weekday,1.8888888888888888
2597,truck,3,1,1,weekend,2.6666666666666665
2598,truck,3,1,1,weekday,1.0
2599,truck,3,1,2,weekend,1.0
2600,truck,3,1,2,weekday,1.5
2601,truck,3,1,3,weekend,1.0
2602,truck,3,1,3,weekday,1.2727272727272727
2603,truck,3,1,4,weekend,2.0
2604,truck,3,1,4,weekday,1.6
2605,truck,3,1,5,weekend,2.0
2606,truck,3,1,5,weekday,3.1666666666666665
2607,truck,3,1,6,weekend,2.8
2608,truck,3,1,6,weekday,9.25
2609,truck,3,1,7,weekend,2.0
2610,truck,3,1,7,weekday,16.428571428571427
2611,truck,3,1,8,weekend,4.166666666666667
2612,truck,3,1,8,weekday,22.476190476190474
2613,truck,3,1,9,weekend,3.3333333333333335
2614,truck,3,1,9,weekday,26.0
2615,truck,3,1,10,weekend,3.2
2616,truck,3,1,10,weekday,24.095238095238095
2617,truck,3,1,11,weekend,4.142857142857143
2618,truck,3,1,11,weekday,20.19047619047619
2619,truck,3,1,12,weekend,4.428571428571429
2620,truck,3,1,12,weekday,17.0
2621,truck,3,1,13,weekend,3.875
2622,truck,3,1,13,weekday,16.45
2623,truck,3,1,14,weekend,1.625
2624,truck,3,1,14,weekday,16.38095238095238
2625,truck,3,1,15,weekend,2.125
2626,truck,3,1,15,weekday,14.095238095238095
2627,truck,3,1,16,weekend,1.1666666666666667
2628,truck,3,1,16,weekday,8.4
2629,truck,3,1,17,weekend,2.0
2630,truck,3,1,17,weekday,6.2
2631,truck,3,1,18,weekend,2.6666666666666665
2632,truck,3,1,18,weekday,3.1904761904761907
2633,truck,3,1,19,weekend,1.8571428571428572
2634,truck,3,1,19,weekday,3.4210526315789473
2635,truck,3,1,20,weekend,1.5714285714285714
2636,truck,3,1,20,weekday,3.0
2637,truck,3,1,21,weekend,2.0
2638,truck,3,1,21,weekday,2.375
2639,truck,3,1,22,weekend,1.75
2640,truck,3,1,22,weekday,2.8461538461538463
2641,truck,3,1,23,weekend,1.1666666666666667
2642,truck,3,1,23,weekday,2.4
2643,truck,3,3,0,weekday,1.0
2644,truck,3,3,1,weekend,1.0
2645,truck,3,3,1,weekday,1.25
2646,truck,3,3,2,weekday,1.0
2647,truck,3,3,3,weekend,1.0
2648,truck,3,3,3,weekday,1.25
2649,truck,3,3,4,weekday,1.75
2650,truck,3,3,5,weekend,1.2
2651,truck,3,3,5,weekday,1.3333333333333333
2652,truck,3,3,6,weekend,1.5
2653,truck,3,3,6,weekday,2.4285714285714284
2654,truck,3,3,7,weekend,1.8333333333333333
2655,truck,3,3,7,weekday,6.0
2656,truck,3,3,8,weekend,3.8333333333333335
2657,truck,3,3,8,weekday,6.904761904761905
2658,truck,3,3,9,weekend,4.666666666666667
2659,truck,3,3,9,weekday,6.761904761904762
2660,truck,3,3,10,weekend,4.142857142857143
2661,truck,3,3,10,weekday,12.666666666666666
2662,truck,3,3,11,weekend,3.111111111111111
2663,truck,3,3,11,weekday,14.047619047619047
2664,truck,3,3,12,weekend,3.25
2665,truck,3,3,12,weekday,7.9523809523809526
2666,truck,3,3,13,weekend,1.75
2667,truck,3,3,13,weekday,5.55
2668,truck,3,3,14,weekend,3.4
2669,truck,3,3,14,weekday,3.9
2670,truck,3,3,15,weekend,2.0
2671,truck,3,3,15,weekday,4.476190476190476
2672,truck,3,3,16,weekend,2.4444444444444446
2673,truck,3,3,16,weekday,4.523809523809524
2674,truck,3,3,17,weekend,1.6666666666666667
2675,truck,3,3,17,weekday,2.7
2676,truck,3,3,18,weekend,2.0
2677,truck,3,3,18,weekday,1.3846153846153846
2678,truck,3,3,19,weekend,1.3333333333333333
2679,truck,3,3,19,weekday,1.75
2680,truck,3,3,20,weekend,1.5
2681,truck,3,3,20,weekday,1.588235294117647
2682,truck,3,3,21,weekend,1.0
2683,truck,3,3,21,weekday,2.25
2684,truck,3,3,22,weekday,2.0
2685,truck,3,3,23,weekday,1.5555555555555556
2686,truck,3,6,1,weekday,1.0
2687,truck,3,6,2,weekday,2.0
2688,truck,3,6,4,weekday,1.0
2689,truck,3,6,5,weekend,1.0
2690,truck,3,6,5,weekday,1.375
2691,truck,3,6,6,weekend,1.0
2692,truck,3,6,6,weekday,1.6875
2693,truck,3,6,7,weekend,1.0
2694,truck,3,6,7,weekday,2.0
2695,truck,3,6,8,weekend,1.0
2696,truck,3,6,8,weekday,2.2666666666666666
2697,truck,3,6,9,weekend,2.3333333333333335
2698,truck,3,6,9,weekday,2.85
2699,truck,3,6,10,weekend,1.5
2700,truck,3,6,10,weekday,2.6315789473684212
2701,truck,3,6,11,weekend,1.0
2702,truck,3,6,11,weekday,2.0
2703,truck,3,6,12,weekend,1.0
2704,truck,3,6,12,weekday,1.6666666666666667
2705,truck,3,6,13,weekend,1.0
2706,truck,3,6,13,weekday,1.2857142857142858
2707,truck,3,6,14,weekend,1.0
2708,truck,3,6,14,weekday,2.0
2709,truck,3,6,15,weekday,2.0
2710,truck,3,6,16,weekday,1.0909090909090908
2711,truck,3,6,17,weekend,1.5
2712,truck,3,6,17,weekday,1.2666666666666666
2713,truck,3,6,18,weekend,2.0
2714,truck,3,6,18,weekday,1.2
2715,truck,3,6,19,weekday,1.0
2716,truck,3,6,20,weekday,1.2
2717,truck,3,6,21,weekday,1.6666666666666667
2718,truck,3,6,22,weekday,1.0
2719,truck,5,3,3,weekday,1.0
2720,truck,5,3,7,weekday,1.0
2721,truck,5,3,8,weekday,2.0
2722,truck,5,3,9,weekend,1.0
2723,truck,5,3,9,weekday,1.0
2724,truck,5,3,10,weekday,1.0
2725,truck,5,3,11,weekday,1.0
2726,truck,5,3,12,weekday,1.0
2727,truck,5,3,13,weekday,1.0
2728,truck,5,3,14,weekend,1.0
2729,truck,5,3,14,weekday,1.0
2730,truck,5,3,15,weekday,1.0
2731,truck,5,3,17,weekday,1.0
2732,truck,5,3,18,weekday,1.0
2733,truck,5,3,19,weekday,1.0
2734,truck,5,3,20,weekday,1.0
2735,truck,5,3,21,weekday,1.0
2736,truck,5,3,22,weekend,1.0
2737,truck,5,6,7,weekday,1.5
2738,truck,5,6,8,weekday,1.0
2739,truck,5,6,9,weekday,1.0
2740,truck,5,6,10,weekday,2.0
2741,truck,5,6,12,weekday,1.0
2742,truck,5,6,16,weekday,1.0
2743,truck,5,6,18,weekday,1.0
2744,truck,5,6,21,weekday,1.0
2745,truck,5,6,22,weekday,1.0
2746,truck,5,6,23,weekday,2.0
2747,van,1,1,0,weekend,1.0
2748,van,1,1,0,weekday,1.0
2749,van,1,1,1,weekday,1.0
2750,van,1,1,2,weekday,1.0
2751,van,1,1,3,weekday,1.5
2752,van,1,1,4,weekday,1.0
2753,van,1,1,5,weekday,1.1666666666666667
2754,van,1,1,6,weekday,3.210526315789474
2755,van,1,1,7,weekend,6.75
2756,van,1,1,7,weekday,32.42857142857143
2757,van,1,1,8,weekend,15.777777777777779
2758,van,1,1,8,weekday,57.714285714285715
2759,van,1,1,9,weekend,14.88888888888889
2760,van,1,1,9,weekday,60.95238095238095
2761,van,1,1,10,weekend,17.0
2762,van,1,1,10,weekday,66.0952380952381
2763,van,1,1,11,weekend,18.444444444444443
2764,van,1,1,11,weekday,63.61904761904762
2765,van,1,1,12,weekend,17.333333333333332
2766,van,1,1,12,weekday,52.38095238095238
2767,van,1,1,13,weekend,17.444444444444443
2768,van,1,1,13,weekday,52.38095238095238
2769,van,1,1,14,weekend,15.666666666666666
2770,van,1,1,14,weekday,50.19047619047619
2771,van,1,1,15,weekend,13.555555555555555
2772,van,1,1,15,weekday,56.95238095238095
2773,van,1,1,16,weekend,12.222222222222221
2774,van,1,1,16,weekday,48.904761904761905
2775,van,1,1,17,weekend,6.444444444444445
2776,van,1,1,17,weekday,22.80952380952381
2777,van,1,1,18,weekend,2.5
2778,van,1,1,18,weekday,2.888888888888889
2779,van,1,1,19,weekend,1.0
2780,van,1,1,19,weekday,1.4
2781,van,1,1,20,weekend,1.3333333333333333
2782,van,1,1,20,weekday,2.0
2783,van,1,1,21,weekend,1.0
2784,van,1,1,21,weekday,1.6
2785,van,1,1,22,weekend,1.0
2786,van,1,1,22,weekday,1.4
2787,van,1,1,23,weekend,1.0
2788,van,1,1,23,weekday,1.25
2789,van,1,3,0,weekend,1.75
2790,van,1,3,0,weekday,1.2857142857142858
2791,van,1,3,1,weekend,1.25
2792,van,1,3,1,weekday,1.0
2793,van,1,3,2,weekend,1.5
2794,van,1,3,2,weekday,1.125
2795,van,1,3,3,weekend,1.0
2796,van,1,3,3,weekday,1.125
2797,van,1,3,4,weekday,1.25
2798,van,1,3,5,weekend,1.8571428571428572
2799,van,1,3,5,weekday,3.0
2800,van,1,3,6,weekend,2.4444444444444446
2801,van,1,3,6,weekday,7.571428571428571
2802,van,1,3,7,weekend,2.0
2803,van,1,3,7,weekday,14.333333333333334
2804,van,1,3,8,weekend,3.625
2805,van,1,3,8,weekday,10.666666666666666
2806,van,1,3,9,weekend,3.5555555555555554
2807,van,1,3,9,weekday,12.238095238095237
2808,van,1,3,10,weekend,5.75
2809,van,1,3,10,weekday,13.857142857142858
2810,van,1,3,11,weekend,5.888888888888889
2811,van,1,3,11,weekday,15.80952380952381
2812,van,1,3,12,weekend,6.555555555555555
2813,van,1,3,12,weekday,14.476190476190476
2814,van,1,3,13,weekend,5.0
2815,van,1,3,13,weekday,12.80952380952381
2816,van,1,3,14,weekend,4.888888888888889
2817,van,1,3,14,weekday,12.476190476190476
2818,van,1,3,15,weekend,7.333333333333333
2819,van,1,3,15,weekday,14.333333333333334
2820,van,1,3,16,weekend,5.333333333333333
2821,van,1,3,16,weekday,12.380952380952381
2822,van,1,3,17,weekend,2.7142857142857144
2823,van,1,3,17,weekday,7.904761904761905
2824,van,1,3,18,weekend,2.888888888888889
2825,van,1,3,18,weekday,4.2631578947368425
2826,van,1,3,19,weekend,2.8333333333333335
2827,van,1,3,19,weekday,3.238095238095238
2828,van,1,3,20,weekend,1.625
2829,van,1,3,20,weekday,2.95
2830,van,1,3,21,weekend,1.75
2831,van,1,3,21,weekday,2.2857142857142856
2832,van,1,3,22,weekend,2.0
2833,van,1,3,22,weekday,1.8
2834,van,1,3,23,weekend,1.625
2835,van,1,3,23,weekday,2.0
2836,van,1,6,4,weekend,1.0
2837,van,1,6,4,weekday,1.0
2838,van,1,6,5,weekday,1.0
2839,van,1,6,6,weekday,1.4444444444444444
2840,van,1,6,7,weekday,3.176470588235294
2841,van,1,6,8,weekend,1.0
2842,van,1,6,8,weekday,2.8461538461538463
2843,van,1,6,9,weekend,1.0
2844,van,1,6,9,weekday,2.1176470588235294
2845,van,1,6,10,weekend,1.0
2846,van,1,6,10,weekday,2.3333333333333335
2847,van,1,6,11,weekend,1.3333333333333333
2848,van,1,6,11,weekday,2.6
2849,van,1,6,12,weekend,1.0
2850,van,1,6,12,weekday,3.7333333333333334
2851,van,1,6,13,weekend,1.0
2852,van,1,6,13,weekday,2.4
2853,van,1,6,14,weekend,1.0
2854,van,1,6,14,weekday,1.9411764705882353
2855,van,1,6,15,weekend,1.6666666666666667
2856,van,1,6,15,weekday,1.7142857142857142
2857,van,1,6,16,weekend,1.5
2858,van,1,6,16,weekday,1.9375
2859,van,1,6,17,weekend,2.0
2860,van,1,6,17,weekday,2.588235294117647
2861,van,1,6,18,weekend,1.0
2862,van,1,6,18,weekday,2.6875
2863,van,1,6,19,weekend,1.0
2864,van,1,6,19,weekday,3.3636363636363638
2865,van,1,6,20,weekend,1.0
2866,van,1,6,20,weekday,1.3333333333333333
2867,van,1,6,21,weekend,1.0
2868,van,1,6,21,weekday,1.3333333333333333
2869,van,1,6,22,weekend,1.0
2870,van,1,6,22,weekday,1.5
2871,van,1,6,23,weekday,1.0
2872,van,2,3,0,weekday,1.0
2873,van,2,3,1,weekend,1.0
2874,van,2,3,1,weekday,1.0
2875,van,2,3,2,weekday,1.0
2876,van,2,3,3,weekend,1.0
2877,van,2,3,3,weekday,1.0
2878,van,2,3,4,weekend,1.0
2879,van,2,3,4,weekday,1.2
2880,van,2,3,5,weekday,1.1666666666666667
2881,van,2,3,6,weekend,2.0
2882,van,2,3,6,weekday,3.2777777777777777
2883,van,2,3,7,weekend,1.5
2884,van,2,3,7,weekday,3.4285714285714284
2885,van,2,3,8,weekend,2.25
2886,van,2,3,8,weekday,8.0
2887,van,2,3,9,weekend,1.8888888888888888
2888,van,2,3,9,weekday,8.952380952380953
2889,van,2,3,10,weekend,1.875
2890,van,2,3,10,weekday,8.333333333333334
2891,van,2,3,11,weekend,2.5
2892,van,2,3,11,weekday,10.952380952380953
2893,van,2,3,12,weekend,3.7777777777777777
2894,van,2,3,12,weekday,7.95
2895,van,2,3,13,weekend,1.6666666666666667
2896,van,2,3,13,weekday,7.238095238095238
2897,van,2,3,14,weekend,3.4
2898,van,2,3,14,weekday,6.65
2899,van,2,3,15,weekend,1.3333333333333333
2900,van,2,3,15,weekday,7.428571428571429
2901,van,2,3,16,weekend,2.5714285714285716
2902,van,2,3,16,weekday,10.428571428571429
2903,van,2,3,17,weekend,1.5
2904,van,2,3,17,weekday,6.5
2905,van,2,3,18,weekday,2.1176470588235294
2906,van,2,3,19,weekend,1.5
2907,van,2,3,19,weekday,2.235294117647059
2908,van,2,3,20,weekend,1.75
2909,van,2,3,20,weekday,1.75
2910,van,2,3,21,weekend,1.0
2911,van,2,3,21,weekday,1.0
2912,van,2,3,22,weekend,1.0
2913,van,2,3,22,weekday,1.0
2914,van,2,3,23,weekend,1.0
2915,van,2,3,23,weekday,1.0
2916,van,2,6,0,weekend,1.5714285714285714
2917,van,2,6,0,weekday,1.8
2918,van,2,6,1,weekend,1.75
2919,van,2,6,1,weekday,1.25
2920,van,2,6,2,weekend,1.125
2921,van,2,6,2,weekday,1.75
2922,van,2,6,3,weekday,1.6
2923,van,2,6,4,weekend,1.3333333333333333
2924,van,2,6,4,weekday,1.8235294117647058
2925,van,2,6,5,weekend,1.3333333333333333
2926,van,2,6,5,weekday,5.25
2927,van,2,6,6,weekend,3.3333333333333335
2928,van,2,6,6,weekday,12.7
2929,van,2,6,7,weekend,4.666666666666667
2930,van,2,6,7,weekday,24.857142857142858
2931,van,2,6,8,weekend,6.444444444444445
2932,van,2,6,8,weekday,27.047619047619047
2933,van,2,6,9,weekend,11.333333333333334
2934,van,2,6,9,weekday,31.61904761904762
2935,van,2,6,10,weekend,11.0
2936,van,2,6,10,weekday,36.523809523809526
2937,van,2,6,11,weekend,9.11111111111111
2938,van,2,6,11,weekday,35.38095238095238
2939,van,2,6,12,weekend,8.875
2940,van,2,6,12,weekday,31.0
2941,van,2,6,13,weekend,7.666666666666667
2942,van,2,6,13,weekday,29.333333333333332
2943,van,2,6,14,weekend,9.222222222222221
2944,van,2,6,14,weekday,29.19047619047619
2945,van,2,6,15,weekend,6.888888888888889
2946,van,2,6,15,weekday,32.666666666666664
2947,van,2,6,16,weekend,9.777777777777779
2948,van,2,6,16,weekday,33.857142857142854
2949,van,2,6,17,weekend,5.555555555555555
2950,van,2,6,17,weekday,21.333333333333332
2951,van,2,6,18,weekend,5.333333333333333
2952,van,2,6,18,weekday,6.904761904761905
2953,van,2,6,19,weekend,3.0
2954,van,2,6,19,weekday,5.238095238095238
2955,van,2,6,20,weekend,2.875
2956,van,2,6,20,weekday,4.666666666666667
2957,van,2,6,21,weekend,2.7777777777777777
2958,van,2,6,21,weekday,3.8
2959,van,2,6,22,weekend,1.5
2960,van,2,6,22,weekday,3.7777777777777777
2961,van,2,6,23,weekend,1.25
2962,van,2,6,23,weekday,2.0
2963,van,3,1,0,weekday,1.0
2964,van,3,1,3,weekday,1.0
2965,van,3,1,5,weekday,1.0
2966,van,3,1,6,weekday,1.5454545454545454
2967,van,3,1,7,weekend,1.0
2968,van,3,1,7,weekday,9.789473684210526
2969,van,3,1,8,weekend,4.333333333333333
2970,van,3,1,8,weekday,15.238095238095237
2971,van,3,1,9,weekend,3.0
2972,van,3,1,9,weekday,17.19047619047619
2973,van,3,1,10,weekend,2.625
2974,van,3,1,10,weekday,14.904761904761905
2975,van,3,1,11,weekend,3.857142857142857
2976,van,3,1,11,weekday,14.75
2977,van,3,1,12,weekend,3.625
2978,van,3,1,12,weekday,11.428571428571429
2979,van,3,1,13,weekend,3.7142857142857144
2980,van,3,1,13,weekday,12.523809523809524
2981,van,3,1,14,weekend,2.75
2982,van,3,1,14,weekday,11.476190476190476
2983,van,3,1,15,weekend,3.4444444444444446
2984,van,3,1,15,weekday,9.571428571428571
2985,van,3,1,16,weekend,2.0
2986,van,3,1,16,weekday,8.0
2987,van,3,1,17,weekend,2.0
2988,van,3,1,17,weekday,6.45
2989,van,3,1,18,weekend,1.3333333333333333
2990,van,3,1,18,weekday,2.857142857142857
2991,van,3,1,19,weekend,1.0
2992,van,3,1,19,weekday,1.8333333333333333
2993,van,3,1,20,weekday,1.0
2994,van,3,1,21,weekday,1.0
2995,van,3,1,22,weekday,1.2857142857142858
2996,van,3,1,23,weekend,1.0
2997,van,3,1,23,weekday,1.5
2998,van,3,3,0,weekend,1.0
2999,van,3,3,0,weekday,1.0
3000,van,3,3,1,weekday,1.0
3001,van,3,3,3,weekend,1.0
3002,van,3,3,3,weekday,1.0
3003,van,3,3,4,weekday,1.25
3004,van,3,3,5,weekend,1.0
3005,van,3,3,5,weekday,1.5
3006,van,3,3,6,weekend,1.0
3007,van,3,3,6,weekday,1.65
3008,van,3,3,7,weekend,1.0
3009,van,3,3,7,weekday,3.210526315789474
3010,van,3,3,8,weekend,1.0
3011,van,3,3,8,weekday,4.25
3012,van,3,3,9,weekend,2.6
3013,van,3,3,9,weekday,5.8
3014,van,3,3,10,weekend,2.2857142857142856
3015,van,3,3,10,weekday,7.5
3016,van,3,3,11,weekend,1.75
3017,van,3,3,11,weekday,7.333333333333333
3018,van,3,3,12,weekend,2.0
3019,van,3,3,12,weekday,4.6
3020,van,3,3,13,weekend,2.6
3021,van,3,3,13,weekday,3.25
3022,van,3,3,14,weekend,1.2222222222222223
3023,van,3,3,14,weekday,3.85
3024,van,3,3,15,weekend,1.7142857142857142
3025,van,3,3,15,weekday,3.0
3026,van,3,3,16,weekend,2.125
3027,van,3,3,16,weekday,3.235294117647059
3028,van,3,3,17,weekend,1.5
3029,van,3,3,17,weekday,2.4
3030,van,3,3,18,weekend,2.2
3031,van,3,3,18,weekday,2.0
3032,van,3,3,19,weekend,2.2
3033,van,3,3,19,weekday,1.3333333333333333
3034,van,3,3,20,weekend,1.0
3035,van,3,3,20,weekday,1.6153846153846154
3036,van,3,3,21,weekend,1.0
3037,van,3,3,21,weekday,1.3333333333333333
3038,van,3,3,22,weekend,2.0
3039,van,3,3,22,weekday,1.3333333333333333
3040,van,3,3,23,weekend,1.0
3041,van,3,3,23,weekday,1.3333333333333333
3042,van,3,6,0,weekday,1.0
3043,van,3,6,1,weekday,1.0
3044,van,3,6,2,weekday,1.3333333333333333
3045,van,3,6,3,weekday,1.0
3046,van,3,6,4,weekend,1.0
3047,van,3,6,4,weekday,1.7142857142857142
3048,van,3,6,5,weekend,1.0
3049,van,3,6,5,weekday,1.3333333333333333
3050,van,3,6,6,weekend,1.3333333333333333
3051,van,3,6,6,weekday,2.411764705882353
3052,van,3,6,7,weekend,2.6666666666666665
3053,van,3,6,7,weekday,7.428571428571429
3054,van,3,6,8,weekend,1.875
3055,van,3,6,8,weekday,5.9523809523809526
3056,van,3,6,9,weekend,2.0
3057,van,3,6,9,weekday,8.428571428571429
3058,van,3,6,10,weekend,2.7142857142857144
3059,van,3,6,10,weekday,8.619047619047619
3060,van,3,6,11,weekend,3.8333333333333335
3061,van,3,6,11,weekday,7.857142857142857
3062,van,3,6,12,weekend,2.0
3063,van,3,6,12,weekday,5.523809523809524
3064,van,3,6,13,weekend,1.3333333333333333
3065,van,3,6,13,weekday,5.619047619047619
3066,van,3,6,14,weekend,3.25
3067,van,3,6,14,weekday,5.7368421052631575
3068,van,3,6,15,weekend,2.6
3069,van,3,6,15,weekday,5.85
3070,van,3,6,16,weekend,2.3333333333333335
3071,van,3,6,16,weekday,4.571428571428571
3072,van,3,6,17,weekend,1.7142857142857142
3073,van,3,6,17,weekday,2.263157894736842
3074,van,3,6,18,weekend,1.3333333333333333
3075,van,3,6,18,weekday,1.8571428571428572
3076,van,3,6,19,weekend,2.6666666666666665
3077,van,3,6,19,weekday,1.3
3078,van,3,6,20,weekend,1.0
3079,van,3,6,20,weekday,1.1666666666666667
3080,van,3,6,21,weekend,2.0
3081,van,3,6,21,weekday,1.0
3082,van,3,6,22,weekend,1.0
3083,van,3,6,22,weekday,1.0
3084,van,3,6,23,weekend,1.0
3085,van,3,6,23,weekday,1.0
3086,van,5,3,3,weekday,1.0
3087,van,5,3,8,weekday,1.0
3088,van,5,3,9,weekend,1.0
3089,van,5,3,9,weekday,1.1818181818181819
3090,van,5,3,10,weekday,1.0
3091,van,5,3,11,weekday,1.0
3092,van,5,3,12,weekday,1.0
3093,van,5,3,13,weekday,1.0
3094,van,5,3,14,weekend,1.0
3095,van,5,3,14,weekday,1.5
3096,van,5,3,15,weekend,1.0
3097,van,5,3,15,weekday,1.0
3098,van,5,3,17,weekday,1.0
3099,van,5,3,18,weekday,1.2
3100,van,5,3,19,weekday,1.0
3101,van,5,3,20,weekday,1.0
3102,van,5,3,21,weekday,1.0
3103,van,5,3,22,weekday,1.0
3104,van,5,6,2,weekday,1.0
3105,van,5,6,7,weekday,1.0
3106,van,5,6,8,weekday,1.0
3107,van,5,6,9,weekday,1.0
3108,van,5,6,10,weekday,1.0
3109,van,5,6,11,weekend,1.0
3110,van,5,6,11,weekday,1.0
3111,van,5,6,12,weekday,1.3333333333333333
3112,van,5,6,13,weekday,1.1666666666666667
3113,van,5,6,14,weekday,1.5
3114,van,5,6,15,weekday,1.0
3115,van,5,6,16,weekend,1.0
3116,van,5,6,16,weekday,1.0
3117,van,5,6,18,weekday,1.0
