,vehicle_category,zone_in,zone_out,hour,day_category,avg_traffic
0,bicycle,1,3,8,weekday,1.3
1,bicycle,1,3,9,weekday,1.0
2,bicycle,1,3,10,weekend,1.0
3,bicycle,1,3,12,weekend,1.0
4,bicycle,1,3,12,weekday,1.0
5,bicycle,1,3,13,weekend,1.0
6,bicycle,1,3,13,weekday,1.3333333333333333
7,bicycle,1,3,14,weekend,1.0
8,bicycle,1,3,14,weekday,1.0
9,bicycle,1,3,15,weekday,1.0
10,bicycle,1,3,16,weekend,1.5
11,bicycle,1,3,16,weekday,1.0
12,bicycle,1,5,7,weekday,1.0
13,bicycle,1,5,8,weekday,1.3333333333333333
14,bicycle,1,5,9,weekday,1.0
15,bicycle,1,5,16,weekday,1.0
16,bicycle,1,5,18,weekday,1.0
17,bicycle,1,5,19,weekday,1.0
18,bicycle,1,6,0,weekday,1.0
19,bicycle,1,6,4,weekend,1.0
20,bicycle,1,6,5,weekend,2.0
21,bicycle,1,6,7,weekday,1.0
22,bicycle,1,6,8,weekend,1.0
23,bicycle,1,6,8,weekday,1.25
24,bicycle,1,6,9,weekend,1.0
25,bicycle,1,6,9,weekday,1.6
26,bicycle,1,6,10,weekend,1.0
27,bicycle,1,6,10,weekday,1.0
28,bicycle,1,6,11,weekend,1.0
29,bicycle,1,6,11,weekday,1.0
30,bicycle,1,6,12,weekend,1.5
31,bicycle,1,6,12,weekday,1.0
32,bicycle,1,6,13,weekend,1.0
33,bicycle,1,6,13,weekday,1.0
34,bicycle,1,6,14,weekend,1.0
35,bicycle,1,6,14,weekday,1.0
36,bicycle,1,6,15,weekday,1.0
37,bicycle,1,6,16,weekend,1.0
38,bicycle,1,6,16,weekday,1.0
39,bicycle,1,6,17,weekend,2.0
40,bicycle,1,6,17,weekday,1.6666666666666667
41,bicycle,1,6,18,weekday,1.25
42,bicycle,1,6,19,weekend,1.0
43,bicycle,1,6,19,weekday,1.3333333333333333
44,bicycle,1,6,20,weekday,1.0
45,bicycle,1,6,22,weekday,1.0
46,bicycle,1,6,23,weekday,2.0
47,bicycle,2,3,1,weekday,1.0
48,bicycle,2,3,2,weekday,1.0
49,bicycle,2,3,5,weekday,1.3333333333333333
50,bicycle,2,3,6,weekday,1.0
51,bicycle,2,3,7,weekend,1.0
52,bicycle,2,3,7,weekday,1.1
53,bicycle,2,3,8,weekend,1.0
54,bicycle,2,3,8,weekday,2.2777777777777777
55,bicycle,2,3,9,weekend,1.0
56,bicycle,2,3,9,weekday,2.1875
57,bicycle,2,3,10,weekend,1.6666666666666667
58,bicycle,2,3,10,weekday,1.25
59,bicycle,2,3,11,weekend,1.6
60,bicycle,2,3,11,weekday,1.4545454545454546
61,bicycle,2,3,12,weekend,2.2857142857142856
62,bicycle,2,3,12,weekday,3.0833333333333335
63,bicycle,2,3,13,weekend,1.5
64,bicycle,2,3,13,weekday,2.875
65,bicycle,2,3,14,weekend,1.5714285714285714
66,bicycle,2,3,14,weekday,2.3333333333333335
67,bicycle,2,3,15,weekend,1.3333333333333333
68,bicycle,2,3,15,weekday,2.8461538461538463
69,bicycle,2,3,16,weekend,2.4
70,bicycle,2,3,16,weekday,2.0625
71,bicycle,2,3,17,weekend,1.3333333333333333
72,bicycle,2,3,17,weekday,1.9333333333333333
73,bicycle,2,3,18,weekend,1.0
74,bicycle,2,3,18,weekday,3.357142857142857
75,bicycle,2,3,19,weekend,1.5
76,bicycle,2,3,19,weekday,1.8235294117647058
77,bicycle,2,3,20,weekend,2.0
78,bicycle,2,3,20,weekday,1.5833333333333333
79,bicycle,2,3,21,weekend,1.0
80,bicycle,2,3,21,weekday,1.25
81,bicycle,2,3,22,weekend,1.0
82,bicycle,2,3,22,weekday,1.2
83,bicycle,2,3,23,weekday,1.0
84,bicycle,2,4,0,weekend,1.4
85,bicycle,2,4,0,weekday,1.1666666666666667
86,bicycle,2,4,1,weekend,1.0
87,bicycle,2,4,1,weekday,1.0
88,bicycle,2,4,2,weekday,1.0
89,bicycle,2,4,3,weekend,1.0
90,bicycle,2,4,3,weekday,1.0
91,bicycle,2,4,4,weekend,1.0
92,bicycle,2,4,5,weekend,1.0
93,bicycle,2,4,5,weekday,1.25
94,bicycle,2,4,6,weekend,1.0
95,bicycle,2,4,6,weekday,2.769230769230769
96,bicycle,2,4,7,weekend,1.3333333333333333
97,bicycle,2,4,7,weekday,9.894736842105264
98,bicycle,2,4,8,weekend,1.6666666666666667
99,bicycle,2,4,8,weekday,40.35
100,bicycle,2,4,9,weekend,3.0
101,bicycle,2,4,9,weekday,27.05
102,bicycle,2,4,10,weekend,4.9
103,bicycle,2,4,10,weekday,5.95
104,bicycle,2,4,11,weekend,7.6
105,bicycle,2,4,11,weekday,4.7
106,bicycle,2,4,12,weekend,9.333333333333334
107,bicycle,2,4,12,weekday,6.3
108,bicycle,2,4,13,weekend,4.5
109,bicycle,2,4,13,weekday,8.0
110,bicycle,2,4,14,weekend,6.0
111,bicycle,2,4,14,weekday,5.947368421052632
112,bicycle,2,4,15,weekend,6.6
113,bicycle,2,4,15,weekday,4.894736842105263
114,bicycle,2,4,16,weekend,7.1
115,bicycle,2,4,16,weekday,6.684210526315789
116,bicycle,2,4,17,weekend,5.285714285714286
117,bicycle,2,4,17,weekday,12.38888888888889
118,bicycle,2,4,18,weekend,2.8333333333333335
119,bicycle,2,4,18,weekday,21.470588235294116
120,bicycle,2,4,19,weekend,3.3333333333333335
121,bicycle,2,4,19,weekday,13.38888888888889
122,bicycle,2,4,20,weekend,2.8
123,bicycle,2,4,20,weekday,5.277777777777778
124,bicycle,2,4,21,weekend,1.8
125,bicycle,2,4,21,weekday,3.0625
126,bicycle,2,4,22,weekend,1.75
127,bicycle,2,4,22,weekday,2.5
128,bicycle,2,4,23,weekend,1.6666666666666667
129,bicycle,2,4,23,weekday,1.8571428571428572
130,bicycle,2,5,0,weekend,1.75
131,bicycle,2,5,0,weekday,1.4
132,bicycle,2,5,1,weekend,1.4285714285714286
133,bicycle,2,5,1,weekday,1.25
134,bicycle,2,5,2,weekend,1.3333333333333333
135,bicycle,2,5,2,weekday,1.0
136,bicycle,2,5,3,weekend,1.0
137,bicycle,2,5,3,weekday,1.3333333333333333
138,bicycle,2,5,4,weekend,2.0
139,bicycle,2,5,4,weekday,1.0
140,bicycle,2,5,5,weekend,1.0
141,bicycle,2,5,5,weekday,1.3333333333333333
142,bicycle,2,5,6,weekend,1.0
143,bicycle,2,5,6,weekday,2.588235294117647
144,bicycle,2,5,7,weekend,2.125
145,bicycle,2,5,7,weekday,17.8
146,bicycle,2,5,8,weekend,5.75
147,bicycle,2,5,8,weekday,114.75
148,bicycle,2,5,9,weekend,9.4
149,bicycle,2,5,9,weekday,85.9
150,bicycle,2,5,10,weekend,8.5
151,bicycle,2,5,10,weekday,15.9
152,bicycle,2,5,11,weekend,8.8
153,bicycle,2,5,11,weekday,9.8
154,bicycle,2,5,12,weekend,9.5
155,bicycle,2,5,12,weekday,19.15
156,bicycle,2,5,13,weekend,6.9
157,bicycle,2,5,13,weekday,17.2
158,bicycle,2,5,14,weekend,7.9
159,bicycle,2,5,14,weekday,9.5
160,bicycle,2,5,15,weekend,7.8
161,bicycle,2,5,15,weekday,8.55
162,bicycle,2,5,16,weekend,7.6
163,bicycle,2,5,16,weekday,8.45
164,bicycle,2,5,17,weekend,6.125
165,bicycle,2,5,17,weekday,21.75
166,bicycle,2,5,18,weekend,5.5
167,bicycle,2,5,18,weekday,41.8421052631579
168,bicycle,2,5,19,weekend,4.25
169,bicycle,2,5,19,weekday,26.15
170,bicycle,2,5,20,weekend,3.4285714285714284
171,bicycle,2,5,20,weekday,10.263157894736842
172,bicycle,2,5,21,weekend,2.5
173,bicycle,2,5,21,weekday,5.111111111111111
174,bicycle,2,5,22,weekend,2.75
175,bicycle,2,5,22,weekday,4.0588235294117645
176,bicycle,2,5,23,weekend,2.1666666666666665
177,bicycle,2,5,23,weekday,2.5625
178,bicycle,2,6,0,weekend,1.2222222222222223
179,bicycle,2,6,0,weekday,1.4444444444444444
180,bicycle,2,6,1,weekend,1.0
181,bicycle,2,6,1,weekday,1.0
182,bicycle,2,6,2,weekend,1.5
183,bicycle,2,6,2,weekday,1.0
184,bicycle,2,6,3,weekend,1.75
185,bicycle,2,6,3,weekday,1.0
186,bicycle,2,6,4,weekend,3.0
187,bicycle,2,6,4,weekday,1.0
188,bicycle,2,6,5,weekend,1.0
189,bicycle,2,6,5,weekday,1.25
190,bicycle,2,6,6,weekend,1.0
191,bicycle,2,6,6,weekday,2.4615384615384617
192,bicycle,2,6,7,weekend,2.4
193,bicycle,2,6,7,weekday,6.588235294117647
194,bicycle,2,6,8,weekend,6.777777777777778
195,bicycle,2,6,8,weekday,31.6
196,bicycle,2,6,9,weekend,11.0
197,bicycle,2,6,9,weekday,20.65
198,bicycle,2,6,10,weekend,7.4
199,bicycle,2,6,10,weekday,4.15
200,bicycle,2,6,11,weekend,5.1
201,bicycle,2,6,11,weekday,2.8947368421052633
202,bicycle,2,6,12,weekend,6.111111111111111
203,bicycle,2,6,12,weekday,8.35
204,bicycle,2,6,13,weekend,4.666666666666667
205,bicycle,2,6,13,weekday,4.85
206,bicycle,2,6,14,weekend,4.555555555555555
207,bicycle,2,6,14,weekday,3.8421052631578947
208,bicycle,2,6,15,weekend,3.6
209,bicycle,2,6,15,weekday,3.888888888888889
210,bicycle,2,6,16,weekend,3.5
211,bicycle,2,6,16,weekday,4.294117647058823
212,bicycle,2,6,17,weekend,3.2857142857142856
213,bicycle,2,6,17,weekday,7.2
214,bicycle,2,6,18,weekend,4.25
215,bicycle,2,6,18,weekday,14.947368421052632
216,bicycle,2,6,19,weekend,3.0
217,bicycle,2,6,19,weekday,9.5
218,bicycle,2,6,20,weekend,3.875
219,bicycle,2,6,20,weekday,5.473684210526316
220,bicycle,2,6,21,weekend,2.875
221,bicycle,2,6,21,weekday,3.125
222,bicycle,2,6,22,weekend,1.5714285714285714
223,bicycle,2,6,22,weekday,3.2777777777777777
224,bicycle,2,6,23,weekend,1.5
225,bicycle,2,6,23,weekday,3.235294117647059
226,bicycle,3,3,7,weekday,1.0
227,bicycle,3,3,8,weekday,1.9090909090909092
228,bicycle,3,3,9,weekend,1.0
229,bicycle,3,3,9,weekday,1.2142857142857142
230,bicycle,3,3,10,weekend,1.0
231,bicycle,3,3,11,weekday,1.0
232,bicycle,3,3,12,weekend,1.0
233,bicycle,3,3,12,weekday,1.0
234,bicycle,3,3,13,weekend,1.0
235,bicycle,3,3,13,weekday,1.0
236,bicycle,3,3,14,weekday,3.0
237,bicycle,3,3,16,weekend,1.5
238,bicycle,3,3,16,weekday,1.0
239,bicycle,3,3,17,weekday,1.5
240,bicycle,3,3,18,weekday,1.0
241,bicycle,3,3,22,weekday,1.0
242,bicycle,3,5,8,weekday,1.0
243,bicycle,3,5,9,weekday,1.5
244,bicycle,3,5,11,weekend,1.0
245,bicycle,3,5,11,weekday,1.0
246,bicycle,3,5,13,weekend,1.0
247,bicycle,3,5,14,weekday,1.0
248,bicycle,3,5,16,weekday,1.0
249,bicycle,3,5,17,weekday,1.0
250,bicycle,3,5,18,weekday,1.0
251,bicycle,3,5,19,weekday,1.0
252,bicycle,3,6,0,weekday,1.0
253,bicycle,3,6,7,weekday,1.9
254,bicycle,3,6,8,weekend,1.0
255,bicycle,3,6,8,weekday,6.842105263157895
256,bicycle,3,6,9,weekend,1.1666666666666667
257,bicycle,3,6,9,weekday,3.3333333333333335
258,bicycle,3,6,10,weekend,1.4
259,bicycle,3,6,10,weekday,1.375
260,bicycle,3,6,11,weekend,1.25
261,bicycle,3,6,11,weekday,1.4545454545454546
262,bicycle,3,6,12,weekend,2.0
263,bicycle,3,6,12,weekday,1.7857142857142858
264,bicycle,3,6,13,weekend,1.375
265,bicycle,3,6,13,weekday,1.8333333333333333
266,bicycle,3,6,14,weekend,1.6666666666666667
267,bicycle,3,6,14,weekday,2.090909090909091
268,bicycle,3,6,15,weekend,1.7142857142857142
269,bicycle,3,6,15,weekday,1.4
270,bicycle,3,6,16,weekend,2.0
271,bicycle,3,6,16,weekday,2.0833333333333335
272,bicycle,3,6,17,weekend,1.0
273,bicycle,3,6,17,weekday,2.142857142857143
274,bicycle,3,6,18,weekday,2.142857142857143
275,bicycle,3,6,19,weekend,1.0
276,bicycle,3,6,19,weekday,1.6363636363636365
277,bicycle,3,6,20,weekday,1.0
278,bicycle,3,6,21,weekday,1.0
279,bicycle,3,6,22,weekend,2.0
280,bicycle,3,6,22,weekday,1.0
281,bicycle,4,2,0,weekend,3.0
282,bicycle,4,2,0,weekday,2.642857142857143
283,bicycle,4,2,1,weekend,2.4285714285714284
284,bicycle,4,2,1,weekday,1.6
285,bicycle,4,2,2,weekend,1.0
286,bicycle,4,2,2,weekday,1.0
287,bicycle,4,2,3,weekend,1.0
288,bicycle,4,2,3,weekday,1.0
289,bicycle,4,2,4,weekend,1.3333333333333333
290,bicycle,4,2,5,weekend,2.0
291,bicycle,4,2,5,weekday,1.0
292,bicycle,4,2,6,weekend,1.25
293,bicycle,4,2,6,weekday,1.125
294,bicycle,4,2,7,weekend,1.8571428571428572
295,bicycle,4,2,7,weekday,6.222222222222222
296,bicycle,4,2,8,weekend,6.1
297,bicycle,4,2,8,weekday,64.1
298,bicycle,4,2,9,weekend,13.3
299,bicycle,4,2,9,weekday,65.75
300,bicycle,4,2,10,weekend,18.7
301,bicycle,4,2,10,weekday,12.4
302,bicycle,4,2,11,weekend,14.3
303,bicycle,4,2,11,weekday,11.1
304,bicycle,4,2,12,weekend,17.8
305,bicycle,4,2,12,weekday,22.0
306,bicycle,4,2,13,weekend,12.4
307,bicycle,4,2,13,weekday,19.4
308,bicycle,4,2,14,weekend,16.4
309,bicycle,4,2,14,weekday,22.2
310,bicycle,4,2,15,weekend,19.5
311,bicycle,4,2,15,weekday,20.6
312,bicycle,4,2,16,weekend,16.0
313,bicycle,4,2,16,weekday,28.35
314,bicycle,4,2,17,weekend,10.125
315,bicycle,4,2,17,weekday,27.75
316,bicycle,4,2,18,weekend,3.2857142857142856
317,bicycle,4,2,18,weekday,37.166666666666664
318,bicycle,4,2,19,weekend,3.7777777777777777
319,bicycle,4,2,19,weekday,26.05263157894737
320,bicycle,4,2,20,weekend,3.25
321,bicycle,4,2,20,weekday,12.105263157894736
322,bicycle,4,2,21,weekend,2.875
323,bicycle,4,2,21,weekday,6.411764705882353
324,bicycle,4,2,22,weekend,2.25
325,bicycle,4,2,22,weekday,6.625
326,bicycle,4,2,23,weekend,2.7142857142857144
327,bicycle,4,2,23,weekday,4.0
328,bicycle,4,5,0,weekend,1.0
329,bicycle,4,5,0,weekday,1.0
330,bicycle,4,5,1,weekend,1.0
331,bicycle,4,5,1,weekday,1.0
332,bicycle,4,5,2,weekday,1.0
333,bicycle,4,5,4,weekday,1.0
334,bicycle,4,5,5,weekday,1.0
335,bicycle,4,5,6,weekday,1.0
336,bicycle,4,5,7,weekend,1.0
337,bicycle,4,5,7,weekday,3.3333333333333335
338,bicycle,4,5,8,weekend,2.7777777777777777
339,bicycle,4,5,8,weekday,27.05
340,bicycle,4,5,9,weekend,2.2857142857142856
341,bicycle,4,5,9,weekday,29.3
342,bicycle,4,5,10,weekend,3.111111111111111
343,bicycle,4,5,10,weekday,6.25
344,bicycle,4,5,11,weekend,5.625
345,bicycle,4,5,11,weekday,4.4
346,bicycle,4,5,12,weekend,4.222222222222222
347,bicycle,4,5,12,weekday,7.35
348,bicycle,4,5,13,weekend,3.6
349,bicycle,4,5,13,weekday,7.2
350,bicycle,4,5,14,weekend,4.222222222222222
351,bicycle,4,5,14,weekday,6.4
352,bicycle,4,5,15,weekend,3.2
353,bicycle,4,5,15,weekday,5.15
354,bicycle,4,5,16,weekend,5.285714285714286
355,bicycle,4,5,16,weekday,6.9
356,bicycle,4,5,17,weekend,2.857142857142857
357,bicycle,4,5,17,weekday,8.736842105263158
358,bicycle,4,5,18,weekend,1.4
359,bicycle,4,5,18,weekday,9.352941176470589
360,bicycle,4,5,19,weekend,1.6666666666666667
361,bicycle,4,5,19,weekday,7.0588235294117645
362,bicycle,4,5,20,weekend,1.0
363,bicycle,4,5,20,weekday,2.6875
364,bicycle,4,5,21,weekend,1.4
365,bicycle,4,5,21,weekday,1.8
366,bicycle,4,5,22,weekend,1.0
367,bicycle,4,5,22,weekday,1.1428571428571428
368,bicycle,4,5,23,weekday,1.3333333333333333
369,bicycle,4,6,2,weekend,1.0
370,bicycle,4,6,8,weekend,1.0
371,bicycle,4,6,8,weekday,1.1
372,bicycle,4,6,9,weekend,1.0
373,bicycle,4,6,9,weekday,1.5333333333333334
374,bicycle,4,6,10,weekend,1.3333333333333333
375,bicycle,4,6,10,weekday,1.0
376,bicycle,4,6,11,weekend,1.75
377,bicycle,4,6,11,weekday,1.25
378,bicycle,4,6,12,weekend,1.5
379,bicycle,4,6,12,weekday,1.0
380,bicycle,4,6,13,weekend,1.2
381,bicycle,4,6,13,weekday,1.5
382,bicycle,4,6,14,weekday,1.0
383,bicycle,4,6,15,weekend,1.3333333333333333
384,bicycle,4,6,15,weekday,1.3333333333333333
385,bicycle,4,6,16,weekend,1.0
386,bicycle,4,6,16,weekday,1.5
387,bicycle,4,6,17,weekend,1.0
388,bicycle,4,6,17,weekday,1.2222222222222223
389,bicycle,4,6,18,weekday,1.3333333333333333
390,bicycle,4,6,19,weekday,1.0
391,bicycle,4,6,20,weekday,1.0
392,bicycle,4,6,22,weekday,1.0
393,bicycle,4,6,23,weekday,1.0
394,bicycle,5,3,1,weekend,1.0
395,bicycle,5,3,3,weekend,2.0
396,bicycle,5,3,5,weekend,1.0
397,bicycle,5,3,6,weekday,1.0
398,bicycle,5,3,7,weekday,1.2
399,bicycle,5,3,8,weekday,1.0909090909090908
400,bicycle,5,3,9,weekend,1.0
401,bicycle,5,3,9,weekday,1.6428571428571428
402,bicycle,5,3,10,weekend,1.2
403,bicycle,5,3,10,weekday,1.125
404,bicycle,5,3,11,weekend,1.3333333333333333
405,bicycle,5,3,11,weekday,2.0
406,bicycle,5,3,12,weekend,1.6
407,bicycle,5,3,12,weekday,1.4285714285714286
408,bicycle,5,3,13,weekend,1.0
409,bicycle,5,3,13,weekday,1.2857142857142858
410,bicycle,5,3,14,weekend,1.0
411,bicycle,5,3,14,weekday,1.3333333333333333
412,bicycle,5,3,15,weekend,1.1666666666666667
413,bicycle,5,3,15,weekday,1.5
414,bicycle,5,3,16,weekend,1.75
415,bicycle,5,3,16,weekday,1.0
416,bicycle,5,3,17,weekend,1.0
417,bicycle,5,3,17,weekday,1.125
418,bicycle,5,3,18,weekend,1.0
419,bicycle,5,3,18,weekday,1.6666666666666667
420,bicycle,5,3,19,weekend,1.0
421,bicycle,5,3,19,weekday,1.5454545454545454
422,bicycle,5,3,20,weekend,1.0
423,bicycle,5,3,20,weekday,1.5
424,bicycle,5,3,21,weekday,1.0
425,bicycle,5,3,22,weekday,1.0
426,bicycle,5,3,23,weekday,1.0
427,bicycle,5,4,0,weekend,1.2
428,bicycle,5,4,0,weekday,1.3333333333333333
429,bicycle,5,4,1,weekend,1.5
430,bicycle,5,4,1,weekday,1.0
431,bicycle,5,4,2,weekend,1.0
432,bicycle,5,4,3,weekend,1.0
433,bicycle,5,4,3,weekday,1.0
434,bicycle,5,4,4,weekend,1.5
435,bicycle,5,4,5,weekend,1.0
436,bicycle,5,4,5,weekday,1.0
437,bicycle,5,4,6,weekend,1.0
438,bicycle,5,4,6,weekday,1.4444444444444444
439,bicycle,5,4,7,weekend,1.3333333333333333
440,bicycle,5,4,7,weekday,3.7222222222222223
441,bicycle,5,4,8,weekend,2.2
442,bicycle,5,4,8,weekday,22.7
443,bicycle,5,4,9,weekend,3.4
444,bicycle,5,4,9,weekday,18.2
445,bicycle,5,4,10,weekend,4.333333333333333
446,bicycle,5,4,10,weekday,4.473684210526316
447,bicycle,5,4,11,weekend,4.222222222222222
448,bicycle,5,4,11,weekday,2.65
449,bicycle,5,4,12,weekend,4.555555555555555
450,bicycle,5,4,12,weekday,5.3
451,bicycle,5,4,13,weekend,3.7
452,bicycle,5,4,13,weekday,6.6
453,bicycle,5,4,14,weekend,4.555555555555555
454,bicycle,5,4,14,weekday,4.368421052631579
455,bicycle,5,4,15,weekend,4.1
456,bicycle,5,4,15,weekday,3.5
457,bicycle,5,4,16,weekend,3.6666666666666665
458,bicycle,5,4,16,weekday,4.666666666666667
459,bicycle,5,4,17,weekend,2.875
460,bicycle,5,4,17,weekday,5.25
461,bicycle,5,4,18,weekend,1.8
462,bicycle,5,4,18,weekday,8.61111111111111
463,bicycle,5,4,19,weekend,1.4
464,bicycle,5,4,19,weekday,5.0
465,bicycle,5,4,20,weekend,1.2857142857142858
466,bicycle,5,4,20,weekday,2.0
467,bicycle,5,4,21,weekend,1.6666666666666667
468,bicycle,5,4,21,weekday,2.0
469,bicycle,5,4,22,weekend,1.25
470,bicycle,5,4,22,weekday,1.5
471,bicycle,5,4,23,weekday,1.1428571428571428
472,bicycle,5,5,0,weekend,6.1
473,bicycle,5,5,0,weekday,5.5625
474,bicycle,5,5,1,weekend,4.777777777777778
475,bicycle,5,5,1,weekday,2.5
476,bicycle,5,5,2,weekend,1.5714285714285714
477,bicycle,5,5,2,weekday,1.25
478,bicycle,5,5,3,weekend,3.0
479,bicycle,5,5,3,weekday,1.2857142857142858
480,bicycle,5,5,4,weekend,2.1666666666666665
481,bicycle,5,5,4,weekday,3.375
482,bicycle,5,5,5,weekend,2.3333333333333335
483,bicycle,5,5,5,weekday,2.625
484,bicycle,5,5,6,weekend,4.111111111111111
485,bicycle,5,5,6,weekday,10.666666666666666
486,bicycle,5,5,7,weekend,6.8
487,bicycle,5,5,7,weekday,49.35
488,bicycle,5,5,8,weekend,24.6
489,bicycle,5,5,8,weekday,210.95
490,bicycle,5,5,9,weekend,45.8
491,bicycle,5,5,9,weekday,192.85
492,bicycle,5,5,10,weekend,40.6
493,bicycle,5,5,10,weekday,68.3
494,bicycle,5,5,11,weekend,46.5
495,bicycle,5,5,11,weekday,45.3
496,bicycle,5,5,12,weekend,47.5
497,bicycle,5,5,12,weekday,62.95
498,bicycle,5,5,13,weekend,39.6
499,bicycle,5,5,13,weekday,62.4
500,bicycle,5,5,14,weekend,44.0
501,bicycle,5,5,14,weekday,50.25
502,bicycle,5,5,15,weekend,49.6
503,bicycle,5,5,15,weekday,50.25
504,bicycle,5,5,16,weekend,47.5
505,bicycle,5,5,16,weekday,50.8
506,bicycle,5,5,17,weekend,30.125
507,bicycle,5,5,17,weekday,65.65
508,bicycle,5,5,18,weekend,21.88888888888889
509,bicycle,5,5,18,weekday,83.15789473684211
510,bicycle,5,5,19,weekend,17.444444444444443
511,bicycle,5,5,19,weekday,59.65
512,bicycle,5,5,20,weekend,17.555555555555557
513,bicycle,5,5,20,weekday,32.3
514,bicycle,5,5,21,weekend,8.2
515,bicycle,5,5,21,weekday,16.57894736842105
516,bicycle,5,5,22,weekend,7.3
517,bicycle,5,5,22,weekday,15.0
518,bicycle,5,5,23,weekend,5.555555555555555
519,bicycle,5,5,23,weekday,11.45
520,bicycle,5,6,0,weekend,1.0
521,bicycle,5,6,0,weekday,1.5
522,bicycle,5,6,1,weekday,1.0
523,bicycle,5,6,6,weekend,1.0
524,bicycle,5,6,6,weekday,1.0
525,bicycle,5,6,7,weekend,1.0
526,bicycle,5,6,7,weekday,3.0
527,bicycle,5,6,8,weekend,2.4
528,bicycle,5,6,8,weekday,18.35
529,bicycle,5,6,9,weekend,2.2222222222222223
530,bicycle,5,6,9,weekday,16.9
531,bicycle,5,6,10,weekend,2.625
532,bicycle,5,6,10,weekday,3.35
533,bicycle,5,6,11,weekend,2.4285714285714284
534,bicycle,5,6,11,weekday,2.388888888888889
535,bicycle,5,6,12,weekend,1.3333333333333333
536,bicycle,5,6,12,weekday,3.1666666666666665
537,bicycle,5,6,13,weekend,1.75
538,bicycle,5,6,13,weekday,2.235294117647059
539,bicycle,5,6,14,weekend,2.7777777777777777
540,bicycle,5,6,14,weekday,2.411764705882353
541,bicycle,5,6,15,weekend,2.857142857142857
542,bicycle,5,6,15,weekday,1.8235294117647058
543,bicycle,5,6,16,weekend,2.0
544,bicycle,5,6,16,weekday,2.2777777777777777
545,bicycle,5,6,17,weekend,1.0
546,bicycle,5,6,17,weekday,3.375
547,bicycle,5,6,18,weekend,1.3333333333333333
548,bicycle,5,6,18,weekday,6.933333333333334
549,bicycle,5,6,19,weekend,2.0
550,bicycle,5,6,19,weekday,3.466666666666667
551,bicycle,5,6,20,weekend,1.0
552,bicycle,5,6,20,weekday,1.6666666666666667
553,bicycle,5,6,21,weekend,1.0
554,bicycle,5,6,21,weekday,1.625
555,bicycle,5,6,22,weekend,1.0
556,bicycle,5,6,22,weekday,1.25
557,bicycle,5,6,23,weekend,1.0
558,bicycle,5,6,23,weekday,1.0
559,bicycle,6,4,1,weekend,1.0
560,bicycle,6,4,2,weekend,1.0
561,bicycle,6,4,6,weekday,1.0
562,bicycle,6,4,7,weekend,1.5
563,bicycle,6,4,7,weekday,10.8
564,bicycle,6,4,8,weekend,3.25
565,bicycle,6,4,8,weekday,51.5
566,bicycle,6,4,9,weekend,8.1
567,bicycle,6,4,9,weekday,36.1
568,bicycle,6,4,10,weekend,7.7
569,bicycle,6,4,10,weekday,11.65
570,bicycle,6,4,11,weekend,10.666666666666666
571,bicycle,6,4,11,weekday,8.0
572,bicycle,6,4,12,weekend,11.9
573,bicycle,6,4,12,weekday,8.9
574,bicycle,6,4,13,weekend,9.0
575,bicycle,6,4,13,weekday,10.2
576,bicycle,6,4,14,weekend,9.7
577,bicycle,6,4,14,weekday,9.7
578,bicycle,6,4,15,weekend,8.5
579,bicycle,6,4,15,weekday,9.7
580,bicycle,6,4,16,weekend,11.0
581,bicycle,6,4,16,weekday,11.25
582,bicycle,6,4,17,weekend,8.166666666666666
583,bicycle,6,4,17,weekday,7.555555555555555
584,bicycle,6,4,18,weekend,1.0
585,bicycle,6,4,18,weekday,3.0714285714285716
586,bicycle,6,4,19,weekend,1.0
587,bicycle,6,4,19,weekday,2.769230769230769
588,bicycle,6,4,20,weekend,2.0
589,bicycle,6,4,20,weekday,1.0909090909090908
590,bicycle,6,4,21,weekday,1.0
591,bicycle,6,4,22,weekday,1.0
592,bicycle,6,4,23,weekend,1.0
593,bicycle,6,4,23,weekday,1.0
594,bus,1,1,0,weekend,1.0
595,bus,1,1,0,weekday,1.0
596,bus,1,1,1,weekend,1.0
597,bus,1,1,1,weekday,1.0
598,bus,1,1,2,weekday,1.0
599,bus,1,1,4,weekday,1.0
600,bus,1,1,6,weekend,1.0
601,bus,1,1,6,weekday,1.5
602,bus,1,1,7,weekend,3.875
603,bus,1,1,7,weekday,5.7368421052631575
604,bus,1,1,8,weekend,8.1
605,bus,1,1,8,weekday,13.55
606,bus,1,1,9,weekend,8.3
607,bus,1,1,9,weekday,15.55
608,bus,1,1,10,weekend,8.3
609,bus,1,1,10,weekday,16.85
610,bus,1,1,11,weekend,8.9
611,bus,1,1,11,weekday,14.6
612,bus,1,1,12,weekend,8.2
613,bus,1,1,12,weekday,9.6
614,bus,1,1,13,weekend,8.8
615,bus,1,1,13,weekday,11.7
616,bus,1,1,14,weekend,8.9
617,bus,1,1,14,weekday,11.65
618,bus,1,1,15,weekend,8.3
619,bus,1,1,15,weekday,13.9
620,bus,1,1,16,weekend,9.0
621,bus,1,1,16,weekday,15.7
622,bus,1,1,17,weekend,5.111111111111111
623,bus,1,1,17,weekday,8.4
624,bus,1,1,18,weekend,2.0
625,bus,1,1,18,weekday,1.6363636363636365
626,bus,1,1,19,weekend,1.0
627,bus,1,1,19,weekday,1.6666666666666667
628,bus,1,1,20,weekend,1.0
629,bus,1,1,20,weekday,1.625
630,bus,1,1,21,weekend,1.0
631,bus,1,1,21,weekday,1.0
632,bus,1,1,22,weekend,1.0
633,bus,1,1,22,weekday,1.5
634,bus,1,1,23,weekday,1.3333333333333333
635,bus,1,3,0,weekend,1.0
636,bus,1,3,0,weekday,1.0
637,bus,1,3,7,weekend,1.0
638,bus,1,3,8,weekend,1.0
639,bus,1,3,8,weekday,1.0
640,bus,1,3,9,weekend,1.0
641,bus,1,3,9,weekday,1.25
642,bus,1,3,10,weekend,1.0
643,bus,1,3,10,weekday,1.0
644,bus,1,3,11,weekday,1.3333333333333333
645,bus,1,3,12,weekend,1.0
646,bus,1,3,12,weekday,1.0
647,bus,1,3,14,weekday,1.0
648,bus,1,3,15,weekday,1.0
649,bus,1,3,16,weekend,1.0
650,bus,1,3,16,weekday,1.0
651,bus,1,3,17,weekend,1.0
652,bus,1,3,17,weekday,1.0
653,bus,1,3,18,weekday,1.0
654,bus,1,3,19,weekday,1.75
655,bus,1,3,20,weekday,1.6666666666666667
656,bus,1,3,21,weekday,1.0
657,bus,1,3,22,weekday,1.0
658,bus,1,3,23,weekend,1.0
659,bus,1,3,23,weekday,1.0
660,bus,1,6,0,weekend,1.0
661,bus,1,6,0,weekday,1.3333333333333333
662,bus,1,6,5,weekend,1.0
663,bus,1,6,5,weekday,1.0
664,bus,1,6,6,weekday,1.0
665,bus,1,6,7,weekend,1.0
666,bus,1,6,7,weekday,1.4
667,bus,1,6,8,weekend,1.0
668,bus,1,6,8,weekday,1.5454545454545454
669,bus,1,6,9,weekend,1.0
670,bus,1,6,9,weekday,1.4545454545454546
671,bus,1,6,10,weekend,1.0
672,bus,1,6,10,weekday,1.5833333333333333
673,bus,1,6,11,weekend,1.0
674,bus,1,6,11,weekday,1.7142857142857142
675,bus,1,6,12,weekend,1.0
676,bus,1,6,12,weekday,1.0
677,bus,1,6,13,weekend,1.0
678,bus,1,6,13,weekday,1.2
679,bus,1,6,14,weekend,1.5
680,bus,1,6,14,weekday,1.25
681,bus,1,6,15,weekend,1.0
682,bus,1,6,15,weekday,1.5
683,bus,1,6,16,weekend,1.0
684,bus,1,6,16,weekday,1.375
685,bus,1,6,17,weekend,1.3333333333333333
686,bus,1,6,17,weekday,1.6666666666666667
687,bus,1,6,18,weekend,1.2
688,bus,1,6,18,weekday,2.6666666666666665
689,bus,1,6,19,weekend,1.4285714285714286
690,bus,1,6,19,weekday,2.888888888888889
691,bus,1,6,20,weekend,1.0
692,bus,1,6,20,weekday,2.6666666666666665
693,bus,1,6,21,weekend,1.0
694,bus,1,6,21,weekday,1.2
695,bus,1,6,22,weekday,1.6
696,bus,1,6,23,weekend,1.0
697,bus,1,6,23,weekday,1.5
698,bus,2,3,0,weekday,1.5
699,bus,2,3,1,weekend,1.0
700,bus,2,3,1,weekday,1.0
701,bus,2,3,2,weekend,1.0
702,bus,2,3,2,weekday,1.0
703,bus,2,3,3,weekend,1.0
704,bus,2,3,3,weekday,1.0
705,bus,2,3,4,weekend,1.0
706,bus,2,3,4,weekday,1.0
707,bus,2,3,5,weekend,1.0
708,bus,2,3,5,weekday,1.0
709,bus,2,3,6,weekend,1.0
710,bus,2,3,6,weekday,1.0
711,bus,2,3,7,weekend,1.0
712,bus,2,3,7,weekday,1.0
713,bus,2,3,8,weekday,1.0
714,bus,2,3,9,weekend,1.0
715,bus,2,3,9,weekday,1.0
716,bus,2,3,10,weekday,1.0
717,bus,2,3,11,weekday,1.0
718,bus,2,3,12,weekday,1.0
719,bus,2,3,14,weekend,1.0
720,bus,2,3,14,weekday,1.0
721,bus,2,3,15,weekend,1.0
722,bus,2,3,15,weekday,1.0
723,bus,2,3,17,weekday,1.0
724,bus,2,3,18,weekday,1.2857142857142858
725,bus,2,3,19,weekend,1.0
726,bus,2,3,19,weekday,1.0
727,bus,2,3,20,weekend,1.0
728,bus,2,3,20,weekday,1.6666666666666667
729,bus,2,3,21,weekday,1.125
730,bus,2,3,22,weekday,1.0
731,bus,2,3,23,weekend,1.0
732,bus,2,3,23,weekday,1.0
733,bus,2,6,0,weekend,7.7
734,bus,2,6,0,weekday,7.3
735,bus,2,6,1,weekend,5.111111111111111
736,bus,2,6,1,weekday,2.0
737,bus,2,6,2,weekend,1.0
738,bus,2,6,2,weekday,1.0
739,bus,2,6,5,weekend,5.5
740,bus,2,6,5,weekday,6.421052631578948
741,bus,2,6,6,weekend,5.8
742,bus,2,6,6,weekday,14.1
743,bus,2,6,7,weekend,11.7
744,bus,2,6,7,weekday,21.2
745,bus,2,6,8,weekend,11.5
746,bus,2,6,8,weekday,20.9
747,bus,2,6,9,weekend,11.2
748,bus,2,6,9,weekday,22.75
749,bus,2,6,10,weekend,11.4
750,bus,2,6,10,weekday,22.8
751,bus,2,6,11,weekend,12.2
752,bus,2,6,11,weekday,17.55
753,bus,2,6,12,weekend,12.1
754,bus,2,6,12,weekday,17.0
755,bus,2,6,13,weekend,12.8
756,bus,2,6,13,weekday,16.95
757,bus,2,6,14,weekend,12.4
758,bus,2,6,14,weekday,16.55
759,bus,2,6,15,weekend,14.0
760,bus,2,6,15,weekday,19.85
761,bus,2,6,16,weekend,11.8
762,bus,2,6,16,weekday,22.4
763,bus,2,6,17,weekend,12.0
764,bus,2,6,17,weekday,21.85
765,bus,2,6,18,weekend,9.7
766,bus,2,6,18,weekday,15.55
767,bus,2,6,19,weekend,10.3
768,bus,2,6,19,weekday,16.2
769,bus,2,6,20,weekend,11.1
770,bus,2,6,20,weekday,12.85
771,bus,2,6,21,weekend,10.4
772,bus,2,6,21,weekday,11.95
773,bus,2,6,22,weekend,7.5
774,bus,2,6,22,weekday,9.8
775,bus,2,6,23,weekend,7.8
776,bus,2,6,23,weekday,8.4
777,bus,3,1,0,weekend,2.1
778,bus,3,1,0,weekday,2.411764705882353
779,bus,3,1,1,weekend,2.5
780,bus,3,1,1,weekday,1.5
781,bus,3,1,2,weekend,1.6
782,bus,3,1,2,weekday,1.0
783,bus,3,1,3,weekday,1.0
784,bus,3,1,4,weekend,1.0
785,bus,3,1,4,weekday,1.0
786,bus,3,1,5,weekend,1.0
787,bus,3,1,5,weekday,1.1666666666666667
788,bus,3,1,6,weekend,1.25
789,bus,3,1,6,weekday,2.3125
790,bus,3,1,7,weekend,3.7777777777777777
791,bus,3,1,7,weekday,6.2
792,bus,3,1,8,weekend,5.6
793,bus,3,1,8,weekday,12.75
794,bus,3,1,9,weekend,6.9
795,bus,3,1,9,weekday,16.85
796,bus,3,1,10,weekend,7.0
797,bus,3,1,10,weekday,17.7
798,bus,3,1,11,weekend,7.7
799,bus,3,1,11,weekday,14.0
800,bus,3,1,12,weekend,7.888888888888889
801,bus,3,1,12,weekday,9.421052631578947
802,bus,3,1,13,weekend,8.333333333333334
803,bus,3,1,13,weekday,10.8
804,bus,3,1,14,weekend,7.3
805,bus,3,1,14,weekday,10.65
806,bus,3,1,15,weekend,8.0
807,bus,3,1,15,weekday,12.6
808,bus,3,1,16,weekend,6.7
809,bus,3,1,16,weekday,14.0
810,bus,3,1,17,weekend,4.333333333333333
811,bus,3,1,17,weekday,8.05
812,bus,3,1,18,weekend,2.6666666666666665
813,bus,3,1,18,weekday,5.55
814,bus,3,1,19,weekend,3.5555555555555554
815,bus,3,1,19,weekday,5.65
816,bus,3,1,20,weekend,2.875
817,bus,3,1,20,weekday,5.45
818,bus,3,1,21,weekend,1.9
819,bus,3,1,21,weekday,2.6842105263157894
820,bus,3,1,22,weekend,2.625
821,bus,3,1,22,weekday,3.5294117647058822
822,bus,3,1,23,weekend,2.4444444444444446
823,bus,3,1,23,weekday,1.9333333333333333
824,bus,3,3,0,weekend,1.0
825,bus,3,3,0,weekday,1.0
826,bus,3,3,6,weekday,1.0
827,bus,3,3,7,weekday,1.0
828,bus,3,3,8,weekend,1.3333333333333333
829,bus,3,3,8,weekday,1.375
830,bus,3,3,9,weekend,1.3333333333333333
831,bus,3,3,9,weekday,1.0
832,bus,3,3,10,weekend,1.0
833,bus,3,3,10,weekday,1.3333333333333333
834,bus,3,3,11,weekend,1.0
835,bus,3,3,11,weekday,1.0
836,bus,3,3,12,weekday,1.0
837,bus,3,3,13,weekend,2.0
838,bus,3,3,14,weekday,1.0
839,bus,3,3,17,weekend,1.0
840,bus,3,3,18,weekend,1.0
841,bus,3,3,18,weekday,1.3333333333333333
842,bus,3,3,19,weekday,3.0
843,bus,3,3,20,weekend,1.0
844,bus,3,3,20,weekday,1.3333333333333333
845,bus,3,3,21,weekend,1.0
846,bus,3,3,21,weekday,1.0
847,bus,3,3,22,weekday,1.0
848,bus,3,3,23,weekday,1.3333333333333333
849,bus,3,6,0,weekday,1.0
850,bus,3,6,6,weekday,1.0
851,bus,3,6,7,weekday,1.0
852,bus,3,6,8,weekend,1.5
853,bus,3,6,8,weekday,1.0
854,bus,3,6,9,weekday,1.0
855,bus,3,6,10,weekday,1.0
856,bus,3,6,11,weekday,1.0
857,bus,3,6,13,weekday,1.0
858,bus,3,6,14,weekday,1.0
859,bus,3,6,15,weekday,1.0
860,bus,3,6,17,weekend,1.0
861,bus,3,6,17,weekday,1.0
862,bus,3,6,18,weekend,1.0
863,bus,3,6,18,weekday,1.1666666666666667
864,bus,3,6,19,weekend,1.0
865,bus,3,6,19,weekday,1.2
866,bus,3,6,20,weekend,1.0
867,bus,3,6,20,weekday,1.3333333333333333
868,bus,3,6,21,weekday,1.0
869,bus,3,6,23,weekday,1.3333333333333333
870,bus,5,3,0,weekday,1.0
871,bus,5,3,19,weekday,1.0
872,bus,5,3,20,weekday,2.0
873,bus,5,6,6,weekday,1.0
874,bus,5,6,7,weekday,1.0
875,bus,5,6,8,weekend,1.0
876,bus,5,6,8,weekday,1.0
877,bus,5,6,9,weekday,1.0
878,bus,5,6,11,weekday,1.0
879,bus,5,6,12,weekday,1.0
880,bus,5,6,17,weekday,2.0
881,bus,5,6,18,weekend,1.0
882,bus,5,6,18,weekday,1.0
883,bus,5,6,19,weekday,1.0
884,bus,5,6,20,weekday,1.0
885,bus,5,6,21,weekday,1.0
886,car,1,1,0,weekend,37.8
887,car,1,1,0,weekday,38.75
888,car,1,1,1,weekend,20.2
889,car,1,1,1,weekday,19.444444444444443
890,car,1,1,2,weekend,14.6
891,car,1,1,2,weekday,10.833333333333334
892,car,1,1,3,weekend,11.7
893,car,1,1,3,weekday,9.0
894,car,1,1,4,weekend,10.5
895,car,1,1,4,weekday,6.944444444444445
896,car,1,1,5,weekend,12.666666666666666
897,car,1,1,5,weekday,16.42105263157895
898,car,1,1,6,weekend,11.4
899,car,1,1,6,weekday,37.35
900,car,1,1,7,weekend,41.6
901,car,1,1,7,weekday,177.15
902,car,1,1,8,weekend,144.1
903,car,1,1,8,weekday,518.05
904,car,1,1,9,weekend,201.9
905,car,1,1,9,weekday,505.05
906,car,1,1,10,weekend,259.9
907,car,1,1,10,weekday,380.3
908,car,1,1,11,weekend,297.4
909,car,1,1,11,weekday,351.15
910,car,1,1,12,weekend,349.7
911,car,1,1,12,weekday,370.45
912,car,1,1,13,weekend,330.4
913,car,1,1,13,weekday,410.0
914,car,1,1,14,weekend,348.7
915,car,1,1,14,weekday,423.9
916,car,1,1,15,weekend,433.8
917,car,1,1,15,weekday,485.45
918,car,1,1,16,weekend,418.7
919,car,1,1,16,weekday,470.15
920,car,1,1,17,weekend,234.7
921,car,1,1,17,weekday,375.3
922,car,1,1,18,weekend,117.8
923,car,1,1,18,weekday,253.8
924,car,1,1,19,weekend,111.9
925,car,1,1,19,weekday,240.25
926,car,1,1,20,weekend,85.5
927,car,1,1,20,weekday,125.9
928,car,1,1,21,weekend,48.4
929,car,1,1,21,weekday,63.0
930,car,1,1,22,weekend,46.6
931,car,1,1,22,weekday,64.9
932,car,1,1,23,weekend,41.0
933,car,1,1,23,weekday,65.4
934,car,1,3,0,weekend,22.8
935,car,1,3,0,weekday,22.789473684210527
936,car,1,3,1,weekend,13.4
937,car,1,3,1,weekday,9.45
938,car,1,3,2,weekend,10.1
939,car,1,3,2,weekday,5.0
940,car,1,3,3,weekend,7.4
941,car,1,3,3,weekday,3.588235294117647
942,car,1,3,4,weekend,6.4
943,car,1,3,4,weekday,6.578947368421052
944,car,1,3,5,weekend,9.1
945,car,1,3,5,weekday,10.35
946,car,1,3,6,weekend,9.5
947,car,1,3,6,weekday,21.85
948,car,1,3,7,weekend,12.9
949,car,1,3,7,weekday,75.65
950,car,1,3,8,weekend,38.1
951,car,1,3,8,weekday,125.4
952,car,1,3,9,weekend,53.9
953,car,1,3,9,weekday,99.05
954,car,1,3,10,weekend,67.1
955,car,1,3,10,weekday,81.45
956,car,1,3,11,weekend,81.7
957,car,1,3,11,weekday,79.35
958,car,1,3,12,weekend,88.5
959,car,1,3,12,weekday,76.35
960,car,1,3,13,weekend,89.1
961,car,1,3,13,weekday,82.45
962,car,1,3,14,weekend,90.5
963,car,1,3,14,weekday,79.8
964,car,1,3,15,weekend,91.4
965,car,1,3,15,weekday,73.8
966,car,1,3,16,weekend,88.5
967,car,1,3,16,weekday,80.45
968,car,1,3,17,weekend,68.5
969,car,1,3,17,weekday,91.0
970,car,1,3,18,weekend,64.1
971,car,1,3,18,weekday,92.5
972,car,1,3,19,weekend,54.7
973,car,1,3,19,weekday,88.15
974,car,1,3,20,weekend,41.6
975,car,1,3,20,weekday,63.8
976,car,1,3,21,weekend,37.8
977,car,1,3,21,weekday,36.45
978,car,1,3,22,weekend,28.6
979,car,1,3,22,weekday,36.95
980,car,1,3,23,weekend,32.7
981,car,1,3,23,weekday,35.3
982,car,1,6,0,weekend,3.111111111111111
983,car,1,6,0,weekday,2.1538461538461537
984,car,1,6,1,weekend,1.5
985,car,1,6,1,weekday,1.0
986,car,1,6,2,weekend,1.6
987,car,1,6,2,weekday,1.0
988,car,1,6,4,weekend,1.0
989,car,1,6,4,weekday,1.0
990,car,1,6,5,weekend,1.8
991,car,1,6,5,weekday,1.0
992,car,1,6,6,weekend,1.2
993,car,1,6,6,weekday,2.1
994,car,1,6,7,weekend,1.1428571428571428
995,car,1,6,7,weekday,8.35
996,car,1,6,8,weekend,1.875
997,car,1,6,8,weekday,8.578947368421053
998,car,1,6,9,weekend,2.2857142857142856
999,car,1,6,9,weekday,6.7
1000,car,1,6,10,weekend,3.625
1001,car,1,6,10,weekday,4.4
1002,car,1,6,11,weekend,5.6
1003,car,1,6,11,weekday,4.894736842105263
1004,car,1,6,12,weekend,4.9
1005,car,1,6,12,weekday,6.75
1006,car,1,6,13,weekend,3.888888888888889
1007,car,1,6,13,weekday,5.65
1008,car,1,6,14,weekend,3.7142857142857144
1009,car,1,6,14,weekday,5.7
1010,car,1,6,15,weekend,4.8
1011,car,1,6,15,weekday,5.1
1012,car,1,6,16,weekend,4.666666666666667
1013,car,1,6,16,weekday,6.2631578947368425
1014,car,1,6,17,weekend,7.9
1015,car,1,6,17,weekday,38.35
1016,car,1,6,18,weekend,11.6
1017,car,1,6,18,weekday,83.0
1018,car,1,6,19,weekend,9.8
1019,car,1,6,19,weekday,51.35
1020,car,1,6,20,weekend,6.3
1021,car,1,6,20,weekday,12.9
1022,car,1,6,21,weekend,2.75
1023,car,1,6,21,weekday,4.7
1024,car,1,6,22,weekend,2.5555555555555554
1025,car,1,6,22,weekday,4.578947368421052
1026,car,1,6,23,weekend,4.625
1027,car,1,6,23,weekday,7.666666666666667
1028,car,2,3,0,weekend,24.6
1029,car,2,3,0,weekday,21.95
1030,car,2,3,1,weekend,11.5
1031,car,2,3,1,weekday,10.25
1032,car,2,3,2,weekend,6.7
1033,car,2,3,2,weekday,5.4
1034,car,2,3,3,weekend,7.0
1035,car,2,3,3,weekday,3.05
1036,car,2,3,4,weekend,6.0
1037,car,2,3,4,weekday,4.05
1038,car,2,3,5,weekend,10.7
1039,car,2,3,5,weekday,7.9
1040,car,2,3,6,weekend,5.4
1041,car,2,3,6,weekday,11.45
1042,car,2,3,7,weekend,6.8
1043,car,2,3,7,weekday,31.55
1044,car,2,3,8,weekend,7.2
1045,car,2,3,8,weekday,62.55
1046,car,2,3,9,weekend,13.4
1047,car,2,3,9,weekday,44.45
1048,car,2,3,10,weekend,19.3
1049,car,2,3,10,weekday,28.2
1050,car,2,3,11,weekend,21.3
1051,car,2,3,11,weekday,26.4
1052,car,2,3,12,weekend,21.2
1053,car,2,3,12,weekday,36.2
1054,car,2,3,13,weekend,20.8
1055,car,2,3,13,weekday,32.55
1056,car,2,3,14,weekend,21.5
1057,car,2,3,14,weekday,35.8
1058,car,2,3,15,weekend,27.4
1059,car,2,3,15,weekday,33.85
1060,car,2,3,16,weekend,21.8
1061,car,2,3,16,weekday,38.5
1062,car,2,3,17,weekend,22.2
1063,car,2,3,17,weekday,61.7
1064,car,2,3,18,weekend,22.2
1065,car,2,3,18,weekday,95.45
1066,car,2,3,19,weekend,19.4
1067,car,2,3,19,weekday,72.75
1068,car,2,3,20,weekend,15.2
1069,car,2,3,20,weekday,38.05
1070,car,2,3,21,weekend,13.0
1071,car,2,3,21,weekday,19.9
1072,car,2,3,22,weekend,12.8
1073,car,2,3,22,weekday,22.55
1074,car,2,3,23,weekend,19.5
1075,car,2,3,23,weekday,30.25
1076,car,2,6,0,weekend,116.1
1077,car,2,6,0,weekday,76.35
1078,car,2,6,1,weekend,70.6
1079,car,2,6,1,weekday,34.55
1080,car,2,6,2,weekend,47.0
1081,car,2,6,2,weekday,18.8
1082,car,2,6,3,weekend,37.3
1083,car,2,6,3,weekday,12.95
1084,car,2,6,4,weekend,29.7
1085,car,2,6,4,weekday,17.15
1086,car,2,6,5,weekend,30.3
1087,car,2,6,5,weekday,41.95
1088,car,2,6,6,weekend,40.1
1089,car,2,6,6,weekday,84.4
1090,car,2,6,7,weekend,60.7
1091,car,2,6,7,weekday,187.0
1092,car,2,6,8,weekend,83.5
1093,car,2,6,8,weekday,274.4
1094,car,2,6,9,weekend,138.3
1095,car,2,6,9,weekday,255.55
1096,car,2,6,10,weekend,188.0
1097,car,2,6,10,weekday,197.2
1098,car,2,6,11,weekend,225.5
1099,car,2,6,11,weekday,202.8
1100,car,2,6,12,weekend,223.2
1101,car,2,6,12,weekday,245.95
1102,car,2,6,13,weekend,208.9
1103,car,2,6,13,weekday,223.7
1104,car,2,6,14,weekend,220.5
1105,car,2,6,14,weekday,242.7
1106,car,2,6,15,weekend,250.9
1107,car,2,6,15,weekday,244.15
1108,car,2,6,16,weekend,242.4
1109,car,2,6,16,weekday,320.9
1110,car,2,6,17,weekend,226.6
1111,car,2,6,17,weekday,427.1
1112,car,2,6,18,weekend,218.1
1113,car,2,6,18,weekday,446.7
1114,car,2,6,19,weekend,197.4
1115,car,2,6,19,weekday,385.55
1116,car,2,6,20,weekend,150.6
1117,car,2,6,20,weekday,225.35
1118,car,2,6,21,weekend,104.8
1119,car,2,6,21,weekday,134.65
1120,car,2,6,22,weekend,97.9
1121,car,2,6,22,weekday,136.2
1122,car,2,6,23,weekend,100.4
1123,car,2,6,23,weekday,129.5
1124,car,3,1,0,weekend,66.3
1125,car,3,1,0,weekday,38.15
1126,car,3,1,1,weekend,42.3
1127,car,3,1,1,weekday,18.2
1128,car,3,1,2,weekend,26.3
1129,car,3,1,2,weekday,10.6
1130,car,3,1,3,weekend,20.7
1131,car,3,1,3,weekday,8.947368421052632
1132,car,3,1,4,weekend,16.1
1133,car,3,1,4,weekday,7.2631578947368425
1134,car,3,1,5,weekend,16.5
1135,car,3,1,5,weekday,11.9
1136,car,3,1,6,weekend,18.0
1137,car,3,1,6,weekday,32.6
1138,car,3,1,7,weekend,17.1
1139,car,3,1,7,weekday,92.05
1140,car,3,1,8,weekend,11.6
1141,car,3,1,8,weekday,152.1
1142,car,3,1,9,weekend,21.5
1143,car,3,1,9,weekday,160.0
1144,car,3,1,10,weekend,31.1
1145,car,3,1,10,weekday,116.25
1146,car,3,1,11,weekend,44.3
1147,car,3,1,11,weekday,99.55
1148,car,3,1,12,weekend,62.6
1149,car,3,1,12,weekday,90.7
1150,car,3,1,13,weekend,57.2
1151,car,3,1,13,weekday,78.3
1152,car,3,1,14,weekend,53.0
1153,car,3,1,14,weekday,70.35
1154,car,3,1,15,weekend,68.0
1155,car,3,1,15,weekday,80.0
1156,car,3,1,16,weekend,61.8
1157,car,3,1,16,weekday,82.75
1158,car,3,1,17,weekend,79.1
1159,car,3,1,17,weekday,150.1
1160,car,3,1,18,weekend,131.9
1161,car,3,1,18,weekday,240.75
1162,car,3,1,19,weekend,132.8
1163,car,3,1,19,weekday,227.4
1164,car,3,1,20,weekend,106.6
1165,car,3,1,20,weekday,120.1
1166,car,3,1,21,weekend,59.6
1167,car,3,1,21,weekday,66.15
1168,car,3,1,22,weekend,49.9
1169,car,3,1,22,weekday,65.05
1170,car,3,1,23,weekend,56.5
1171,car,3,1,23,weekday,72.7
1172,car,3,3,0,weekend,7.6
1173,car,3,3,0,weekday,5.25
1174,car,3,3,1,weekend,4.555555555555555
1175,car,3,3,1,weekday,2.473684210526316
1176,car,3,3,2,weekend,3.1
1177,car,3,3,2,weekday,2.0
1178,car,3,3,3,weekend,2.75
1179,car,3,3,3,weekday,1.3636363636363635
1180,car,3,3,4,weekend,2.0
1181,car,3,3,4,weekday,1.25
1182,car,3,3,5,weekend,1.7777777777777777
1183,car,3,3,5,weekday,1.5384615384615385
1184,car,3,3,6,weekend,1.8571428571428572
1185,car,3,3,6,weekday,5.25
1186,car,3,3,7,weekend,2.7777777777777777
1187,car,3,3,7,weekday,23.85
1188,car,3,3,8,weekend,4.9
1189,car,3,3,8,weekday,45.75
1190,car,3,3,9,weekend,10.0
1191,car,3,3,9,weekday,55.9
1192,car,3,3,10,weekend,15.3
1193,car,3,3,10,weekday,42.65
1194,car,3,3,11,weekend,21.4
1195,car,3,3,11,weekday,34.4
1196,car,3,3,12,weekend,21.3
1197,car,3,3,12,weekday,37.85
1198,car,3,3,13,weekend,17.3
1199,car,3,3,13,weekday,32.75
1200,car,3,3,14,weekend,18.1
1201,car,3,3,14,weekday,22.15
1202,car,3,3,15,weekend,22.1
1203,car,3,3,15,weekday,19.05
1204,car,3,3,16,weekend,24.6
1205,car,3,3,16,weekday,19.9
1206,car,3,3,17,weekend,23.0
1207,car,3,3,17,weekday,27.0
1208,car,3,3,18,weekend,17.8
1209,car,3,3,18,weekday,40.75
1210,car,3,3,19,weekend,16.6
1211,car,3,3,19,weekday,42.3
1212,car,3,3,20,weekend,11.5
1213,car,3,3,20,weekday,17.0
1214,car,3,3,21,weekend,7.1
1215,car,3,3,21,weekday,8.947368421052632
1216,car,3,3,22,weekend,4.8
1217,car,3,3,22,weekday,8.4
1218,car,3,3,23,weekend,8.1
1219,car,3,3,23,weekday,9.6
1220,car,3,6,0,weekend,12.6
1221,car,3,6,0,weekday,8.75
1222,car,3,6,1,weekend,8.7
1223,car,3,6,1,weekday,2.8947368421052633
1224,car,3,6,2,weekend,5.9
1225,car,3,6,2,weekday,2.3333333333333335
1226,car,3,6,3,weekend,4.5
1227,car,3,6,3,weekday,1.5714285714285714
1228,car,3,6,4,weekend,3.3
1229,car,3,6,4,weekday,1.6923076923076923
1230,car,3,6,5,weekend,3.111111111111111
1231,car,3,6,5,weekday,3.111111111111111
1232,car,3,6,6,weekend,4.6
1233,car,3,6,6,weekday,8.4
1234,car,3,6,7,weekend,7.9
1235,car,3,6,7,weekday,34.3
1236,car,3,6,8,weekend,17.4
1237,car,3,6,8,weekday,81.1
1238,car,3,6,9,weekend,23.7
1239,car,3,6,9,weekday,75.65
1240,car,3,6,10,weekend,36.2
1241,car,3,6,10,weekday,40.25
1242,car,3,6,11,weekend,40.8
1243,car,3,6,11,weekday,40.4
1244,car,3,6,12,weekend,43.4
1245,car,3,6,12,weekday,48.6
1246,car,3,6,13,weekend,31.6
1247,car,3,6,13,weekday,43.2
1248,car,3,6,14,weekend,37.5
1249,car,3,6,14,weekday,44.4
1250,car,3,6,15,weekend,41.1
1251,car,3,6,15,weekday,42.2
1252,car,3,6,16,weekend,45.2
1253,car,3,6,16,weekday,45.7
1254,car,3,6,17,weekend,31.0
1255,car,3,6,17,weekday,53.6
1256,car,3,6,18,weekend,23.7
1257,car,3,6,18,weekday,71.35
1258,car,3,6,19,weekend,22.8
1259,car,3,6,19,weekday,57.25
1260,car,3,6,20,weekend,10.8
1261,car,3,6,20,weekday,24.35
1262,car,3,6,21,weekend,9.8
1263,car,3,6,21,weekday,17.55
1264,car,3,6,22,weekend,10.6
1265,car,3,6,22,weekday,16.65
1266,car,3,6,23,weekend,10.4
1267,car,3,6,23,weekday,13.9
1268,car,4,6,0,weekday,1.0
1269,car,4,6,18,weekday,1.0
1270,car,4,6,19,weekday,1.0
1271,car,4,6,20,weekday,1.0
1272,car,4,6,23,weekday,1.0
1273,car,5,3,0,weekend,1.4
1274,car,5,3,0,weekday,1.8
1275,car,5,3,1,weekend,1.0
1276,car,5,3,1,weekday,1.2
1277,car,5,3,2,weekend,1.0
1278,car,5,3,2,weekday,1.0
1279,car,5,3,3,weekday,1.0
1280,car,5,3,5,weekend,1.0
1281,car,5,3,5,weekday,1.2
1282,car,5,3,6,weekend,1.25
1283,car,5,3,6,weekday,1.6
1284,car,5,3,7,weekend,1.0
1285,car,5,3,7,weekday,2.0
1286,car,5,3,8,weekday,1.8
1287,car,5,3,9,weekday,2.0833333333333335
1288,car,5,3,10,weekend,1.3333333333333333
1289,car,5,3,10,weekday,1.5
1290,car,5,3,11,weekday,1.0
1291,car,5,3,12,weekend,1.0
1292,car,5,3,12,weekday,1.7142857142857142
1293,car,5,3,13,weekend,1.0
1294,car,5,3,13,weekday,1.2
1295,car,5,3,14,weekend,1.0
1296,car,5,3,14,weekday,1.0
1297,car,5,3,15,weekend,1.0
1298,car,5,3,15,weekday,1.0
1299,car,5,3,16,weekend,1.3333333333333333
1300,car,5,3,16,weekday,1.0
1301,car,5,3,17,weekend,1.0
1302,car,5,3,17,weekday,2.2
1303,car,5,3,18,weekend,2.142857142857143
1304,car,5,3,18,weekday,4.7368421052631575
1305,car,5,3,19,weekend,1.6666666666666667
1306,car,5,3,19,weekday,3.789473684210526
1307,car,5,3,20,weekend,1.6
1308,car,5,3,20,weekday,1.8888888888888888
1309,car,5,3,21,weekend,1.25
1310,car,5,3,21,weekday,1.25
1311,car,5,3,22,weekend,1.0
1312,car,5,3,22,weekday,1.25
1313,car,5,3,23,weekend,1.0
1314,car,5,3,23,weekday,1.0
1315,car,5,6,1,weekday,1.0
1316,car,5,6,5,weekday,1.0
1317,car,5,6,6,weekend,1.0
1318,car,5,6,6,weekday,1.0
1319,car,5,6,7,weekend,1.0
1320,car,5,6,7,weekday,1.2727272727272727
1321,car,5,6,8,weekend,1.0
1322,car,5,6,8,weekday,1.7142857142857142
1323,car,5,6,9,weekend,1.0
1324,car,5,6,9,weekday,2.466666666666667
1325,car,5,6,10,weekend,1.4
1326,car,5,6,10,weekday,1.3333333333333333
1327,car,5,6,11,weekend,1.0
1328,car,5,6,11,weekday,1.375
1329,car,5,6,12,weekend,1.5714285714285714
1330,car,5,6,12,weekday,1.4444444444444444
1331,car,5,6,13,weekend,2.5
1332,car,5,6,13,weekday,1.6666666666666667
1333,car,5,6,14,weekend,1.5
1334,car,5,6,14,weekday,1.7272727272727273
1335,car,5,6,15,weekend,1.2857142857142858
1336,car,5,6,15,weekday,1.0
1337,car,5,6,16,weekend,1.0
1338,car,5,6,16,weekday,1.375
1339,car,5,6,17,weekend,1.0
1340,car,5,6,17,weekday,1.6923076923076923
1341,car,5,6,18,weekend,1.3333333333333333
1342,car,5,6,18,weekday,2.125
1343,car,5,6,19,weekend,3.0
1344,car,5,6,19,weekday,2.142857142857143
1345,car,5,6,20,weekend,1.25
1346,car,5,6,20,weekday,1.3333333333333333
1347,car,5,6,21,weekday,1.1428571428571428
1348,car,5,6,22,weekday,1.0
1349,car,5,6,23,weekend,1.0
1350,car,5,6,23,weekday,1.0
1351,motorcycle,1,1,0,weekend,2.2
1352,motorcycle,1,1,0,weekday,2.2
1353,motorcycle,1,1,1,weekend,2.0
1354,motorcycle,1,1,1,weekday,1.4545454545454546
1355,motorcycle,1,1,2,weekend,2.0
1356,motorcycle,1,1,2,weekday,1.2222222222222223
1357,motorcycle,1,1,3,weekday,1.1666666666666667
1358,motorcycle,1,1,4,weekend,2.0
1359,motorcycle,1,1,4,weekday,1.0
1360,motorcycle,1,1,5,weekday,1.1666666666666667
1361,motorcycle,1,1,6,weekend,1.0
1362,motorcycle,1,1,6,weekday,2.5625
1363,motorcycle,1,1,7,weekend,2.142857142857143
1364,motorcycle,1,1,7,weekday,10.529411764705882
1365,motorcycle,1,1,8,weekend,6.4
1366,motorcycle,1,1,8,weekday,52.65
1367,motorcycle,1,1,9,weekend,13.6
1368,motorcycle,1,1,9,weekday,62.1
1369,motorcycle,1,1,10,weekend,14.5
1370,motorcycle,1,1,10,weekday,35.95
1371,motorcycle,1,1,11,weekend,18.6
1372,motorcycle,1,1,11,weekday,34.0
1373,motorcycle,1,1,12,weekend,26.4
1374,motorcycle,1,1,12,weekday,39.55
1375,motorcycle,1,1,13,weekend,31.3
1376,motorcycle,1,1,13,weekday,43.75
1377,motorcycle,1,1,14,weekend,26.7
1378,motorcycle,1,1,14,weekday,40.5
1379,motorcycle,1,1,15,weekend,22.9
1380,motorcycle,1,1,15,weekday,40.05
1381,motorcycle,1,1,16,weekend,23.5
1382,motorcycle,1,1,16,weekday,39.85
1383,motorcycle,1,1,17,weekend,12.444444444444445
1384,motorcycle,1,1,17,weekday,25.15
1385,motorcycle,1,1,18,weekend,6.142857142857143
1386,motorcycle,1,1,18,weekday,17.36842105263158
1387,motorcycle,1,1,19,weekend,7.428571428571429
1388,motorcycle,1,1,19,weekday,17.94736842105263
1389,motorcycle,1,1,20,weekend,2.625
1390,motorcycle,1,1,20,weekday,11.411764705882353
1391,motorcycle,1,1,21,weekend,4.142857142857143
1392,motorcycle,1,1,21,weekday,4.764705882352941
1393,motorcycle,1,1,22,weekend,2.857142857142857
1394,motorcycle,1,1,22,weekday,3.411764705882353
1395,motorcycle,1,1,23,weekend,2.8333333333333335
1396,motorcycle,1,1,23,weekday,3.4375
1397,motorcycle,1,3,0,weekend,1.0
1398,motorcycle,1,3,0,weekday,1.0
1399,motorcycle,1,3,1,weekend,1.0
1400,motorcycle,1,3,1,weekday,1.0
1401,motorcycle,1,3,2,weekday,1.0
1402,motorcycle,1,3,3,weekday,1.0
1403,motorcycle,1,3,5,weekend,1.0
1404,motorcycle,1,3,7,weekend,1.3333333333333333
1405,motorcycle,1,3,7,weekday,2.9285714285714284
1406,motorcycle,1,3,8,weekend,3.0
1407,motorcycle,1,3,8,weekday,15.05
1408,motorcycle,1,3,9,weekend,2.5555555555555554
1409,motorcycle,1,3,9,weekday,12.3
1410,motorcycle,1,3,10,weekend,3.7
1411,motorcycle,1,3,10,weekday,6.45
1412,motorcycle,1,3,11,weekend,4.666666666666667
1413,motorcycle,1,3,11,weekday,6.85
1414,motorcycle,1,3,12,weekend,6.1
1415,motorcycle,1,3,12,weekday,8.947368421052632
1416,motorcycle,1,3,13,weekend,6.5
1417,motorcycle,1,3,13,weekday,10.9
1418,motorcycle,1,3,14,weekend,6.0
1419,motorcycle,1,3,14,weekday,9.45
1420,motorcycle,1,3,15,weekend,6.0
1421,motorcycle,1,3,15,weekday,7.45
1422,motorcycle,1,3,16,weekend,5.888888888888889
1423,motorcycle,1,3,16,weekday,8.05
1424,motorcycle,1,3,17,weekend,3.7142857142857144
1425,motorcycle,1,3,17,weekday,6.526315789473684
1426,motorcycle,1,3,18,weekend,1.0
1427,motorcycle,1,3,18,weekday,3.066666666666667
1428,motorcycle,1,3,19,weekend,2.0
1429,motorcycle,1,3,19,weekday,2.3333333333333335
1430,motorcycle,1,3,20,weekday,1.5
1431,motorcycle,1,3,21,weekend,1.0
1432,motorcycle,1,3,21,weekday,1.25
1433,motorcycle,1,3,22,weekend,1.25
1434,motorcycle,1,3,22,weekday,2.111111111111111
1435,motorcycle,1,3,23,weekend,1.0
1436,motorcycle,1,3,23,weekday,1.3333333333333333
1437,motorcycle,1,5,9,weekend,1.0
1438,motorcycle,1,5,9,weekday,1.0
1439,motorcycle,1,5,17,weekday,1.0
1440,motorcycle,1,5,18,weekday,1.0
1441,motorcycle,1,5,19,weekday,1.0
1442,motorcycle,1,6,0,weekend,1.0
1443,motorcycle,1,6,0,weekday,1.0
1444,motorcycle,1,6,1,weekend,1.0
1445,motorcycle,1,6,1,weekday,1.0
1446,motorcycle,1,6,3,weekday,1.0
1447,motorcycle,1,6,4,weekday,1.0
1448,motorcycle,1,6,5,weekend,1.0
1449,motorcycle,1,6,6,weekend,1.0
1450,motorcycle,1,6,6,weekday,1.2
1451,motorcycle,1,6,7,weekend,1.0
1452,motorcycle,1,6,7,weekday,1.7
1453,motorcycle,1,6,8,weekend,6.0
1454,motorcycle,1,6,8,weekday,2.6842105263157894
1455,motorcycle,1,6,9,weekend,1.0
1456,motorcycle,1,6,9,weekday,2.1052631578947367
1457,motorcycle,1,6,10,weekend,1.3333333333333333
1458,motorcycle,1,6,10,weekday,1.5
1459,motorcycle,1,6,11,weekend,1.0
1460,motorcycle,1,6,11,weekday,1.4615384615384615
1461,motorcycle,1,6,12,weekend,2.0
1462,motorcycle,1,6,12,weekday,1.4666666666666666
1463,motorcycle,1,6,13,weekend,1.0
1464,motorcycle,1,6,13,weekday,1.5454545454545454
1465,motorcycle,1,6,14,weekend,1.25
1466,motorcycle,1,6,14,weekday,1.1538461538461537
1467,motorcycle,1,6,15,weekend,1.2
1468,motorcycle,1,6,15,weekday,1.2222222222222223
1469,motorcycle,1,6,16,weekend,1.6
1470,motorcycle,1,6,16,weekday,2.0
1471,motorcycle,1,6,17,weekend,2.0
1472,motorcycle,1,6,17,weekday,5.666666666666667
1473,motorcycle,1,6,18,weekend,2.25
1474,motorcycle,1,6,18,weekday,8.0
1475,motorcycle,1,6,19,weekend,1.25
1476,motorcycle,1,6,19,weekday,6.7
1477,motorcycle,1,6,20,weekend,1.5
1478,motorcycle,1,6,20,weekday,2.076923076923077
1479,motorcycle,1,6,21,weekend,1.0
1480,motorcycle,1,6,21,weekday,2.1666666666666665
1481,motorcycle,1,6,22,weekend,1.0
1482,motorcycle,1,6,22,weekday,1.125
1483,motorcycle,1,6,23,weekend,1.0
1484,motorcycle,1,6,23,weekday,1.5
1485,motorcycle,2,3,0,weekend,1.8
1486,motorcycle,2,3,0,weekday,1.5
1487,motorcycle,2,3,1,weekend,1.0
1488,motorcycle,2,3,1,weekday,1.2
1489,motorcycle,2,3,2,weekend,1.0
1490,motorcycle,2,3,2,weekday,1.0
1491,motorcycle,2,3,3,weekday,1.0
1492,motorcycle,2,3,4,weekend,1.0
1493,motorcycle,2,3,4,weekday,1.0
1494,motorcycle,2,3,5,weekend,1.0
1495,motorcycle,2,3,5,weekday,1.0
1496,motorcycle,2,3,6,weekday,1.25
1497,motorcycle,2,3,7,weekend,1.0
1498,motorcycle,2,3,7,weekday,1.5
1499,motorcycle,2,3,8,weekend,1.5
1500,motorcycle,2,3,8,weekday,4.2105263157894735
1501,motorcycle,2,3,9,weekend,1.4
1502,motorcycle,2,3,9,weekday,4.894736842105263
1503,motorcycle,2,3,10,weekend,1.2
1504,motorcycle,2,3,10,weekday,2.823529411764706
1505,motorcycle,2,3,11,weekend,2.25
1506,motorcycle,2,3,11,weekday,3.0
1507,motorcycle,2,3,12,weekend,1.4444444444444444
1508,motorcycle,2,3,12,weekday,3.3
1509,motorcycle,2,3,13,weekend,1.5714285714285714
1510,motorcycle,2,3,13,weekday,3.5789473684210527
1511,motorcycle,2,3,14,weekend,2.0
1512,motorcycle,2,3,14,weekday,3.3157894736842106
1513,motorcycle,2,3,15,weekend,1.6
1514,motorcycle,2,3,15,weekday,3.764705882352941
1515,motorcycle,2,3,16,weekend,1.5714285714285714
1516,motorcycle,2,3,16,weekday,4.157894736842105
1517,motorcycle,2,3,17,weekend,1.5
1518,motorcycle,2,3,17,weekday,6.722222222222222
1519,motorcycle,2,3,18,weekend,1.6666666666666667
1520,motorcycle,2,3,18,weekday,9.333333333333334
1521,motorcycle,2,3,19,weekend,1.8
1522,motorcycle,2,3,19,weekday,6.894736842105263
1523,motorcycle,2,3,20,weekend,2.0
1524,motorcycle,2,3,20,weekday,3.411764705882353
1525,motorcycle,2,3,21,weekend,1.3333333333333333
1526,motorcycle,2,3,21,weekday,2.3529411764705883
1527,motorcycle,2,3,22,weekend,1.25
1528,motorcycle,2,3,22,weekday,1.8571428571428572
1529,motorcycle,2,3,23,weekend,1.4
1530,motorcycle,2,3,23,weekday,1.6
1531,motorcycle,2,5,0,weekend,1.0
1532,motorcycle,2,5,0,weekday,1.0
1533,motorcycle,2,5,1,weekday,1.0
1534,motorcycle,2,5,2,weekend,1.0
1535,motorcycle,2,5,2,weekday,1.0
1536,motorcycle,2,5,3,weekend,1.0
1537,motorcycle,2,5,3,weekday,1.0
1538,motorcycle,2,5,4,weekend,1.0
1539,motorcycle,2,5,4,weekday,1.0
1540,motorcycle,2,5,5,weekday,1.0
1541,motorcycle,2,5,6,weekday,1.0
1542,motorcycle,2,5,7,weekend,1.0
1543,motorcycle,2,5,7,weekday,1.0
1544,motorcycle,2,5,8,weekday,1.8181818181818181
1545,motorcycle,2,5,9,weekday,1.5
1546,motorcycle,2,5,10,weekend,1.0
1547,motorcycle,2,5,10,weekday,1.0
1548,motorcycle,2,5,11,weekend,1.3333333333333333
1549,motorcycle,2,5,11,weekday,1.0
1550,motorcycle,2,5,12,weekend,1.0
1551,motorcycle,2,5,12,weekday,1.2222222222222223
1552,motorcycle,2,5,13,weekend,1.0
1553,motorcycle,2,5,13,weekday,1.2222222222222223
1554,motorcycle,2,5,14,weekend,1.0
1555,motorcycle,2,5,14,weekday,1.0
1556,motorcycle,2,5,15,weekend,1.0
1557,motorcycle,2,5,15,weekday,1.0
1558,motorcycle,2,5,16,weekend,1.0
1559,motorcycle,2,5,16,weekday,1.0
1560,motorcycle,2,5,17,weekend,1.0
1561,motorcycle,2,5,17,weekday,1.7272727272727273
1562,motorcycle,2,5,18,weekend,1.5
1563,motorcycle,2,5,18,weekday,3.176470588235294
1564,motorcycle,2,5,19,weekend,2.0
1565,motorcycle,2,5,19,weekday,2.2777777777777777
1566,motorcycle,2,5,20,weekend,2.0
1567,motorcycle,2,5,20,weekday,2.25
1568,motorcycle,2,5,21,weekend,1.75
1569,motorcycle,2,5,21,weekday,2.0
1570,motorcycle,2,5,22,weekend,2.0
1571,motorcycle,2,5,22,weekday,1.25
1572,motorcycle,2,5,23,weekend,1.2
1573,motorcycle,2,5,23,weekday,1.625
1574,motorcycle,2,6,0,weekend,9.777777777777779
1575,motorcycle,2,6,0,weekday,9.75
1576,motorcycle,2,6,1,weekend,6.111111111111111
1577,motorcycle,2,6,1,weekday,5.882352941176471
1578,motorcycle,2,6,2,weekend,5.125
1579,motorcycle,2,6,2,weekday,4.315789473684211
1580,motorcycle,2,6,3,weekend,5.285714285714286
1581,motorcycle,2,6,3,weekday,3.2
1582,motorcycle,2,6,4,weekend,2.625
1583,motorcycle,2,6,4,weekday,4.157894736842105
1584,motorcycle,2,6,5,weekend,3.0
1585,motorcycle,2,6,5,weekday,3.5789473684210527
1586,motorcycle,2,6,6,weekend,3.111111111111111
1587,motorcycle,2,6,6,weekday,7.7
1588,motorcycle,2,6,7,weekend,7.111111111111111
1589,motorcycle,2,6,7,weekday,34.65
1590,motorcycle,2,6,8,weekend,11.5
1591,motorcycle,2,6,8,weekday,108.95
1592,motorcycle,2,6,9,weekend,21.0
1593,motorcycle,2,6,9,weekday,105.35
1594,motorcycle,2,6,10,weekend,27.8
1595,motorcycle,2,6,10,weekday,56.2
1596,motorcycle,2,6,11,weekend,35.5
1597,motorcycle,2,6,11,weekday,57.9
1598,motorcycle,2,6,12,weekend,48.6
1599,motorcycle,2,6,12,weekday,83.4
1600,motorcycle,2,6,13,weekend,48.2
1601,motorcycle,2,6,13,weekday,82.3
1602,motorcycle,2,6,14,weekend,47.5
1603,motorcycle,2,6,14,weekday,65.25
1604,motorcycle,2,6,15,weekend,40.3
1605,motorcycle,2,6,15,weekday,55.0
1606,motorcycle,2,6,16,weekend,40.8
1607,motorcycle,2,6,16,weekday,61.25
1608,motorcycle,2,6,17,weekend,35.55555555555556
1609,motorcycle,2,6,17,weekday,75.75
1610,motorcycle,2,6,18,weekend,30.444444444444443
1611,motorcycle,2,6,18,weekday,95.2
1612,motorcycle,2,6,19,weekend,30.22222222222222
1613,motorcycle,2,6,19,weekday,85.75
1614,motorcycle,2,6,20,weekend,29.5
1615,motorcycle,2,6,20,weekday,52.65
1616,motorcycle,2,6,21,weekend,23.4
1617,motorcycle,2,6,21,weekday,30.35
1618,motorcycle,2,6,22,weekend,14.6
1619,motorcycle,2,6,22,weekday,23.25
1620,motorcycle,2,6,23,weekend,10.5
1621,motorcycle,2,6,23,weekday,16.95
1622,motorcycle,3,1,0,weekend,2.6666666666666665
1623,motorcycle,3,1,0,weekday,1.9230769230769231
1624,motorcycle,3,1,1,weekend,1.1666666666666667
1625,motorcycle,3,1,1,weekday,2.0
1626,motorcycle,3,1,2,weekend,1.0
1627,motorcycle,3,1,2,weekday,1.4
1628,motorcycle,3,1,3,weekend,1.0
1629,motorcycle,3,1,3,weekday,1.0
1630,motorcycle,3,1,4,weekend,1.0
1631,motorcycle,3,1,4,weekday,1.0
1632,motorcycle,3,1,5,weekend,1.0
1633,motorcycle,3,1,5,weekday,1.2
1634,motorcycle,3,1,6,weekend,1.0
1635,motorcycle,3,1,6,weekday,2.2
1636,motorcycle,3,1,7,weekend,1.8
1637,motorcycle,3,1,7,weekday,7.6
1638,motorcycle,3,1,8,weekend,1.625
1639,motorcycle,3,1,8,weekday,25.5
1640,motorcycle,3,1,9,weekend,2.5555555555555554
1641,motorcycle,3,1,9,weekday,25.789473684210527
1642,motorcycle,3,1,10,weekend,4.125
1643,motorcycle,3,1,10,weekday,8.9
1644,motorcycle,3,1,11,weekend,5.9
1645,motorcycle,3,1,11,weekday,10.95
1646,motorcycle,3,1,12,weekend,9.0
1647,motorcycle,3,1,12,weekday,13.4
1648,motorcycle,3,1,13,weekend,9.3
1649,motorcycle,3,1,13,weekday,14.45
1650,motorcycle,3,1,14,weekend,9.4
1651,motorcycle,3,1,14,weekday,13.6
1652,motorcycle,3,1,15,weekend,11.6
1653,motorcycle,3,1,15,weekday,13.4
1654,motorcycle,3,1,16,weekend,9.3
1655,motorcycle,3,1,16,weekday,12.9
1656,motorcycle,3,1,17,weekend,7.888888888888889
1657,motorcycle,3,1,17,weekday,17.35
1658,motorcycle,3,1,18,weekend,6.9
1659,motorcycle,3,1,18,weekday,31.0
1660,motorcycle,3,1,19,weekend,7.888888888888889
1661,motorcycle,3,1,19,weekday,27.8
1662,motorcycle,3,1,20,weekend,4.2
1663,motorcycle,3,1,20,weekday,12.2
1664,motorcycle,3,1,21,weekend,3.6
1665,motorcycle,3,1,21,weekday,5.5
1666,motorcycle,3,1,22,weekend,2.4444444444444446
1667,motorcycle,3,1,22,weekday,4.368421052631579
1668,motorcycle,3,1,23,weekend,2.6666666666666665
1669,motorcycle,3,1,23,weekday,4.470588235294118
1670,motorcycle,3,3,0,weekend,1.0
1671,motorcycle,3,3,6,weekday,1.0
1672,motorcycle,3,3,7,weekday,1.6363636363636365
1673,motorcycle,3,3,8,weekday,5.75
1674,motorcycle,3,3,9,weekend,1.0
1675,motorcycle,3,3,9,weekday,8.25
1676,motorcycle,3,3,10,weekend,1.25
1677,motorcycle,3,3,10,weekday,4.6
1678,motorcycle,3,3,11,weekend,1.3333333333333333
1679,motorcycle,3,3,11,weekday,5.444444444444445
1680,motorcycle,3,3,12,weekend,2.0
1681,motorcycle,3,3,12,weekday,6.842105263157895
1682,motorcycle,3,3,13,weekend,1.75
1683,motorcycle,3,3,13,weekday,5.578947368421052
1684,motorcycle,3,3,14,weekend,2.125
1685,motorcycle,3,3,14,weekday,5.75
1686,motorcycle,3,3,15,weekend,2.4
1687,motorcycle,3,3,15,weekday,4.4
1688,motorcycle,3,3,16,weekend,2.2
1689,motorcycle,3,3,16,weekday,4.9
1690,motorcycle,3,3,17,weekend,1.5
1691,motorcycle,3,3,17,weekday,4.7894736842105265
1692,motorcycle,3,3,18,weekend,1.0
1693,motorcycle,3,3,18,weekday,5.470588235294118
1694,motorcycle,3,3,19,weekday,3.857142857142857
1695,motorcycle,3,3,20,weekday,1.2222222222222223
1696,motorcycle,3,3,21,weekday,1.0
1697,motorcycle,3,3,22,weekend,1.0
1698,motorcycle,3,3,22,weekday,1.0
1699,motorcycle,3,3,23,weekend,1.0
1700,motorcycle,3,3,23,weekday,1.5
1701,motorcycle,3,5,7,weekday,1.0
1702,motorcycle,3,5,9,weekday,1.0
1703,motorcycle,3,5,17,weekday,1.0
1704,motorcycle,3,5,18,weekday,1.0
1705,motorcycle,3,5,19,weekend,1.0
1706,motorcycle,3,5,19,weekday,1.0
1707,motorcycle,3,5,20,weekday,1.0
1708,motorcycle,3,5,23,weekday,1.0
1709,motorcycle,3,6,0,weekend,4.222222222222222
1710,motorcycle,3,6,0,weekday,4.473684210526316
1711,motorcycle,3,6,1,weekend,4.75
1712,motorcycle,3,6,1,weekday,2.8421052631578947
1713,motorcycle,3,6,2,weekend,2.25
1714,motorcycle,3,6,2,weekday,2.4166666666666665
1715,motorcycle,3,6,3,weekend,2.1666666666666665
1716,motorcycle,3,6,3,weekday,1.4444444444444444
1717,motorcycle,3,6,4,weekend,2.0
1718,motorcycle,3,6,4,weekday,1.5555555555555556
1719,motorcycle,3,6,5,weekend,2.3333333333333335
1720,motorcycle,3,6,5,weekday,2.875
1721,motorcycle,3,6,6,weekend,2.625
1722,motorcycle,3,6,6,weekday,2.5555555555555554
1723,motorcycle,3,6,7,weekend,2.875
1724,motorcycle,3,6,7,weekday,7.0
1725,motorcycle,3,6,8,weekend,3.111111111111111
1726,motorcycle,3,6,8,weekday,17.2
1727,motorcycle,3,6,9,weekend,2.375
1728,motorcycle,3,6,9,weekday,16.65
1729,motorcycle,3,6,10,weekend,2.4444444444444446
1730,motorcycle,3,6,10,weekday,7.947368421052632
1731,motorcycle,3,6,11,weekend,4.6
1732,motorcycle,3,6,11,weekday,7.75
1733,motorcycle,3,6,12,weekend,6.888888888888889
1734,motorcycle,3,6,12,weekday,10.55
1735,motorcycle,3,6,13,weekend,5.5
1736,motorcycle,3,6,13,weekday,9.5
1737,motorcycle,3,6,14,weekend,4.6
1738,motorcycle,3,6,14,weekday,8.15
1739,motorcycle,3,6,15,weekend,5.222222222222222
1740,motorcycle,3,6,15,weekday,6.75
1741,motorcycle,3,6,16,weekend,5.6
1742,motorcycle,3,6,16,weekday,7.95
1743,motorcycle,3,6,17,weekend,6.3
1744,motorcycle,3,6,17,weekday,13.45
1745,motorcycle,3,6,18,weekend,7.875
1746,motorcycle,3,6,18,weekday,18.9
1747,motorcycle,3,6,19,weekend,6.444444444444445
1748,motorcycle,3,6,19,weekday,14.7
1749,motorcycle,3,6,20,weekend,5.625
1750,motorcycle,3,6,20,weekday,10.45
1751,motorcycle,3,6,21,weekend,6.0
1752,motorcycle,3,6,21,weekday,7.444444444444445
1753,motorcycle,3,6,22,weekend,3.111111111111111
1754,motorcycle,3,6,22,weekday,7.157894736842105
1755,motorcycle,3,6,23,weekend,6.333333333333333
1756,motorcycle,3,6,23,weekday,6.105263157894737
1757,motorcycle,4,5,0,weekday,1.0
1758,motorcycle,4,5,1,weekday,1.0
1759,motorcycle,4,5,7,weekday,1.0
1760,motorcycle,4,5,8,weekday,1.0
1761,motorcycle,4,5,9,weekday,1.0
1762,motorcycle,4,5,10,weekday,1.0
1763,motorcycle,4,5,11,weekend,1.0
1764,motorcycle,4,5,11,weekday,1.0
1765,motorcycle,4,5,12,weekday,1.0
1766,motorcycle,4,5,13,weekend,1.0
1767,motorcycle,4,5,13,weekday,1.3333333333333333
1768,motorcycle,4,5,14,weekend,1.0
1769,motorcycle,4,5,14,weekday,1.5
1770,motorcycle,4,5,15,weekend,1.0
1771,motorcycle,4,5,15,weekday,1.0
1772,motorcycle,4,5,16,weekend,1.0
1773,motorcycle,4,5,16,weekday,1.0
1774,motorcycle,4,5,17,weekday,1.5
1775,motorcycle,4,5,18,weekday,2.0
1776,motorcycle,4,5,19,weekend,1.0
1777,motorcycle,4,5,19,weekday,1.3333333333333333
1778,motorcycle,4,5,20,weekday,1.2
1779,motorcycle,4,5,21,weekend,1.0
1780,motorcycle,4,5,21,weekday,1.0
1781,motorcycle,4,5,22,weekday,1.0
1782,motorcycle,4,5,23,weekday,1.0
1783,motorcycle,4,6,2,weekend,1.0
1784,motorcycle,4,6,7,weekday,1.0
1785,motorcycle,4,6,8,weekday,1.25
1786,motorcycle,4,6,9,weekday,1.0
1787,motorcycle,4,6,10,weekday,1.0
1788,motorcycle,4,6,11,weekend,1.0
1789,motorcycle,4,6,11,weekday,1.0
1790,motorcycle,4,6,12,weekday,1.0
1791,motorcycle,4,6,13,weekend,1.3333333333333333
1792,motorcycle,4,6,13,weekday,1.25
1793,motorcycle,4,6,14,weekend,1.0
1794,motorcycle,4,6,14,weekday,1.3
1795,motorcycle,4,6,15,weekend,1.0
1796,motorcycle,4,6,15,weekday,1.0
1797,motorcycle,4,6,16,weekend,1.0
1798,motorcycle,4,6,16,weekday,1.25
1799,motorcycle,4,6,17,weekend,1.0
1800,motorcycle,4,6,17,weekday,1.0
1801,motorcycle,4,6,18,weekend,1.0
1802,motorcycle,4,6,18,weekday,1.25
1803,motorcycle,4,6,19,weekday,1.5
1804,motorcycle,4,6,20,weekday,1.0
1805,motorcycle,4,6,21,weekend,1.0
1806,motorcycle,4,6,21,weekday,1.0
1807,motorcycle,4,6,22,weekday,1.25
1808,motorcycle,4,6,23,weekend,1.0
1809,motorcycle,4,6,23,weekday,1.0
1810,motorcycle,5,3,0,weekend,1.0
1811,motorcycle,5,3,0,weekday,1.0
1812,motorcycle,5,3,1,weekend,1.0
1813,motorcycle,5,3,1,weekday,1.0
1814,motorcycle,5,3,2,weekend,1.0
1815,motorcycle,5,3,3,weekend,1.0
1816,motorcycle,5,3,6,weekday,1.0
1817,motorcycle,5,3,7,weekday,1.625
1818,motorcycle,5,3,8,weekend,1.0
1819,motorcycle,5,3,8,weekday,2.2941176470588234
1820,motorcycle,5,3,9,weekday,2.388888888888889
1821,motorcycle,5,3,10,weekend,1.0
1822,motorcycle,5,3,10,weekday,1.75
1823,motorcycle,5,3,11,weekend,2.0
1824,motorcycle,5,3,11,weekday,1.4545454545454546
1825,motorcycle,5,3,12,weekend,1.0
1826,motorcycle,5,3,12,weekday,1.3125
1827,motorcycle,5,3,13,weekend,1.3333333333333333
1828,motorcycle,5,3,13,weekday,1.375
1829,motorcycle,5,3,14,weekend,1.75
1830,motorcycle,5,3,14,weekday,1.7
1831,motorcycle,5,3,15,weekend,1.6
1832,motorcycle,5,3,15,weekday,1.5625
1833,motorcycle,5,3,16,weekend,1.0
1834,motorcycle,5,3,16,weekday,1.4285714285714286
1835,motorcycle,5,3,17,weekend,3.0
1836,motorcycle,5,3,17,weekday,2.473684210526316
1837,motorcycle,5,3,18,weekend,1.3333333333333333
1838,motorcycle,5,3,18,weekday,4.6875
1839,motorcycle,5,3,19,weekend,1.0
1840,motorcycle,5,3,19,weekday,3.611111111111111
1841,motorcycle,5,3,20,weekend,1.0
1842,motorcycle,5,3,20,weekday,2.0714285714285716
1843,motorcycle,5,3,21,weekend,1.0
1844,motorcycle,5,3,21,weekday,1.3333333333333333
1845,motorcycle,5,3,22,weekend,1.3333333333333333
1846,motorcycle,5,3,22,weekday,1.0
1847,motorcycle,5,3,23,weekend,1.0
1848,motorcycle,5,3,23,weekday,1.25
1849,motorcycle,5,5,0,weekend,1.5
1850,motorcycle,5,5,0,weekday,1.3333333333333333
1851,motorcycle,5,5,1,weekend,1.0
1852,motorcycle,5,5,1,weekday,1.0
1853,motorcycle,5,5,2,weekend,1.0
1854,motorcycle,5,5,2,weekday,2.0
1855,motorcycle,5,5,3,weekend,1.0
1856,motorcycle,5,5,3,weekday,1.0
1857,motorcycle,5,5,4,weekend,1.0
1858,motorcycle,5,5,4,weekday,1.0
1859,motorcycle,5,5,5,weekend,1.0
1860,motorcycle,5,5,5,weekday,1.4285714285714286
1861,motorcycle,5,5,6,weekend,1.0
1862,motorcycle,5,5,6,weekday,1.2727272727272727
1863,motorcycle,5,5,7,weekend,1.5
1864,motorcycle,5,5,7,weekday,1.5
1865,motorcycle,5,5,8,weekend,1.0
1866,motorcycle,5,5,8,weekday,1.4
1867,motorcycle,5,5,9,weekday,1.3333333333333333
1868,motorcycle,5,5,10,weekday,1.0
1869,motorcycle,5,5,11,weekday,1.0
1870,motorcycle,5,5,12,weekday,1.5
1871,motorcycle,5,5,13,weekend,1.0
1872,motorcycle,5,5,13,weekday,1.6666666666666667
1873,motorcycle,5,5,14,weekday,1.5
1874,motorcycle,5,5,15,weekend,1.0
1875,motorcycle,5,5,15,weekday,1.0
1876,motorcycle,5,5,16,weekend,1.0
1877,motorcycle,5,5,16,weekday,1.3333333333333333
1878,motorcycle,5,5,17,weekend,1.5
1879,motorcycle,5,5,17,weekday,2.25
1880,motorcycle,5,5,18,weekend,2.0
1881,motorcycle,5,5,18,weekday,3.0
1882,motorcycle,5,5,19,weekend,1.0
1883,motorcycle,5,5,19,weekday,2.0526315789473686
1884,motorcycle,5,5,20,weekend,2.6
1885,motorcycle,5,5,20,weekday,3.0588235294117645
1886,motorcycle,5,5,21,weekend,1.0
1887,motorcycle,5,5,21,weekday,1.4444444444444444
1888,motorcycle,5,5,22,weekend,1.0
1889,motorcycle,5,5,22,weekday,2.0
1890,motorcycle,5,5,23,weekend,1.0
1891,motorcycle,5,5,23,weekday,1.2857142857142858
1892,motorcycle,5,6,0,weekend,1.0
1893,motorcycle,5,6,6,weekday,1.0
1894,motorcycle,5,6,7,weekday,1.4
1895,motorcycle,5,6,8,weekday,1.6428571428571428
1896,motorcycle,5,6,9,weekend,1.0
1897,motorcycle,5,6,9,weekday,1.5714285714285714
1898,motorcycle,5,6,10,weekend,1.5
1899,motorcycle,5,6,10,weekday,1.1
1900,motorcycle,5,6,11,weekend,1.3333333333333333
1901,motorcycle,5,6,11,weekday,1.5454545454545454
1902,motorcycle,5,6,12,weekend,1.0
1903,motorcycle,5,6,12,weekday,1.6
1904,motorcycle,5,6,13,weekend,1.6
1905,motorcycle,5,6,13,weekday,1.2727272727272727
1906,motorcycle,5,6,14,weekend,1.25
1907,motorcycle,5,6,14,weekday,1.1333333333333333
1908,motorcycle,5,6,15,weekend,1.0
1909,motorcycle,5,6,15,weekday,1.1666666666666667
1910,motorcycle,5,6,16,weekend,1.0
1911,motorcycle,5,6,16,weekday,1.0
1912,motorcycle,5,6,17,weekend,2.0
1913,motorcycle,5,6,17,weekday,1.5
1914,motorcycle,5,6,18,weekend,2.0
1915,motorcycle,5,6,18,weekday,1.7
1916,motorcycle,5,6,19,weekend,1.0
1917,motorcycle,5,6,19,weekday,1.7692307692307692
1918,motorcycle,5,6,20,weekend,1.6666666666666667
1919,motorcycle,5,6,20,weekday,1.1428571428571428
1920,motorcycle,5,6,21,weekend,1.0
1921,motorcycle,5,6,21,weekday,2.0
1922,motorcycle,5,6,22,weekend,1.25
1923,motorcycle,5,6,22,weekday,1.125
1924,motorcycle,5,6,23,weekend,1.0
1925,motorcycle,5,6,23,weekday,1.0
1926,person,2,4,0,weekend,1.0
1927,person,2,4,0,weekday,1.2857142857142858
1928,person,2,4,1,weekend,1.3333333333333333
1929,person,2,4,1,weekday,1.0
1930,person,2,4,2,weekend,1.0
1931,person,2,4,2,weekday,1.0
1932,person,2,4,3,weekday,1.0
1933,person,2,4,5,weekend,1.0
1934,person,2,4,6,weekend,1.0
1935,person,2,4,6,weekday,1.4285714285714286
1936,person,2,4,7,weekend,1.0
1937,person,2,4,7,weekday,2.4
1938,person,2,4,8,weekend,1.5
1939,person,2,4,8,weekday,8.1
1940,person,2,4,9,weekend,1.6666666666666667
1941,person,2,4,9,weekday,6.3
1942,person,2,4,10,weekend,2.0
1943,person,2,4,10,weekday,2.25
1944,person,2,4,11,weekend,4.555555555555555
1945,person,2,4,11,weekday,3.5555555555555554
1946,person,2,4,12,weekend,2.375
1947,person,2,4,12,weekday,6.9
1948,person,2,4,13,weekend,2.3
1949,person,2,4,13,weekday,6.9
1950,person,2,4,14,weekend,2.25
1951,person,2,4,14,weekday,4.8
1952,person,2,4,15,weekend,2.4285714285714284
1953,person,2,4,15,weekday,3.0
1954,person,2,4,16,weekend,3.7777777777777777
1955,person,2,4,16,weekday,2.9
1956,person,2,4,17,weekend,2.6666666666666665
1957,person,2,4,17,weekday,6.526315789473684
1958,person,2,4,18,weekend,1.5
1959,person,2,4,18,weekday,9.444444444444445
1960,person,2,4,19,weekend,2.0
1961,person,2,4,19,weekday,7.555555555555555
1962,person,2,4,20,weekend,1.5
1963,person,2,4,20,weekday,4.842105263157895
1964,person,2,4,21,weekend,1.0
1965,person,2,4,21,weekday,2.6153846153846154
1966,person,2,4,22,weekend,2.0
1967,person,2,4,22,weekday,2.25
1968,person,2,4,23,weekend,1.5
1969,person,2,4,23,weekday,1.7058823529411764
1970,person,4,2,0,weekend,2.0
1971,person,4,2,0,weekday,2.6
1972,person,4,2,1,weekend,1.5
1973,person,4,2,1,weekday,1.1428571428571428
1974,person,4,2,2,weekend,1.2
1975,person,4,2,2,weekday,1.25
1976,person,4,2,3,weekend,1.0
1977,person,4,2,3,weekday,1.0
1978,person,4,2,4,weekday,1.1666666666666667
1979,person,4,2,5,weekend,1.0
1980,person,4,2,5,weekday,1.0
1981,person,4,2,6,weekday,1.0
1982,person,4,2,7,weekend,1.5714285714285714
1983,person,4,2,7,weekday,4.470588235294118
1984,person,4,2,8,weekend,3.2
1985,person,4,2,8,weekday,15.95
1986,person,4,2,9,weekend,3.6
1987,person,4,2,9,weekday,17.94736842105263
1988,person,4,2,10,weekend,4.2
1989,person,4,2,10,weekday,6.5
1990,person,4,2,11,weekend,9.4
1991,person,4,2,11,weekday,9.5
1992,person,4,2,12,weekend,7.5
1993,person,4,2,12,weekday,22.65
1994,person,4,2,13,weekend,8.8
1995,person,4,2,13,weekday,15.85
1996,person,4,2,14,weekend,7.1
1997,person,4,2,14,weekday,10.25
1998,person,4,2,15,weekend,7.0
1999,person,4,2,15,weekday,9.5
2000,person,4,2,16,weekend,8.8
2001,person,4,2,16,weekday,9.95
2002,person,4,2,17,weekend,6.5
2003,person,4,2,17,weekday,11.05
2004,person,4,2,18,weekend,3.4
2005,person,4,2,18,weekday,9.235294117647058
2006,person,4,2,19,weekend,3.6
2007,person,4,2,19,weekday,11.421052631578947
2008,person,4,2,20,weekend,3.25
2009,person,4,2,20,weekday,5.705882352941177
2010,person,4,2,21,weekend,2.0
2011,person,4,2,21,weekday,3.2777777777777777
2012,person,4,2,22,weekend,2.4
2013,person,4,2,22,weekday,3.5
2014,person,4,2,23,weekend,1.8
2015,person,4,2,23,weekday,4.214285714285714
2016,person,5,4,0,weekend,1.0
2017,person,5,4,0,weekday,1.0
2018,person,5,4,1,weekend,1.0
2019,person,5,4,1,weekday,1.0
2020,person,5,4,2,weekend,1.0
2021,person,5,4,3,weekend,1.0
2022,person,5,4,5,weekend,1.0
2023,person,5,4,5,weekday,1.0
2024,person,5,4,6,weekday,1.1111111111111112
2025,person,5,4,7,weekday,1.2307692307692308
2026,person,5,4,8,weekend,1.0
2027,person,5,4,8,weekday,5.7894736842105265
2028,person,5,4,9,weekend,1.6666666666666667
2029,person,5,4,9,weekday,3.8421052631578947
2030,person,5,4,10,weekend,1.5
2031,person,5,4,10,weekday,1.4285714285714286
2032,person,5,4,11,weekend,1.3333333333333333
2033,person,5,4,11,weekday,1.5555555555555556
2034,person,5,4,12,weekend,1.8333333333333333
2035,person,5,4,12,weekday,2.9444444444444446
2036,person,5,4,13,weekend,1.1666666666666667
2037,person,5,4,13,weekday,2.9473684210526314
2038,person,5,4,14,weekend,1.3333333333333333
2039,person,5,4,14,weekday,2.0
2040,person,5,4,15,weekend,1.6
2041,person,5,4,15,weekday,1.2727272727272727
2042,person,5,4,16,weekend,1.4
2043,person,5,4,16,weekday,1.5833333333333333
2044,person,5,4,17,weekend,2.0
2045,person,5,4,17,weekday,2.4705882352941178
2046,person,5,4,18,weekend,1.3333333333333333
2047,person,5,4,18,weekday,4.588235294117647
2048,person,5,4,19,weekend,1.75
2049,person,5,4,19,weekday,3.75
2050,person,5,4,20,weekend,2.5
2051,person,5,4,20,weekday,1.8333333333333333
2052,person,5,4,21,weekend,1.0
2053,person,5,4,21,weekday,2.0
2054,person,5,4,22,weekend,1.0
2055,person,5,4,22,weekday,1.125
2056,person,5,4,23,weekend,1.0
2057,person,5,4,23,weekday,1.3333333333333333
2058,person,6,4,2,weekday,1.0
2059,person,6,4,6,weekday,1.0
2060,person,6,4,7,weekend,1.0
2061,person,6,4,7,weekday,1.25
2062,person,6,4,8,weekend,1.6666666666666667
2063,person,6,4,8,weekday,5.85
2064,person,6,4,9,weekend,4.111111111111111
2065,person,6,4,9,weekday,7.0
2066,person,6,4,10,weekend,2.4444444444444446
2067,person,6,4,10,weekday,3.7222222222222223
2068,person,6,4,11,weekend,4.111111111111111
2069,person,6,4,11,weekday,2.95
2070,person,6,4,12,weekend,3.1
2071,person,6,4,12,weekday,7.2
2072,person,6,4,13,weekend,2.7777777777777777
2073,person,6,4,13,weekday,8.1
2074,person,6,4,14,weekend,3.2222222222222223
2075,person,6,4,14,weekday,5.9
2076,person,6,4,15,weekend,2.875
2077,person,6,4,15,weekday,5.05
2078,person,6,4,16,weekend,4.375
2079,person,6,4,16,weekday,5.4
2080,person,6,4,17,weekend,2.1666666666666665
2081,person,6,4,17,weekday,4.266666666666667
2082,person,6,4,18,weekend,1.0
2083,person,6,4,18,weekday,1.625
2084,person,6,4,19,weekday,1.3333333333333333
2085,person,6,4,20,weekday,1.0
2086,person,6,4,21,weekend,1.0
2087,person,6,4,21,weekday,1.0
2088,person,6,4,22,weekend,1.0
2089,person,6,4,22,weekday,1.5
2090,person,6,4,23,weekend,1.0
2091,person,6,4,23,weekday,1.0
2092,trottinette,1,3,8,weekday,1.0
2093,trottinette,1,3,14,weekday,1.0
2094,trottinette,1,6,9,weekend,1.0
2095,trottinette,1,6,15,weekend,1.0
2096,trottinette,2,3,8,weekday,2.0
2097,trottinette,2,3,9,weekday,1.0
2098,trottinette,2,3,12,weekday,1.0
2099,trottinette,2,3,13,weekday,1.0
2100,trottinette,2,5,7,weekday,1.0
2101,trottinette,2,5,8,weekend,1.0
2102,trottinette,2,5,8,weekday,4.294117647058823
2103,trottinette,2,5,9,weekend,1.0
2104,trottinette,2,5,9,weekday,4.7
2105,trottinette,2,5,10,weekend,1.0
2106,trottinette,2,5,10,weekday,1.7333333333333334
2107,trottinette,2,5,11,weekend,1.0
2108,trottinette,2,5,11,weekday,1.5555555555555556
2109,trottinette,2,5,12,weekend,1.2
2110,trottinette,2,5,12,weekday,1.6923076923076923
2111,trottinette,2,5,13,weekend,1.0
2112,trottinette,2,5,13,weekday,1.5
2113,trottinette,2,5,14,weekend,1.3333333333333333
2114,trottinette,2,5,14,weekday,1.375
2115,trottinette,2,5,15,weekend,1.0
2116,trottinette,2,5,15,weekday,1.2857142857142858
2117,trottinette,2,5,16,weekday,1.1666666666666667
2118,trottinette,2,5,17,weekend,1.0
2119,trottinette,2,5,17,weekday,1.2
2120,trottinette,2,5,18,weekend,1.0
2121,trottinette,2,5,18,weekday,1.0
2122,trottinette,2,5,19,weekday,2.0
2123,trottinette,2,5,20,weekday,1.0
2124,trottinette,2,5,21,weekday,1.0
2125,trottinette,2,6,0,weekday,1.0
2126,trottinette,2,6,1,weekday,1.0
2127,trottinette,2,6,3,weekday,1.0
2128,trottinette,2,6,7,weekday,1.4
2129,trottinette,2,6,8,weekend,1.4
2130,trottinette,2,6,8,weekday,2.7777777777777777
2131,trottinette,2,6,9,weekend,1.0
2132,trottinette,2,6,9,weekday,2.6315789473684212
2133,trottinette,2,6,10,weekend,2.0
2134,trottinette,2,6,10,weekday,1.6363636363636365
2135,trottinette,2,6,11,weekend,1.5
2136,trottinette,2,6,11,weekday,2.0
2137,trottinette,2,6,12,weekend,1.25
2138,trottinette,2,6,12,weekday,1.5
2139,trottinette,2,6,13,weekend,1.25
2140,trottinette,2,6,13,weekday,1.4444444444444444
2141,trottinette,2,6,14,weekend,1.2
2142,trottinette,2,6,14,weekday,1.0
2143,trottinette,2,6,15,weekend,1.0
2144,trottinette,2,6,15,weekday,1.5
2145,trottinette,2,6,16,weekend,1.25
2146,trottinette,2,6,16,weekday,1.3846153846153846
2147,trottinette,2,6,17,weekend,1.0
2148,trottinette,2,6,17,weekday,1.5
2149,trottinette,2,6,18,weekday,1.0
2150,trottinette,2,6,19,weekday,1.0
2151,trottinette,2,6,21,weekday,1.0
2152,trottinette,2,6,22,weekend,1.0
2153,trottinette,2,6,22,weekday,1.0
2154,trottinette,3,3,8,weekday,1.0
2155,trottinette,3,3,9,weekday,1.0
2156,trottinette,3,6,9,weekday,1.0
2157,trottinette,3,6,10,weekday,1.0
2158,trottinette,3,6,11,weekend,1.0
2159,trottinette,3,6,15,weekday,1.0
2160,trottinette,3,6,16,weekend,1.0
2161,trottinette,3,6,16,weekday,1.0
2162,trottinette,4,5,7,weekend,1.0
2163,trottinette,4,5,8,weekday,1.4166666666666667
2164,trottinette,4,5,9,weekday,1.875
2165,trottinette,4,5,10,weekend,1.0
2166,trottinette,4,5,10,weekday,1.0
2167,trottinette,4,5,11,weekday,1.0
2168,trottinette,4,5,12,weekday,1.0
2169,trottinette,4,5,13,weekday,1.0
2170,trottinette,4,5,14,weekday,1.0
2171,trottinette,4,5,15,weekend,1.0
2172,trottinette,4,5,15,weekday,1.3333333333333333
2173,trottinette,4,5,16,weekday,1.2
2174,trottinette,4,5,17,weekday,1.0
2175,trottinette,4,6,9,weekday,1.0
2176,trottinette,4,6,11,weekday,1.0
2177,trottinette,4,6,15,weekday,1.0
2178,trottinette,4,6,16,weekday,1.0
2179,trottinette,5,3,10,weekday,1.0
2180,trottinette,5,3,13,weekend,1.0
2181,trottinette,5,3,13,weekday,1.0
2182,trottinette,5,3,14,weekend,1.0
2183,trottinette,5,3,14,weekday,1.0
2184,trottinette,5,3,15,weekday,1.0
2185,trottinette,5,4,8,weekday,1.0
2186,trottinette,5,4,13,weekday,1.0
2187,trottinette,5,4,18,weekday,1.0
2188,trottinette,5,5,6,weekday,1.0
2189,trottinette,5,5,7,weekend,1.0
2190,trottinette,5,5,7,weekday,1.0
2191,trottinette,5,5,8,weekend,1.6
2192,trottinette,5,5,8,weekday,3.0555555555555554
2193,trottinette,5,5,9,weekend,1.0
2194,trottinette,5,5,9,weekday,3.8421052631578947
2195,trottinette,5,5,10,weekend,1.2
2196,trottinette,5,5,10,weekday,2.5294117647058822
2197,trottinette,5,5,11,weekend,2.0
2198,trottinette,5,5,11,weekday,1.7692307692307692
2199,trottinette,5,5,12,weekend,1.5
2200,trottinette,5,5,12,weekday,1.6
2201,trottinette,5,5,13,weekend,1.2
2202,trottinette,5,5,13,weekday,1.5555555555555556
2203,trottinette,5,5,14,weekend,1.6666666666666667
2204,trottinette,5,5,14,weekday,1.3333333333333333
2205,trottinette,5,5,15,weekend,1.0
2206,trottinette,5,5,15,weekday,1.8333333333333333
2207,trottinette,5,5,16,weekend,1.0
2208,trottinette,5,5,16,weekday,1.6153846153846154
2209,trottinette,5,5,17,weekday,2.0
2210,trottinette,5,5,18,weekday,1.0
2211,trottinette,5,5,22,weekday,1.0
2212,trottinette,5,5,23,weekday,1.0
2213,trottinette,5,6,3,weekend,1.0
2214,trottinette,5,6,7,weekday,1.0
2215,trottinette,5,6,8,weekend,1.0
2216,trottinette,5,6,8,weekday,1.5
2217,trottinette,5,6,9,weekend,1.0
2218,trottinette,5,6,9,weekday,1.8571428571428572
2219,trottinette,5,6,10,weekend,1.0
2220,trottinette,5,6,10,weekday,1.4
2221,trottinette,5,6,11,weekend,1.6666666666666667
2222,trottinette,5,6,11,weekday,1.0
2223,trottinette,5,6,12,weekend,2.0
2224,trottinette,5,6,12,weekday,1.2
2225,trottinette,5,6,13,weekend,1.0
2226,trottinette,5,6,13,weekday,1.1666666666666667
2227,trottinette,5,6,14,weekday,1.0
2228,trottinette,5,6,15,weekend,1.0
2229,trottinette,5,6,15,weekday,1.0
2230,trottinette,5,6,16,weekday,1.0
2231,trottinette,5,6,17,weekday,1.3333333333333333
2232,trottinette,5,6,21,weekday,1.0
2233,trottinette,6,4,8,weekday,1.0
2234,trottinette,6,4,9,weekday,1.0
2235,truck,1,1,0,weekday,1.0
2236,truck,1,1,1,weekend,1.0
2237,truck,1,1,2,weekday,1.0
2238,truck,1,1,3,weekday,1.0
2239,truck,1,1,4,weekday,1.0
2240,truck,1,1,5,weekend,1.0
2241,truck,1,1,5,weekday,1.0
2242,truck,1,1,6,weekday,1.75
2243,truck,1,1,7,weekend,2.3333333333333335
2244,truck,1,1,7,weekday,11.95
2245,truck,1,1,8,weekend,5.125
2246,truck,1,1,8,weekday,27.15
2247,truck,1,1,9,weekend,5.125
2248,truck,1,1,9,weekday,28.5
2249,truck,1,1,10,weekend,7.285714285714286
2250,truck,1,1,10,weekday,31.95
2251,truck,1,1,11,weekend,6.333333333333333
2252,truck,1,1,11,weekday,26.4
2253,truck,1,1,12,weekend,5.75
2254,truck,1,1,12,weekday,18.05
2255,truck,1,1,13,weekend,4.4
2256,truck,1,1,13,weekday,17.9
2257,truck,1,1,14,weekend,3.6666666666666665
2258,truck,1,1,14,weekday,14.75
2259,truck,1,1,15,weekend,2.7
2260,truck,1,1,15,weekday,14.85
2261,truck,1,1,16,weekend,2.75
2262,truck,1,1,16,weekday,8.8
2263,truck,1,1,17,weekend,1.5
2264,truck,1,1,17,weekday,4.625
2265,truck,1,1,18,weekend,1.0
2266,truck,1,1,18,weekday,1.3636363636363635
2267,truck,1,1,19,weekend,1.0
2268,truck,1,1,19,weekday,1.5
2269,truck,1,1,20,weekend,1.0
2270,truck,1,1,20,weekday,1.0
2271,truck,1,1,21,weekend,1.0
2272,truck,1,1,21,weekday,1.5
2273,truck,1,1,22,weekday,1.0
2274,truck,1,1,23,weekday,2.0
2275,truck,1,3,0,weekend,1.0
2276,truck,1,3,0,weekday,2.7142857142857144
2277,truck,1,3,1,weekend,1.0
2278,truck,1,3,1,weekday,1.0
2279,truck,1,3,2,weekend,1.0
2280,truck,1,3,2,weekday,1.0
2281,truck,1,3,3,weekend,2.5
2282,truck,1,3,3,weekday,1.2222222222222223
2283,truck,1,3,4,weekend,1.0
2284,truck,1,3,4,weekday,2.1666666666666665
2285,truck,1,3,5,weekend,1.3333333333333333
2286,truck,1,3,5,weekday,1.5384615384615385
2287,truck,1,3,6,weekend,1.0
2288,truck,1,3,6,weekday,2.5833333333333335
2289,truck,1,3,7,weekend,2.1666666666666665
2290,truck,1,3,7,weekday,7.166666666666667
2291,truck,1,3,8,weekend,5.3
2292,truck,1,3,8,weekday,12.7
2293,truck,1,3,9,weekend,5.888888888888889
2294,truck,1,3,9,weekday,13.5
2295,truck,1,3,10,weekend,12.2
2296,truck,1,3,10,weekday,21.85
2297,truck,1,3,11,weekend,5.333333333333333
2298,truck,1,3,11,weekday,19.7
2299,truck,1,3,12,weekend,2.4444444444444446
2300,truck,1,3,12,weekday,8.75
2301,truck,1,3,13,weekend,2.2857142857142856
2302,truck,1,3,13,weekday,7.65
2303,truck,1,3,14,weekend,1.2857142857142858
2304,truck,1,3,14,weekday,7.85
2305,truck,1,3,15,weekend,2.7142857142857144
2306,truck,1,3,15,weekday,7.6
2307,truck,1,3,16,weekend,3.4
2308,truck,1,3,16,weekday,7.65
2309,truck,1,3,17,weekend,1.6666666666666667
2310,truck,1,3,17,weekday,4.421052631578948
2311,truck,1,3,18,weekday,1.0
2312,truck,1,3,19,weekend,3.0
2313,truck,1,3,19,weekday,1.5
2314,truck,1,3,20,weekend,1.25
2315,truck,1,3,20,weekday,2.7777777777777777
2316,truck,1,3,21,weekend,2.0
2317,truck,1,3,21,weekday,2.7058823529411766
2318,truck,1,3,22,weekend,1.0
2319,truck,1,3,22,weekday,3.3684210526315788
2320,truck,1,3,23,weekend,1.0
2321,truck,1,3,23,weekday,2.8947368421052633
2322,truck,1,6,0,weekend,1.0
2323,truck,1,6,4,weekday,1.0
2324,truck,1,6,5,weekday,2.0
2325,truck,1,6,6,weekday,1.7272727272727273
2326,truck,1,6,7,weekend,1.0
2327,truck,1,6,7,weekday,3.611111111111111
2328,truck,1,6,8,weekend,1.0
2329,truck,1,6,8,weekday,5.684210526315789
2330,truck,1,6,9,weekend,2.3333333333333335
2331,truck,1,6,9,weekday,5.35
2332,truck,1,6,10,weekend,6.25
2333,truck,1,6,10,weekday,4.5
2334,truck,1,6,11,weekend,6.25
2335,truck,1,6,11,weekday,3.7222222222222223
2336,truck,1,6,12,weekend,2.3333333333333335
2337,truck,1,6,12,weekday,2.0
2338,truck,1,6,13,weekend,3.6666666666666665
2339,truck,1,6,13,weekday,2.6666666666666665
2340,truck,1,6,14,weekend,1.3333333333333333
2341,truck,1,6,14,weekday,1.8461538461538463
2342,truck,1,6,15,weekend,1.0
2343,truck,1,6,15,weekday,1.5454545454545454
2344,truck,1,6,16,weekend,1.6666666666666667
2345,truck,1,6,16,weekday,2.4444444444444446
2346,truck,1,6,17,weekend,1.0
2347,truck,1,6,17,weekday,3.3125
2348,truck,1,6,18,weekend,1.0
2349,truck,1,6,18,weekday,2.0
2350,truck,1,6,19,weekday,2.0
2351,truck,1,6,20,weekend,1.0
2352,truck,1,6,20,weekday,2.0
2353,truck,1,6,21,weekday,1.2
2354,truck,1,6,22,weekend,1.0
2355,truck,1,6,22,weekday,1.4
2356,truck,2,3,0,weekend,1.0
2357,truck,2,3,0,weekday,1.0
2358,truck,2,3,1,weekday,1.0
2359,truck,2,3,2,weekday,1.1818181818181819
2360,truck,2,3,3,weekend,1.0
2361,truck,2,3,3,weekday,1.1428571428571428
2362,truck,2,3,4,weekday,1.0
2363,truck,2,3,5,weekend,1.0
2364,truck,2,3,5,weekday,1.375
2365,truck,2,3,6,weekend,1.0
2366,truck,2,3,6,weekday,1.4166666666666667
2367,truck,2,3,7,weekend,1.75
2368,truck,2,3,7,weekday,3.5
2369,truck,2,3,8,weekend,3.0
2370,truck,2,3,8,weekday,7.45
2371,truck,2,3,9,weekend,3.0
2372,truck,2,3,9,weekday,9.25
2373,truck,2,3,10,weekend,2.2857142857142856
2374,truck,2,3,10,weekday,9.95
2375,truck,2,3,11,weekend,3.142857142857143
2376,truck,2,3,11,weekday,9.3
2377,truck,2,3,12,weekend,2.0
2378,truck,2,3,12,weekday,7.45
2379,truck,2,3,13,weekend,1.25
2380,truck,2,3,13,weekday,4.7
2381,truck,2,3,14,weekday,3.736842105263158
2382,truck,2,3,15,weekend,1.6666666666666667
2383,truck,2,3,15,weekday,3.1
2384,truck,2,3,16,weekend,1.0
2385,truck,2,3,16,weekday,2.176470588235294
2386,truck,2,3,17,weekend,2.0
2387,truck,2,3,17,weekday,3.1052631578947367
2388,truck,2,3,18,weekend,1.0
2389,truck,2,3,18,weekday,2.263157894736842
2390,truck,2,3,19,weekend,1.0
2391,truck,2,3,19,weekday,2.142857142857143
2392,truck,2,3,20,weekend,1.0
2393,truck,2,3,20,weekday,2.764705882352941
2394,truck,2,3,21,weekend,2.0
2395,truck,2,3,21,weekday,2.5
2396,truck,2,3,22,weekday,1.4
2397,truck,2,3,23,weekday,1.0
2398,truck,2,6,0,weekend,1.0
2399,truck,2,6,0,weekday,1.5833333333333333
2400,truck,2,6,1,weekend,1.0
2401,truck,2,6,1,weekday,1.1428571428571428
2402,truck,2,6,2,weekday,1.0
2403,truck,2,6,3,weekday,1.375
2404,truck,2,6,4,weekend,1.0
2405,truck,2,6,4,weekday,1.5
2406,truck,2,6,5,weekend,2.111111111111111
2407,truck,2,6,5,weekday,4.157894736842105
2408,truck,2,6,6,weekend,6.571428571428571
2409,truck,2,6,6,weekday,14.75
2410,truck,2,6,7,weekend,7.6
2411,truck,2,6,7,weekday,18.9
2412,truck,2,6,8,weekend,5.111111111111111
2413,truck,2,6,8,weekday,17.4
2414,truck,2,6,9,weekend,3.0
2415,truck,2,6,9,weekday,19.0
2416,truck,2,6,10,weekend,3.5
2417,truck,2,6,10,weekday,15.8
2418,truck,2,6,11,weekend,4.222222222222222
2419,truck,2,6,11,weekday,11.75
2420,truck,2,6,12,weekend,2.857142857142857
2421,truck,2,6,12,weekday,9.0
2422,truck,2,6,13,weekend,4.0
2423,truck,2,6,13,weekday,10.05
2424,truck,2,6,14,weekend,1.8
2425,truck,2,6,14,weekday,5.315789473684211
2426,truck,2,6,15,weekend,1.2
2427,truck,2,6,15,weekday,3.55
2428,truck,2,6,16,weekend,1.4285714285714286
2429,truck,2,6,16,weekday,4.7368421052631575
2430,truck,2,6,17,weekend,1.1428571428571428
2431,truck,2,6,17,weekday,3.9
2432,truck,2,6,18,weekend,2.8333333333333335
2433,truck,2,6,18,weekday,7.15
2434,truck,2,6,19,weekend,1.3333333333333333
2435,truck,2,6,19,weekday,3.4444444444444446
2436,truck,2,6,20,weekend,2.0
2437,truck,2,6,20,weekday,3.3684210526315788
2438,truck,2,6,21,weekend,1.4285714285714286
2439,truck,2,6,21,weekday,2.2666666666666666
2440,truck,2,6,22,weekend,1.8333333333333333
2441,truck,2,6,22,weekday,1.7857142857142858
2442,truck,2,6,23,weekend,1.0
2443,truck,2,6,23,weekday,2.0
2444,truck,3,1,0,weekday,1.0
2445,truck,3,1,1,weekend,1.0
2446,truck,3,1,1,weekday,1.6666666666666667
2447,truck,3,1,2,weekday,1.0
2448,truck,3,1,3,weekday,1.0
2449,truck,3,1,4,weekend,1.0
2450,truck,3,1,4,weekday,1.0
2451,truck,3,1,5,weekend,1.0
2452,truck,3,1,5,weekday,2.125
2453,truck,3,1,6,weekend,1.5
2454,truck,3,1,6,weekday,3.0
2455,truck,3,1,7,weekend,2.6666666666666665
2456,truck,3,1,7,weekday,9.68421052631579
2457,truck,3,1,8,weekend,2.875
2458,truck,3,1,8,weekday,18.1
2459,truck,3,1,9,weekend,3.625
2460,truck,3,1,9,weekday,21.6
2461,truck,3,1,10,weekend,4.142857142857143
2462,truck,3,1,10,weekday,21.5
2463,truck,3,1,11,weekend,4.666666666666667
2464,truck,3,1,11,weekday,17.55
2465,truck,3,1,12,weekend,2.5714285714285716
2466,truck,3,1,12,weekday,11.6
2467,truck,3,1,13,weekend,2.4444444444444446
2468,truck,3,1,13,weekday,9.85
2469,truck,3,1,14,weekend,1.875
2470,truck,3,1,14,weekday,8.7
2471,truck,3,1,15,weekend,2.0
2472,truck,3,1,15,weekday,8.45
2473,truck,3,1,16,weekend,1.4
2474,truck,3,1,16,weekday,4.0
2475,truck,3,1,17,weekend,1.6666666666666667
2476,truck,3,1,17,weekday,3.25
2477,truck,3,1,18,weekend,1.4
2478,truck,3,1,18,weekday,2.0
2479,truck,3,1,19,weekend,1.5
2480,truck,3,1,19,weekday,2.0
2481,truck,3,1,20,weekend,1.0
2482,truck,3,1,20,weekday,1.8461538461538463
2483,truck,3,1,21,weekday,1.4285714285714286
2484,truck,3,1,22,weekday,1.1428571428571428
2485,truck,3,1,23,weekday,1.0
2486,truck,3,3,0,weekend,1.5
2487,truck,3,3,0,weekday,1.25
2488,truck,3,3,1,weekend,1.0
2489,truck,3,3,1,weekday,1.0
2490,truck,3,3,2,weekend,1.0
2491,truck,3,3,3,weekday,1.0
2492,truck,3,3,4,weekday,1.125
2493,truck,3,3,5,weekday,1.6
2494,truck,3,3,6,weekend,1.0
2495,truck,3,3,6,weekday,1.5714285714285714
2496,truck,3,3,7,weekend,2.0
2497,truck,3,3,7,weekday,5.75
2498,truck,3,3,8,weekend,2.3333333333333335
2499,truck,3,3,8,weekday,7.05
2500,truck,3,3,9,weekend,4.5
2501,truck,3,3,9,weekday,8.65
2502,truck,3,3,10,weekend,6.5
2503,truck,3,3,10,weekday,12.65
2504,truck,3,3,11,weekend,4.555555555555555
2505,truck,3,3,11,weekday,16.35
2506,truck,3,3,12,weekend,3.5
2507,truck,3,3,12,weekday,11.7
2508,truck,3,3,13,weekend,2.3333333333333335
2509,truck,3,3,13,weekday,4.7368421052631575
2510,truck,3,3,14,weekend,1.625
2511,truck,3,3,14,weekday,4.4
2512,truck,3,3,15,weekend,3.375
2513,truck,3,3,15,weekday,2.8421052631578947
2514,truck,3,3,16,weekend,3.1
2515,truck,3,3,16,weekday,4.6
2516,truck,3,3,17,weekend,1.75
2517,truck,3,3,17,weekday,2.6842105263157894
2518,truck,3,3,18,weekend,2.0
2519,truck,3,3,18,weekday,1.5454545454545454
2520,truck,3,3,19,weekend,1.75
2521,truck,3,3,19,weekday,1.9333333333333333
2522,truck,3,3,20,weekend,1.0
2523,truck,3,3,20,weekday,1.9333333333333333
2524,truck,3,3,21,weekday,2.05
2525,truck,3,3,22,weekday,2.5454545454545454
2526,truck,3,3,23,weekday,1.3333333333333333
2527,truck,3,6,0,weekday,1.0
2528,truck,3,6,2,weekend,1.0
2529,truck,3,6,3,weekday,1.0
2530,truck,3,6,4,weekday,1.0
2531,truck,3,6,5,weekend,1.0
2532,truck,3,6,5,weekday,1.0
2533,truck,3,6,6,weekday,1.7142857142857142
2534,truck,3,6,7,weekend,1.0
2535,truck,3,6,7,weekday,1.6842105263157894
2536,truck,3,6,8,weekend,1.3333333333333333
2537,truck,3,6,8,weekday,3.4210526315789473
2538,truck,3,6,9,weekend,1.0
2539,truck,3,6,9,weekday,4.105263157894737
2540,truck,3,6,10,weekend,1.5
2541,truck,3,6,10,weekday,3.888888888888889
2542,truck,3,6,11,weekend,1.5
2543,truck,3,6,11,weekday,3.4444444444444446
2544,truck,3,6,12,weekend,1.0
2545,truck,3,6,12,weekday,1.5625
2546,truck,3,6,13,weekend,1.0
2547,truck,3,6,13,weekday,2.0714285714285716
2548,truck,3,6,14,weekend,1.0
2549,truck,3,6,14,weekday,1.6666666666666667
2550,truck,3,6,15,weekend,1.3333333333333333
2551,truck,3,6,15,weekday,1.3636363636363635
2552,truck,3,6,16,weekday,1.1666666666666667
2553,truck,3,6,17,weekday,1.0
2554,truck,3,6,18,weekday,1.5
2555,truck,3,6,19,weekend,1.0
2556,truck,3,6,19,weekday,1.0
2557,truck,3,6,21,weekday,1.0
2558,truck,3,6,22,weekday,1.0
2559,truck,3,6,23,weekday,1.0
2560,truck,4,6,7,weekend,1.0
2561,truck,5,3,0,weekday,1.0
2562,truck,5,3,6,weekday,1.0
2563,truck,5,3,7,weekday,1.0
2564,truck,5,3,8,weekday,1.0
2565,truck,5,3,9,weekday,1.0
2566,truck,5,3,10,weekday,1.0
2567,truck,5,3,11,weekday,1.0
2568,truck,5,3,12,weekend,1.0
2569,truck,5,3,12,weekday,1.0
2570,truck,5,3,13,weekend,1.0
2571,truck,5,3,13,weekday,1.0
2572,truck,5,3,16,weekday,1.0
2573,truck,5,3,17,weekday,1.0
2574,truck,5,3,18,weekday,1.0
2575,truck,5,3,19,weekday,1.0
2576,truck,5,3,20,weekday,1.0
2577,truck,5,3,21,weekday,1.0
2578,truck,5,6,6,weekday,1.0
2579,truck,5,6,7,weekday,1.0
2580,truck,5,6,8,weekday,1.0
2581,truck,5,6,9,weekday,1.5
2582,truck,5,6,10,weekend,1.0
2583,truck,5,6,10,weekday,1.0
2584,truck,5,6,11,weekday,1.0
2585,truck,5,6,13,weekday,1.0
2586,truck,5,6,14,weekday,1.0
2587,truck,5,6,16,weekday,1.0
2588,truck,5,6,17,weekday,1.0
2589,truck,5,6,20,weekday,1.0
2590,van,1,1,0,weekday,1.0
2591,van,1,1,4,weekday,1.0
2592,van,1,1,5,weekend,1.0
2593,van,1,1,6,weekend,1.0
2594,van,1,1,6,weekday,1.3333333333333333
2595,van,1,1,7,weekend,6.2
2596,van,1,1,7,weekday,22.1
2597,van,1,1,8,weekend,15.3
2598,van,1,1,8,weekday,60.25
2599,van,1,1,9,weekend,15.2
2600,van,1,1,9,weekday,50.25
2601,van,1,1,10,weekend,12.6
2602,van,1,1,10,weekday,51.4
2603,van,1,1,11,weekend,16.4
2604,van,1,1,11,weekday,54.55
2605,van,1,1,12,weekend,12.5
2606,van,1,1,12,weekday,43.15
2607,van,1,1,13,weekend,12.3
2608,van,1,1,13,weekday,50.3
2609,van,1,1,14,weekend,13.3
2610,van,1,1,14,weekday,46.5
2611,van,1,1,15,weekend,16.1
2612,van,1,1,15,weekday,54.8
2613,van,1,1,16,weekend,11.2
2614,van,1,1,16,weekday,45.65
2615,van,1,1,17,weekend,6.888888888888889
2616,van,1,1,17,weekday,19.05
2617,van,1,1,18,weekend,1.0
2618,van,1,1,18,weekday,1.4
2619,van,1,1,19,weekend,1.0
2620,van,1,1,19,weekday,1.4
2621,van,1,1,20,weekday,1.8
2622,van,1,1,21,weekend,1.0
2623,van,1,1,21,weekday,2.0
2624,van,1,1,23,weekend,1.0
2625,van,1,3,0,weekend,1.0
2626,van,1,3,0,weekday,1.4285714285714286
2627,van,1,3,1,weekend,1.0
2628,van,1,3,1,weekday,1.0
2629,van,1,3,2,weekend,1.0
2630,van,1,3,2,weekday,1.0
2631,van,1,3,3,weekend,2.0
2632,van,1,3,3,weekday,1.0
2633,van,1,3,4,weekend,1.0
2634,van,1,3,4,weekday,1.0
2635,van,1,3,5,weekend,1.5
2636,van,1,3,5,weekday,1.9411764705882353
2637,van,1,3,6,weekend,1.8
2638,van,1,3,6,weekday,4.315789473684211
2639,van,1,3,7,weekend,2.0
2640,van,1,3,7,weekday,10.0
2641,van,1,3,8,weekend,4.0
2642,van,1,3,8,weekday,12.5
2643,van,1,3,9,weekend,5.6
2644,van,1,3,9,weekday,14.85
2645,van,1,3,10,weekend,5.9
2646,van,1,3,10,weekday,18.2
2647,van,1,3,11,weekend,6.3
2648,van,1,3,11,weekday,16.55
2649,van,1,3,12,weekend,6.75
2650,van,1,3,12,weekday,12.85
2651,van,1,3,13,weekend,9.9
2652,van,1,3,13,weekday,16.3
2653,van,1,3,14,weekend,6.8
2654,van,1,3,14,weekday,16.05
2655,van,1,3,15,weekend,5.8
2656,van,1,3,15,weekday,17.35
2657,van,1,3,16,weekend,5.1
2658,van,1,3,16,weekday,15.6
2659,van,1,3,17,weekend,4.25
2660,van,1,3,17,weekday,8.1
2661,van,1,3,18,weekend,2.1
2662,van,1,3,18,weekday,3.5555555555555554
2663,van,1,3,19,weekend,2.0
2664,van,1,3,19,weekday,3.0625
2665,van,1,3,20,weekend,2.125
2666,van,1,3,20,weekday,2.25
2667,van,1,3,21,weekend,2.2
2668,van,1,3,21,weekday,1.5
2669,van,1,3,22,weekend,1.0
2670,van,1,3,22,weekday,1.1666666666666667
2671,van,1,3,23,weekend,1.3333333333333333
2672,van,1,3,23,weekday,1.3333333333333333
2673,van,1,6,0,weekday,1.0
2674,van,1,6,3,weekday,2.0
2675,van,1,6,6,weekday,1.125
2676,van,1,6,7,weekday,2.875
2677,van,1,6,8,weekend,3.0
2678,van,1,6,8,weekday,2.3333333333333335
2679,van,1,6,9,weekend,2.3333333333333335
2680,van,1,6,9,weekday,3.736842105263158
2681,van,1,6,10,weekend,1.25
2682,van,1,6,10,weekday,2.789473684210526
2683,van,1,6,11,weekend,1.25
2684,van,1,6,11,weekday,3.235294117647059
2685,van,1,6,12,weekend,1.25
2686,van,1,6,12,weekday,1.8125
2687,van,1,6,13,weekend,1.0
2688,van,1,6,13,weekday,1.9333333333333333
2689,van,1,6,14,weekend,1.5
2690,van,1,6,14,weekday,2.1176470588235294
2691,van,1,6,15,weekend,1.0
2692,van,1,6,15,weekday,2.3333333333333335
2693,van,1,6,16,weekend,1.3333333333333333
2694,van,1,6,16,weekday,2.5294117647058822
2695,van,1,6,17,weekend,1.4
2696,van,1,6,17,weekday,3.75
2697,van,1,6,18,weekend,1.0
2698,van,1,6,18,weekday,2.5714285714285716
2699,van,1,6,19,weekend,1.0
2700,van,1,6,19,weekday,2.0
2701,van,1,6,20,weekend,2.0
2702,van,1,6,20,weekday,1.1666666666666667
2703,van,1,6,21,weekday,1.0
2704,van,1,6,22,weekday,1.0
2705,van,2,3,0,weekend,1.0
2706,van,2,3,0,weekday,1.0
2707,van,2,3,2,weekday,1.0
2708,van,2,3,3,weekend,1.0
2709,van,2,3,3,weekday,1.0
2710,van,2,3,4,weekend,1.0
2711,van,2,3,4,weekday,1.0
2712,van,2,3,5,weekend,1.0
2713,van,2,3,5,weekday,1.1666666666666667
2714,van,2,3,6,weekend,1.0
2715,van,2,3,6,weekday,2.0
2716,van,2,3,7,weekend,1.5
2717,van,2,3,7,weekday,3.6
2718,van,2,3,8,weekend,1.4
2719,van,2,3,8,weekday,8.473684210526315
2720,van,2,3,9,weekend,1.8571428571428572
2721,van,2,3,9,weekday,8.578947368421053
2722,van,2,3,10,weekend,3.1666666666666665
2723,van,2,3,10,weekday,9.35
2724,van,2,3,11,weekend,3.0
2725,van,2,3,11,weekday,9.578947368421053
2726,van,2,3,12,weekend,3.5
2727,van,2,3,12,weekday,7.5
2728,van,2,3,13,weekend,2.7142857142857144
2729,van,2,3,13,weekday,6.7368421052631575
2730,van,2,3,14,weekend,2.4285714285714284
2731,van,2,3,14,weekday,6.526315789473684
2732,van,2,3,15,weekend,2.1666666666666665
2733,van,2,3,15,weekday,7.7
2734,van,2,3,16,weekend,2.125
2735,van,2,3,16,weekday,6.1
2736,van,2,3,17,weekend,1.6
2737,van,2,3,17,weekday,5.35
2738,van,2,3,18,weekend,1.5
2739,van,2,3,18,weekday,1.8
2740,van,2,3,19,weekend,1.0
2741,van,2,3,19,weekday,1.3
2742,van,2,3,20,weekend,1.0
2743,van,2,3,20,weekday,1.2222222222222223
2744,van,2,3,21,weekday,1.0
2745,van,2,3,22,weekday,1.0
2746,van,2,3,23,weekday,1.0
2747,van,2,6,0,weekend,1.2857142857142858
2748,van,2,6,0,weekday,1.75
2749,van,2,6,1,weekend,1.3333333333333333
2750,van,2,6,1,weekday,1.3076923076923077
2751,van,2,6,2,weekend,1.0
2752,van,2,6,2,weekday,1.3333333333333333
2753,van,2,6,3,weekend,1.0
2754,van,2,6,3,weekday,1.2857142857142858
2755,van,2,6,4,weekend,1.0
2756,van,2,6,4,weekday,1.6470588235294117
2757,van,2,6,5,weekend,1.75
2758,van,2,6,5,weekday,2.473684210526316
2759,van,2,6,6,weekend,2.5
2760,van,2,6,6,weekday,8.3
2761,van,2,6,7,weekend,5.875
2762,van,2,6,7,weekday,19.95
2763,van,2,6,8,weekend,6.777777777777778
2764,van,2,6,8,weekday,26.05
2765,van,2,6,9,weekend,7.9
2766,van,2,6,9,weekday,29.4
2767,van,2,6,10,weekend,9.1
2768,van,2,6,10,weekday,33.6
2769,van,2,6,11,weekend,8.6
2770,van,2,6,11,weekday,33.0
2771,van,2,6,12,weekend,9.3
2772,van,2,6,12,weekday,27.8
2773,van,2,6,13,weekend,8.7
2774,van,2,6,13,weekday,26.5
2775,van,2,6,14,weekend,5.5
2776,van,2,6,14,weekday,25.45
2777,van,2,6,15,weekend,6.5
2778,van,2,6,15,weekday,27.55
2779,van,2,6,16,weekend,8.1
2780,van,2,6,16,weekday,26.5
2781,van,2,6,17,weekend,4.4
2782,van,2,6,17,weekday,16.35
2783,van,2,6,18,weekend,2.7
2784,van,2,6,18,weekday,6.05
2785,van,2,6,19,weekend,3.3333333333333335
2786,van,2,6,19,weekday,5.65
2787,van,2,6,20,weekend,2.3
2788,van,2,6,20,weekday,3.8947368421052633
2789,van,2,6,21,weekend,1.6
2790,van,2,6,21,weekday,3.1052631578947367
2791,van,2,6,22,weekend,1.5714285714285714
2792,van,2,6,22,weekday,2.6666666666666665
2793,van,2,6,23,weekend,1.8
2794,van,2,6,23,weekday,1.6153846153846154
2795,van,3,1,5,weekend,1.0
2796,van,3,1,6,weekday,1.5
2797,van,3,1,7,weekend,2.0
2798,van,3,1,7,weekday,6.894736842105263
2799,van,3,1,8,weekend,2.5
2800,van,3,1,8,weekday,17.3
2801,van,3,1,9,weekend,3.125
2802,van,3,1,9,weekday,17.4
2803,van,3,1,10,weekend,2.2222222222222223
2804,van,3,1,10,weekday,15.25
2805,van,3,1,11,weekend,3.875
2806,van,3,1,11,weekday,14.65
2807,van,3,1,12,weekend,3.1
2808,van,3,1,12,weekday,11.9
2809,van,3,1,13,weekend,3.1
2810,van,3,1,13,weekday,11.75
2811,van,3,1,14,weekend,3.1
2812,van,3,1,14,weekday,10.2
2813,van,3,1,15,weekend,3.111111111111111
2814,van,3,1,15,weekday,11.55
2815,van,3,1,16,weekend,3.142857142857143
2816,van,3,1,16,weekday,9.6
2817,van,3,1,17,weekend,1.75
2818,van,3,1,17,weekday,5.2631578947368425
2819,van,3,1,18,weekday,1.7
2820,van,3,1,19,weekend,1.0
2821,van,3,1,19,weekday,1.5
2822,van,3,1,20,weekend,1.0
2823,van,3,1,20,weekday,1.0
2824,van,3,1,21,weekday,1.0
2825,van,3,1,22,weekday,1.0
2826,van,3,1,23,weekday,1.0
2827,van,3,3,0,weekend,1.0
2828,van,3,3,0,weekday,1.0
2829,van,3,3,1,weekend,2.0
2830,van,3,3,3,weekend,1.0
2831,van,3,3,3,weekday,1.3333333333333333
2832,van,3,3,4,weekday,1.0
2833,van,3,3,5,weekend,1.0
2834,van,3,3,5,weekday,1.0
2835,van,3,3,6,weekend,1.0
2836,van,3,3,6,weekday,1.3
2837,van,3,3,7,weekend,1.3333333333333333
2838,van,3,3,7,weekday,3.05
2839,van,3,3,8,weekend,1.0
2840,van,3,3,8,weekday,3.5789473684210527
2841,van,3,3,9,weekend,1.7777777777777777
2842,van,3,3,9,weekday,5.85
2843,van,3,3,10,weekend,3.8333333333333335
2844,van,3,3,10,weekday,9.05
2845,van,3,3,11,weekend,2.375
2846,van,3,3,11,weekday,7.5
2847,van,3,3,12,weekend,1.5714285714285714
2848,van,3,3,12,weekday,8.05
2849,van,3,3,13,weekend,1.8571428571428572
2850,van,3,3,13,weekday,5.526315789473684
2851,van,3,3,14,weekend,1.625
2852,van,3,3,14,weekday,3.7
2853,van,3,3,15,weekend,2.6666666666666665
2854,van,3,3,15,weekday,2.8
2855,van,3,3,16,weekend,2.1666666666666665
2856,van,3,3,16,weekday,2.888888888888889
2857,van,3,3,17,weekend,1.6666666666666667
2858,van,3,3,17,weekday,3.25
2859,van,3,3,18,weekend,1.375
2860,van,3,3,18,weekday,2.3529411764705883
2861,van,3,3,19,weekend,1.125
2862,van,3,3,19,weekday,1.7857142857142858
2863,van,3,3,20,weekend,1.2
2864,van,3,3,20,weekday,1.4166666666666667
2865,van,3,3,21,weekend,1.0
2866,van,3,3,21,weekday,1.3333333333333333
2867,van,3,3,22,weekend,2.0
2868,van,3,3,22,weekday,1.1428571428571428
2869,van,3,3,23,weekend,1.0
2870,van,3,3,23,weekday,1.0
2871,van,3,6,0,weekday,1.0
2872,van,3,6,1,weekend,1.0
2873,van,3,6,1,weekday,1.0
2874,van,3,6,2,weekday,1.0
2875,van,3,6,3,weekend,2.0
2876,van,3,6,3,weekday,1.1
2877,van,3,6,4,weekend,1.0
2878,van,3,6,5,weekday,1.3333333333333333
2879,van,3,6,6,weekend,1.3333333333333333
2880,van,3,6,6,weekday,1.6
2881,van,3,6,7,weekend,2.2
2882,van,3,6,7,weekday,5.157894736842105
2883,van,3,6,8,weekend,3.4
2884,van,3,6,8,weekday,4.894736842105263
2885,van,3,6,9,weekend,2.375
2886,van,3,6,9,weekday,7.473684210526316
2887,van,3,6,10,weekend,3.0
2888,van,3,6,10,weekday,7.05
2889,van,3,6,11,weekend,2.625
2890,van,3,6,11,weekday,5.65
2891,van,3,6,12,weekend,2.25
2892,van,3,6,12,weekday,5.65
2893,van,3,6,13,weekend,1.5
2894,van,3,6,13,weekday,3.9473684210526314
2895,van,3,6,14,weekend,2.3333333333333335
2896,van,3,6,14,weekday,4.25
2897,van,3,6,15,weekend,1.8333333333333333
2898,van,3,6,15,weekday,4.15
2899,van,3,6,16,weekend,1.8571428571428572
2900,van,3,6,16,weekday,3.888888888888889
2901,van,3,6,17,weekend,1.0
2902,van,3,6,17,weekday,2.5
2903,van,3,6,18,weekend,1.3333333333333333
2904,van,3,6,18,weekday,2.4166666666666665
2905,van,3,6,19,weekend,1.0
2906,van,3,6,19,weekday,1.3333333333333333
2907,van,3,6,20,weekday,1.0
2908,van,3,6,21,weekend,1.0
2909,van,3,6,21,weekday,1.1666666666666667
2910,van,3,6,22,weekend,1.0
2911,van,3,6,23,weekday,1.0
2912,van,5,3,5,weekday,1.0
2913,van,5,3,6,weekend,1.0
2914,van,5,3,7,weekend,1.0
2915,van,5,3,8,weekday,1.25
2916,van,5,3,9,weekend,1.0
2917,van,5,3,9,weekday,1.0
2918,van,5,3,10,weekday,1.0
2919,van,5,3,11,weekday,1.5
2920,van,5,3,12,weekday,1.0
2921,van,5,3,13,weekday,1.0
2922,van,5,3,14,weekend,1.0
2923,van,5,3,14,weekday,1.0
2924,van,5,3,15,weekday,1.0
2925,van,5,3,16,weekday,1.0
2926,van,5,3,17,weekday,1.25
2927,van,5,3,18,weekend,1.0
2928,van,5,3,18,weekday,1.4
2929,van,5,3,19,weekday,1.0
2930,van,5,3,20,weekend,1.0
2931,van,5,3,20,weekday,1.0
2932,van,5,3,23,weekend,1.0
2933,van,5,6,7,weekday,1.0
2934,van,5,6,8,weekday,1.0
2935,van,5,6,9,weekend,1.0
2936,van,5,6,9,weekday,1.0
2937,van,5,6,10,weekday,1.5
2938,van,5,6,11,weekday,1.0
2939,van,5,6,12,weekend,1.0
2940,van,5,6,12,weekday,1.25
2941,van,5,6,13,weekend,1.0
2942,van,5,6,13,weekday,1.0
2943,van,5,6,14,weekday,1.0
